match_id,side,formation,player_id,player_name,player_shortname,position,jersey_number,is_starter,country,rating,minutes_played,goals,assists,shots_on_target,shots_off_target,key_passes,accurate_passes,total_passes,pass_accuracy_pct,duels_won,duels_total,interceptions,yellow_cards,red_cards,expected_goals,expected_assists,match_date,tournament,home_team,home_team_id,away_team,away_team_id,home_score,away_score,result,rival,target_side,is_target_team,team,duels_lost,duels_won_pct,aerial_won,aerial_lost,aerial_total,aerial_won_pct,tackles_total,tackles_won,long_balls_total,long_balls_accurate,crosses_total,opp_half_passes,opp_half_passes_acc,ball_recoveries,clearances,possession_lost,total_shots,big_chances_missed,big_chances_created,hit_woodwork,touches,bad_touches,dispossessed,dribbles_attempted,dribbles_won,dribbles,dribble_distance_m,progressive_carries,fouls_committed,fouls_received,offsides,saves,keeper_save_value,shot_value,pass_value,dribble_value,defensive_value,goalkeeper_value,mins_per_shot,mins_per_shot_on_target,g_a_per90,passes_per90,recoveries_per90
16112839,home,4-2-3-1,125787,Camilo Vargas,C. Vargas,G,"12,0",True,Colombia,"6,4","74,0",0,0,0,0,0,"17,0","20,0","85,0",,,,0,0,,,2026-06-01 23:00:00,Int. Friendly Games,Colombia,4820,Costa Rica,4756,3,1,W,Costa Rica,home,True,Colombia,,,,,,,,,"6,0","3,0",,"3,0",,"4,0",,"3,0","0,0",,,,"23,0",,,,,"1,0","3,7","0,0",,,,"2,0","0,0637",,"0,03","0,0","-0,1","0,07",,,"0,0","20,7","4,9"
16112839,home,4-2-3-1,158583,Santiago Arias,S. Arias,D,"4,0",True,Colombia,"6,8","89,0",0,0,0,0,3,"42,0","48,0","87,5","3,0","6,0","1,0",0,0,,,2026-06-01 23:00:00,Int. Friendly Games,Colombia,4820,Costa Rica,4756,3,1,W,Costa Rica,home,True,Colombia,"3,0","50,0",,,,,"2,0","2,0","4,0","3,0","4,0","28,0","26,0","1,0","2,0","12,0","0,0",,,,"67,0",,"1,0",,,"7,0","44,1","0,0","2,0","1,0",,,,,"0,29","-0,16","-0,08",,,,"0,0","42,5","1,0"
16112839,home,4-2-3-1,566102,Davinson Sánchez,D. Sánchez,D,"6,0",True,Colombia,"7,7","45,0",1,0,1,0,0,"34,0","38,0","89,5","3,0","5,0",,0,0,,,2026-06-01 23:00:00,Int. Friendly Games,Colombia,4820,Costa Rica,4756,3,1,W,Costa Rica,home,True,Colombia,"2,0","60,0","1,0","1,0","2,0","50,0","1,0","1,0","3,0","1,0",,"23,0","20,0","1,0","3,0","4,0","1,0",,,,"46,0",,,,,"16,0","124,1","0,0",,"1,0",,,,"0,46","0,2","0,07","-0,02",,"45,0","45,0","2,0","68,0","2,0"
16112839,home,4-2-3-1,931705,Willer Ditta,W. Ditta,D,"4,0",True,Colombia,"7,4","74,0",0,0,0,2,0,"46,0","52,0","88,5","6,0","9,0",,0,0,,,2026-06-01 23:00:00,Int. Friendly Games,Colombia,4820,Costa Rica,4756,3,1,W,Costa Rica,home,True,Colombia,"3,0","66,7","6,0","1,0","7,0","85,7",,,"7,0","3,0",,"23,0","20,0","4,0","9,0","8,0","2,0",,,,"69,0","2,0",,,,"16,0","98,9","0,0","2,0",,,,,"-0,52","0,26","0,08","0,2",,"37,0",,"0,0","55,9","4,9"
16112839,home,4-2-3-1,344847,Johan Mojica,J. Mojica,D,"22,0",True,Colombia,"6,4","74,0",0,0,0,0,0,"28,0","30,0","93,3",,"1,0","1,0",0,0,,,2026-06-01 23:00:00,Int. Friendly Games,Colombia,4820,Costa Rica,4756,3,1,W,Costa Rica,home,True,Colombia,"1,0","0,0",,"1,0","1,0","0,0",,,"3,0","1,0","2,0","16,0","14,0","6,0","2,0","4,0","0,0",,,,"39,0",,,,,"5,0","25,2","0,0",,,,,,,"0,09","0,0","-0,16",,,,"0,0","34,1","7,3"
16112839,home,4-2-3-1,1015292,Richard Ríos,R. Ríos,M,"20,0",True,Colombia,"6,6","68,0",0,0,0,0,0,"25,0","29,0","86,2","6,0","13,0",,0,0,,,2026-06-01 23:00:00,Int. Friendly Games,Colombia,4820,Costa Rica,4756,3,1,W,Costa Rica,home,True,Colombia,"7,0","46,2","1,0",,"1,0","100,0","2,0","1,0","1,0","1,0","1,0","17,0","15,0","4,0",,"8,0","0,0",,,,"39,0","2,0",,"2,0","1,0","13,0","95,4","0,0","2,0","2,0",,,,,"0,18","0,02","-0,21",,,,"0,0","33,1","5,3"
16112839,home,4-2-3-1,1174889,Gustavo Puerta,G. Puerta,M,"19,0",True,Colombia,"6,7","68,0",0,0,1,0,0,"37,0","42,0","88,1","4,0","8,0","1,0",0,0,,,2026-06-01 23:00:00,Int. Friendly Games,Colombia,4820,Costa Rica,4756,3,1,W,Costa Rica,home,True,Colombia,"4,0","50,0",,"1,0","1,0","0,0","1,0","1,0","1,0","1,0","1,0","30,0","26,0","2,0","1,0","7,0","1,0",,,,"53,0",,"1,0","1,0","1,0","15,0","105,9","0,0","1,0","2,0",,,,"-0,02","0,01","0,03","-0,07",,"68,0","68,0","0,0","49,0","2,6"
16112839,home,4-2-3-1,1160386,Andrés Gómez,A. Gómez,M,"11,0",True,Colombia,"6,3","45,0",0,0,0,1,0,"9,0","12,0","75,0","2,0","6,0",,0,0,,,2026-06-01 23:00:00,Int. Friendly Games,Colombia,4820,Costa Rica,4756,3,1,W,Costa Rica,home,True,Colombia,"4,0","33,3",,,,,"2,0","2,0",,,,"9,0","6,0","2,0","1,0","5,0","1,0",,,,"18,0","1,0",,"1,0",,"5,0","69,4","2,0",,,,,,"-0,38","-0,17","0,16","-0,12",,"45,0",,"0,0","18,0","4,0"
16112839,home,4-2-3-1,590392,Jorge Carrascal,J. Carrascal,M,"15,0",True,Colombia,"6,6","45,0",0,1,0,1,1,"23,0","23,0","100,0","3,0","5,0",,0,0,,,2026-06-01 23:00:00,Int. Friendly Games,Colombia,4820,Costa Rica,4756,3,1,W,Costa Rica,home,True,Colombia,"2,0","60,0",,,,,"2,0","2,0",,,"2,0","12,0","12,0","2,0","1,0","2,0","1,0",,"1,0",,"34,0",,,"2,0","1,0","8,0","89,0","2,0",,,,,,"-0,3","0,18","0,08","-0,06",,"45,0",,"2,0","46,0","4,0"
16112839,home,4-2-3-1,883537,Luis Díaz,L. Díaz,M,"14,0",True,Colombia,"10,0","74,0",1,1,1,0,4,"25,0","28,0","89,3","6,0","11,0",,0,0,,,2026-06-01 23:00:00,Int. Friendly Games,Colombia,4820,Costa Rica,4756,3,1,W,Costa Rica,home,True,Colombia,"5,0","54,5",,,,,,,"3,0","3,0","3,0","25,0","22,0","4,0",,"9,0","1,0",,"1,0",,"46,0","2,0","2,0","3,0","3,0","15,0","156,6","3,0","1,0","3,0",,,,"0,46","1,0","0,63","-0,12",,"74,0","74,0","2,43","30,4","4,9"
16112839,home,4-2-3-1,887055,Cucho Hernández,C. Hernández,F,"19,0",True,Colombia,"6,4","45,0",0,0,1,0,1,"3,0","7,0","42,9",,"3,0",,0,0,,,2026-06-01 23:00:00,Int. Friendly Games,Colombia,4820,Costa Rica,4756,3,1,W,Costa Rica,home,True,Colombia,"3,0","0,0",,"1,0","1,0","0,0",,,,,"1,0","6,0","2,0","3,0",,"7,0","2,0",,,,"14,0","2,0","1,0",,,"5,0","42,2","1,0","1,0",,,,,"-0,21","0,14","0,26","0,0",,"22,5","45,0","0,0","6,0","6,0"
16112839,home,4-2-3-1,818481,Jhon Lucumí,J. Lucumí,D,"26,0",False,Colombia,"6,9","45,0",0,0,0,0,0,"21,0","22,0","95,5",,,,0,0,,,2026-06-01 23:00:00,Int. Friendly Games,Colombia,4820,Costa Rica,4756,3,1,W,Costa Rica,home,True,Colombia,,,,,,,,,"3,0","2,0",,"8,0","7,0",,"1,0","1,0","0,0",,,,"25,0",,,,,"10,0","93,9","1,0",,,,,,,"0,04","0,09","0,19",,,,"0,0","42,0","0,0"
16112839,home,4-2-3-1,107414,James Rodríguez,J. Rodríguez,M,"10,0",False,Colombia,"7,8","45,0",0,1,1,1,2,"48,0","52,0","92,3","4,0","6,0",,0,0,,,2026-06-01 23:00:00,Int. Friendly Games,Colombia,4820,Costa Rica,4756,3,1,W,Costa Rica,home,True,Colombia,"2,0","66,7","1,0",,"1,0","100,0","1,0",,"5,0","5,0","2,0","38,0","36,0","1,0",,"6,0","2,0",,"1,0",,"62,0",,,"2,0","1,0","17,0","117,8","0,0",,"1,0",,,,"-0,12","0,66","-0,23","-0,05",,"22,5","45,0","2,0","96,0","2,0"
16112839,home,4-2-3-1,844096,Jhon Arias,J. Arias,M,"11,0",False,Colombia,"6,3","45,0",0,0,0,0,0,"19,0","20,0","95,0","2,0","6,0",,0,0,,,2026-06-01 23:00:00,Int. Friendly Games,Colombia,4820,Costa Rica,4756,3,1,W,Costa Rica,home,True,Colombia,"4,0","33,3",,,,,"2,0","2,0",,,,"15,0","14,0","4,0",,"3,0","1,0",,,,"26,0",,"1,0","1,0",,"7,0","54,4","0,0","1,0",,,,,"-0,36","-0,21","0,01","-0,08",,"45,0",,"0,0","38,0","8,0"
16112839,home,4-2-3-1,914213,Luis Javier Suárez,L. J. Suárez ,F,"97,0",False,Colombia,"7,4","45,0",1,0,1,1,0,"6,0","9,0","66,7","1,0","2,0",,0,0,,,2026-06-01 23:00:00,Int. Friendly Games,Colombia,4820,Costa Rica,4756,3,1,W,Costa Rica,home,True,Colombia,"1,0","50,0",,"1,0","1,0","0,0",,,,,,"6,0","4,0",,,"4,0","2,0",,,,"13,0","1,0",,,,"3,0","23,6","0,0",,"1,0",,,,"0,43","0,0","0,14","-0,01",,"22,5","45,0","2,0","12,0","0,0"
16112839,home,4-2-3-1,1066915,Kevin Castaño,K. Castaño,M,"22,0",False,Colombia,"6,6","22,0",0,0,0,0,0,"23,0","24,0","95,8",,"2,0",,0,0,,,2026-06-01 23:00:00,Int. Friendly Games,Colombia,4820,Costa Rica,4756,3,1,W,Costa Rica,home,True,Colombia,"2,0","0,0",,,,,,,,,,"13,0","13,0","2,0",,"2,0","0,0",,,,"26,0",,"1,0",,,"11,0","73,2","0,0",,,,,,,"0,11","0,04","-0,04",,,,"0,0","94,1","8,2"
16112839,home,4-2-3-1,980580,Juan Portilla,J. Portilla,M,"27,0",False,Colombia,"6,7","22,0",0,0,0,0,0,"23,0","26,0","88,5","1,0","1,0",,0,0,,,2026-06-01 23:00:00,Int. Friendly Games,Colombia,4820,Costa Rica,4756,3,1,W,Costa Rica,home,True,Colombia,,"100,0",,,,,"1,0","1,0",,,,"9,0","9,0","1,0","2,0","4,0","0,0",,,,"30,0","1,0",,,,"3,0","19,7","0,0",,,,,,,"0,0","-0,03","-0,01",,,,"0,0","94,1","4,1"
16112839,home,4-2-3-1,33596,David Ospina,D. Ospina,G,"1,0",False,Colombia,"6,5","16,0",0,0,0,0,0,"5,0","6,0","83,3",,,,0,0,,,2026-06-01 23:00:00,Int. Friendly Games,Colombia,4820,Costa Rica,4756,3,1,W,Costa Rica,home,True,Colombia,,,,,,,,,"2,0","1,0",,"1,0",,"2,0","1,0","1,0","0,0",,,,"8,0",,,,,"4,0","20,4","0,0",,,,,,,"0,02","-0,01","-0,02",,,,"0,0","28,1","11,2"
16112839,home,4-2-3-1,360396,Yerry Mina,Y. Mina,D,"26,0",False,Colombia,"6,9","16,0",0,0,0,0,0,"16,0","17,0","94,1","2,0","2,0",,0,0,,,2026-06-01 23:00:00,Int. Friendly Games,Colombia,4820,Costa Rica,4756,3,1,W,Costa Rica,home,True,Colombia,,"100,0","2,0",,"2,0","100,0",,,,,,"4,0","4,0",,"1,0","1,0","0,0",,,,"18,0",,,,,"6,0","35,2","0,0",,,,,,,"0,04","0,04","0,0",,,,"0,0","90,0","0,0"
16112839,home,4-2-3-1,822110,Deiver Machado,D. Machado,D,"27,0",False,Colombia,"6,4","16,0",0,0,0,0,0,"11,0","12,0","91,7",,"3,0",,0,0,,,2026-06-01 23:00:00,Int. Friendly Games,Colombia,4820,Costa Rica,4756,3,1,W,Costa Rica,home,True,Colombia,"3,0","0,0",,,,,,,,,,"8,0","7,0","1,0",,"2,0","0,0",,,,"13,0",,,"1,0",,"4,0","19,6","0,0","1,0",,,,,,"-0,04","-0,32","-0,04",,,,"0,0","61,9","5,6"
16112839,home,4-2-3-1,221162,Juan Fernando Quintero,J. Quintero,M,"10,0",False,Colombia,"7,1","16,0",0,0,0,0,1,"24,0","27,0","88,9","3,0","3,0",,0,0,,,2026-06-01 23:00:00,Int. Friendly Games,Colombia,4820,Costa Rica,4756,3,1,W,Costa Rica,home,True,Colombia,,"100,0",,,,,,,"6,0","4,0",,"21,0","20,0",,,"5,0","0,0",,,,"32,0","2,0",,"2,0","2,0","8,0","51,8","0,0",,"1,0",,,,,"0,23","-0,07","-0,02",,,,"0,0","135,0","0,0"
16112839,home,4-2-3-1,870360,Daniel Muñoz,D. Muñoz,M,"2,0",False,Colombia,,"1,0",0,0,0,0,0,"2,0","3,0","66,7","1,0","2,0",,0,0,,,2026-06-01 23:00:00,Int. Friendly Games,Colombia,4820,Costa Rica,4756,3,1,W,Costa Rica,home,True,Colombia,"1,0","50,0",,,,,"1,0","1,0",,,"2,0","2,0","2,0",,,"4,0","0,0",,,,"8,0",,,,,"1,0","3,7","0,0","1,0",,,,,,,,,,,,"0,0","180,0","0,0"
16112839,home,4-2-3-1,926238,Álvaro Montero,Á. Montero,G,"12,0",False,Colombia,,,0,0,0,0,0,,,,,,,0,0,,,2026-06-01 23:00:00,Int. Friendly Games,Colombia,4820,Costa Rica,4756,3,1,W,Costa Rica,home,True,Colombia,,,,,,,,,,,,,,,,,"0,0",,,,,,,,,,,,,,,,,,,,,,,,,,
16112839,home,4-2-3-1,355796,Jefferson Lerma,J. Lerma,M,"8,0",False,Colombia,,,0,0,0,0,0,,,,,,,0,0,,,2026-06-01 23:00:00,Int. Friendly Games,Colombia,4820,Costa Rica,4756,3,1,W,Costa Rica,home,True,Colombia,,,,,,,,,,,,,,,,,"0,0",,,,,,,,,,,,,,,,,,,,,,,,,,
16112839,home,4-2-3-1,877299,Jaminton Campaz,Jaminton Campaz,M,"8,0",False,Colombia,,,0,0,0,0,0,,,,,,,0,0,,,2026-06-01 23:00:00,Int. Friendly Games,Colombia,4820,Costa Rica,4756,3,1,W,Costa Rica,home,True,Colombia,,,,,,,,,,,,,,,,,"0,0",,,,,,,,,,,,,,,,,,,,,,,,,,
16112839,home,4-2-3-1,281253,Jhon Córdoba,J. Córdoba,F,"9,0",False,Colombia,,,0,0,0,0,0,,,,,,,0,0,,,2026-06-01 23:00:00,Int. Friendly Games,Colombia,4820,Costa Rica,4756,3,1,W,Costa Rica,home,True,Colombia,,,,,,,,,,,,,,,,,"0,0",,,,,,,,,,,,,,,,,,,,,,,,,,
16112839,away,4-1-4-1,821628,Patrick Sequeira,P. Sequeira,G,"1,0",True,Costa Rica,"5,6","90,0",0,0,0,0,0,"5,0","17,0","29,4",,,,0,0,,,2026-06-01 23:00:00,Int. Friendly Games,Colombia,4820,Costa Rica,4756,3,1,W,Costa Rica,home,False,Colombia,,,,,,,,,,,,,,,,,"0,0",,,,,,,,,,,,,,,,,,,,,,,,"0,0","5,0","0,0"
16112839,away,4-1-4-1,1068902,Haxzel Quirós,H. Quirós,D,"5,0",True,Costa Rica,"5,8","61,0",0,0,0,0,0,"6,0","12,0","50,0","1,0",,,0,0,,,2026-06-01 23:00:00,Int. Friendly Games,Colombia,4820,Costa Rica,4756,3,1,W,Costa Rica,home,False,Colombia,,,,,,,,,,,,,,,,,"0,0",,,,,,,,,,,,,,,,,,,,,,,,"0,0","8,9","0,0"
16112839,away,4-1-4-1,1099285,Jeyland Mitchell,J. Mitchell,D,"2,0",True,Costa Rica,"6,2","90,0",0,0,0,0,0,"23,0","28,0","82,1","4,0",,,0,0,,,2026-06-01 23:00:00,Int. Friendly Games,Colombia,4820,Costa Rica,4756,3,1,W,Costa Rica,home,False,Colombia,,,,,,,,,,,,,,,,,"0,0",,,,,,,,,,,,,,,,,,,,,,,,"0,0","23,0","0,0"
16112839,away,4-1-4-1,905391,Fernán Faerron,F. Faerron,D,"3,0",True,Costa Rica,"5,7","90,0",0,0,0,0,2,"34,0","42,0","81,0",,,,0,0,,,2026-06-01 23:00:00,Int. Friendly Games,Colombia,4820,Costa Rica,4756,3,1,W,Costa Rica,home,False,Colombia,,,,,,,,,,,,,,,,,"0,0",,,,,,,,,,,,,,,,,,,,,,,,"0,0","34,0","0,0"
16112839,away,4-1-4-1,971279,Darril Araya,D. Araya,D,"16,0",True,Costa Rica,"6,4","90,0",0,0,0,0,0,"14,0","18,0","77,8","9,0",,,0,0,,,2026-06-01 23:00:00,Int. Friendly Games,Colombia,4820,Costa Rica,4756,3,1,W,Costa Rica,home,False,Colombia,,,,,,,,,,,,,,,,,"0,0",,,,,,,,,,,,,,,,,,,,,,,,"0,0","14,0","0,0"
16112839,away,4-1-4-1,971296,Aarón Salazar,A. Salazar,D,"24,0",True,Costa Rica,"6,4","90,0",0,0,0,0,0,"27,0","27,0","100,0","1,0",,"1,0",0,0,,,2026-06-01 23:00:00,Int. Friendly Games,Colombia,4820,Costa Rica,4756,3,1,W,Costa Rica,home,False,Colombia,,,,,,,,,,,,,,,,,"0,0",,,,,,,,,,,,,,,,,,,,,,,,"0,0","27,0","0,0"
16112839,away,4-1-4-1,1020202,Carlos Mora,C. Mora,D,"17,0",True,Costa Rica,"6,8","90,0",0,0,0,0,0,"14,0","16,0","87,5","8,0",,"1,0",0,0,,,2026-06-01 23:00:00,Int. Friendly Games,Colombia,4820,Costa Rica,4756,3,1,W,Costa Rica,home,False,Colombia,,,,,,,,,,,,,,,,,"0,0",,,,,,,,,,,,,,,,,,,,,,,,"0,0","14,0","0,0"
16112839,away,4-1-4-1,913078,Orlando Galo,O. Galo,M,"4,0",True,Costa Rica,"6,2","90,0",0,0,1,0,1,"17,0","24,0","70,8","3,0",,"1,0",0,0,,,2026-06-01 23:00:00,Int. Friendly Games,Colombia,4820,Costa Rica,4756,3,1,W,Costa Rica,home,False,Colombia,,,,,,,,,,,,,,,,,"1,0",,,,,,,,,,,,,,,,,,,,,,"90,0","90,0","0,0","17,0","0,0"
16112839,away,4-1-4-1,971340,Andrey Soto,A. Soto,M,"17,0",True,Costa Rica,"7,2","61,0",1,0,2,0,0,"8,0","9,0","88,9","6,0",,,0,0,,,2026-06-01 23:00:00,Int. Friendly Games,Colombia,4820,Costa Rica,4756,3,1,W,Costa Rica,home,False,Colombia,,,,,,,,,,,,,,,,,"2,0",,,,,,,,,,,,,,,,,,,,,,"30,5","30,5","1,48","11,8","0,0"
16112839,away,4-1-4-1,1131598,Josimar Alcócer,J. Alcócer,M,"77,0",True,Costa Rica,"7,7","83,0",0,1,0,0,3,"14,0","16,0","87,5","7,0",,,0,0,,,2026-06-01 23:00:00,Int. Friendly Games,Colombia,4820,Costa Rica,4756,3,1,W,Costa Rica,home,False,Colombia,,,,,,,,,,,,,,,,,"0,0",,,,,,,,,,,,,,,,,,,,,,,,"1,08","15,2","0,0"
16112839,away,4-1-4-1,993560,Manfred Ugalde,M. Ugalde,F,"9,0",True,Costa Rica,"6,4","77,0",0,0,1,2,1,"5,0","11,0","45,5","5,0",,,0,0,,,2026-06-01 23:00:00,Int. Friendly Games,Colombia,4820,Costa Rica,4756,3,1,W,Costa Rica,home,False,Colombia,,,,,,,,,,,,,,,,,"3,0",,,,,,,,,,,,,,,,,,,,,,"25,7","77,0","0,0","5,8","0,0"
16112839,away,4-1-4-1,881204,Cristopher Núñez,C. Núñez,M,"10,0",False,Costa Rica,"6,4","29,0",0,0,0,0,0,"10,0","10,0","100,0","1,0",,,0,0,,,2026-06-01 23:00:00,Int. Friendly Games,Colombia,4820,Costa Rica,4756,3,1,W,Costa Rica,home,False,Colombia,,,,,,,,,,,,,,,,,"0,0",,,,,,,,,,,,,,,,,,,,,,,,"0,0","31,0","0,0"
16112839,away,4-1-4-1,1015703,Álvaro Zamora,Á. Zamora,M,"32,0",False,Costa Rica,"6,3","29,0",0,0,0,0,0,"3,0","4,0","75,0","1,0",,,0,0,,,2026-06-01 23:00:00,Int. Friendly Games,Colombia,4820,Costa Rica,4756,3,1,W,Costa Rica,home,False,Colombia,,,,,,,,,,,,,,,,,"0,0",,,,,,,,,,,,,,,,,,,,,,,,"0,0","9,3","0,0"
16112839,away,4-1-4-1,1065346,Luis Flores,L. Flores,M,"15,0",False,Costa Rica,"6,5","13,0",0,0,0,0,0,"5,0","6,0","83,3","1,0",,,0,0,,,2026-06-01 23:00:00,Int. Friendly Games,Colombia,4820,Costa Rica,4756,3,1,W,Costa Rica,home,False,Colombia,,,,,,,,,,,,,,,,,"0,0",,,,,,,,,,,,,,,,,,,,,,,,"0,0","34,6","0,0"
16112839,away,4-1-4-1,1046114,Orlando Sinclair,O. Sinclair,F,"24,0",False,Costa Rica,"6,4","12,0",0,0,0,0,0,"3,0","3,0","100,0",,,,0,0,,,2026-06-01 23:00:00,Int. Friendly Games,Colombia,4820,Costa Rica,4756,3,1,W,Costa Rica,home,False,Colombia,,,,,,,,,,,,,,,,,"0,0",,,,,,,,,,,,,,,,,,,,,,,,"0,0","22,5","0,0"
16112839,away,4-1-4-1,1544985,Abraham Madriz,A. Madriz,G,"40,0",False,Costa Rica,,,0,0,0,0,0,,,,,,,0,0,,,2026-06-01 23:00:00,Int. Friendly Games,Colombia,4820,Costa Rica,4756,3,1,W,Costa Rica,home,False,Colombia,,,,,,,,,,,,,,,,,"0,0",,,,,,,,,,,,,,,,,,,,,,,,,,
16112839,away,4-1-4-1,1144133,Bayron Mora,B. Mora,G,"1,0",False,Costa Rica,,,0,0,0,0,0,,,,,,,0,0,,,2026-06-01 23:00:00,Int. Friendly Games,Colombia,4820,Costa Rica,4756,3,1,W,Costa Rica,home,False,Colombia,,,,,,,,,,,,,,,,,"0,0",,,,,,,,,,,,,,,,,,,,,,,,,,
16112839,away,4-1-4-1,1544971,Joseth Peraza,J. Peraza,D,"4,0",False,Costa Rica,,,0,0,0,0,0,,,,,,,0,0,,,2026-06-01 23:00:00,Int. Friendly Games,Colombia,4820,Costa Rica,4756,3,1,W,Costa Rica,home,False,Colombia,,,,,,,,,,,,,,,,,"0,0",,,,,,,,,,,,,,,,,,,,,,,,,,
16112839,away,4-1-4-1,1141769,Shawn Johnson,S. Johnson,D,"7,0",False,Costa Rica,,,0,0,0,0,0,,,,,,,0,0,,,2026-06-01 23:00:00,Int. Friendly Games,Colombia,4820,Costa Rica,4756,3,1,W,Costa Rica,home,False,Colombia,,,,,,,,,,,,,,,,,"0,0",,,,,,,,,,,,,,,,,,,,,,,,,,
16112839,away,4-1-4-1,1525550,Farbod Samadian,F. Samadian,D,"5,0",False,Costa Rica,,,0,0,0,0,0,,,,,,,0,0,,,2026-06-01 23:00:00,Int. Friendly Games,Colombia,4820,Costa Rica,4756,3,1,W,Costa Rica,home,False,Colombia,,,,,,,,,,,,,,,,,"0,0",,,,,,,,,,,,,,,,,,,,,,,,,,
16112839,away,4-1-4-1,1399787,John Ruiz,J. Ruiz,D,"42,0",False,Costa Rica,,,0,0,0,0,0,,,,,,,0,0,,,2026-06-01 23:00:00,Int. Friendly Games,Colombia,4820,Costa Rica,4756,3,1,W,Costa Rica,home,False,Colombia,,,,,,,,,,,,,,,,,"0,0",,,,,,,,,,,,,,,,,,,,,,,,,,
16112839,away,4-1-4-1,2611345,Gian Mauro Morera,G. M. Morera,M,,False,Costa Rica,,,0,0,0,0,0,,,,,,,0,0,,,2026-06-01 23:00:00,Int. Friendly Games,Colombia,4820,Costa Rica,4756,3,1,W,Costa Rica,home,False,Colombia,,,,,,,,,,,,,,,,,"0,0",,,,,,,,,,,,,,,,,,,,,,,,,,
16112839,away,4-1-4-1,1998496,Sebastián Padilla,S. Padilla,M,"31,0",False,Costa Rica,,,0,0,0,0,0,,,,,,,0,0,,,2026-06-01 23:00:00,Int. Friendly Games,Colombia,4820,Costa Rica,4756,3,1,W,Costa Rica,home,False,Colombia,,,,,,,,,,,,,,,,,"0,0",,,,,,,,,,,,,,,,,,,,,,,,,,
15655701,home,4-2-3-1,926238,Álvaro Montero,Á. Montero,G,"12,0",True,Colombia,"5,7","90,0",0,0,0,0,0,"12,0","18,0","66,7","1,0","2,0",,0,0,,,2026-03-29 19:00:00,Int. Friendly Games,Colombia,4820,France,4481,1,3,L,France,home,True,Colombia,"1,0","50,0",,,,,"1,0",,"8,0","2,0",,"5,0","1,0","3,0","1,0","8,0","0,0",,,,"26,0",,,,,"6,0","34,1","0,0",,,,"2,0","0,1341",,"0,0","-0,01","0,49","-1,0",,,"0,0","12,0","3,0"
15655701,home,4-2-3-1,870360,Daniel Muñoz,D. Muñoz,M,"2,0",True,Colombia,"5,7","90,0",0,0,0,1,0,"24,0","30,0","80,0","3,0","6,0","1,0",0,0,,,2026-03-29 19:00:00,Int. Friendly Games,Colombia,4820,France,4481,1,3,L,France,home,True,Colombia,"3,0","50,0",,"1,0","1,0","0,0","3,0","3,0","2,0",,"1,0","20,0","14,0","1,0","1,0","12,0","1,0",,,,"56,0","4,0","1,0",,,"7,0","80,3","1,0","1,0",,,,,"-0,51","-0,05","0,07","-0,49",,"90,0",,"0,0","24,0","1,0"
15655701,home,4-2-3-1,566102,Davinson Sánchez,D. Sánchez,D,"6,0",True,Colombia,"6,1","90,0",0,0,0,0,0,"33,0","44,0","75,0","3,0","4,0",,0,0,,,2026-03-29 19:00:00,Int. Friendly Games,Colombia,4820,France,4481,1,3,L,France,home,True,Colombia,"1,0","75,0",,,,,"1,0",,"7,0",,"1,0","11,0","5,0","7,0","4,0","14,0","0,0",,,,"57,0","1,0","1,0",,,"12,0","66,4","0,0",,"2,0",,,,,"-0,01","0,12","-0,3",,,,"0,0","33,0","7,0"
15655701,home,4-2-3-1,988037,Juan Cabal,J. Cabal,D,"32,0",True,Colombia,"5,8","90,0",0,0,0,0,0,"33,0","41,0","80,5","1,0","2,0","1,0",0,0,,,2026-03-29 19:00:00,Int. Friendly Games,Colombia,4820,France,4481,1,3,L,France,home,True,Colombia,"1,0","50,0",,,,,"1,0",,"8,0","2,0",,"16,0","9,0","2,0","1,0","8,0","0,0",,,,"44,0",,,,,"19,0","140,7","0,0",,,,,,,"0,05","0,02","-0,59",,,,"0,0","33,0","2,0"
15655701,home,4-2-3-1,344847,Johan Mojica,J. Mojica,D,"22,0",True,Colombia,"5,8","63,0",0,0,0,0,0,"20,0","25,0","80,0","1,0","4,0",,0,0,,,2026-03-29 19:00:00,Int. Friendly Games,Colombia,4820,France,4481,1,3,L,France,home,True,Colombia,"3,0","25,0",,,,,,,"3,0","1,0","3,0","13,0","8,0",,"1,0","11,0","0,0",,,,"44,0",,"2,0","1,0",,"6,0","95,8","2,0",,"1,0",,,,,"0,08","0,18","-0,53",,,,"0,0","28,6","0,0"
15655701,home,4-2-3-1,1015292,Richard Ríos,R. Ríos,M,"20,0",True,Colombia,"6,2","45,0",0,0,0,0,0,"11,0","16,0","68,8","2,0","6,0",,0,0,,,2026-03-29 19:00:00,Int. Friendly Games,Colombia,4820,France,4481,1,3,L,France,home,True,Colombia,"4,0","33,3",,,,,"1,0","1,0","1,0",,,"6,0","3,0","3,0","2,0","8,0","0,0",,,,"26,0",,"1,0",,,"3,0","16,6","0,0","2,0","1,0",,,,,"-0,02","0,01","-0,13",,,,"0,0","22,0","6,0"
15655701,home,4-2-3-1,355796,Jefferson Lerma,J. Lerma,M,"8,0",True,Colombia,"6,7","90,0",0,1,0,1,1,"38,0","43,0","88,4","3,0","7,0","2,0",0,0,,,2026-03-29 19:00:00,Int. Friendly Games,Colombia,4820,France,4481,1,3,L,France,home,True,Colombia,"4,0","42,9",,,,,"2,0","1,0","2,0","1,0",,"24,0","20,0","4,0",,"6,0","2,0",,"1,0",,"52,0",,,"1,0",,"10,0","93,9","1,0","3,0","1,0",,,,"-0,41","0,38","0,07","-0,12",,"45,0",,"1,0","38,0","4,0"
15655701,home,4-2-3-1,844096,Jhon Arias,J. Arias,M,"11,0",True,Colombia,"6,8","45,0",0,0,0,0,0,"7,0","10,0","70,0","4,0","6,0","1,0",0,0,,,2026-03-29 19:00:00,Int. Friendly Games,Colombia,4820,France,4481,1,3,L,France,home,True,Colombia,"2,0","66,7",,,,,"2,0","1,0",,,"2,0","4,0","3,0","5,0","2,0","5,0","0,0",,,,"24,0",,,"2,0","1,0","6,0","112,9","2,0","1,0","1,0",,,,,"0,06","0,3","-0,05",,,,"0,0","14,0","10,0"
15655701,home,4-2-3-1,107414,James Rodríguez,J. Rodríguez,M,"10,0",True,Colombia,"6,4","63,0",0,0,1,0,1,"22,0","24,0","91,7","1,0","3,0","1,0",0,0,,,2026-03-29 19:00:00,Int. Friendly Games,Colombia,4820,France,4481,1,3,L,France,home,True,Colombia,"2,0","33,3",,,,,"1,0","1,0","1,0","1,0","4,0","16,0","15,0","2,0",,"8,0","2,0",,,,"38,0","2,0",,,,"9,0","55,4","1,0",,,"1,0",,,"-0,24","0,26","0,12","-0,27",,"31,5","63,0","0,0","31,4","2,9"
15655701,home,4-2-3-1,883537,Luis Díaz,L. Díaz,M,"14,0",True,Colombia,"6,3","63,0",0,0,0,1,2,"12,0","13,0","92,3","5,0","14,0",,0,0,,,2026-03-29 19:00:00,Int. Friendly Games,Colombia,4820,France,4481,1,3,L,France,home,True,Colombia,"9,0","35,7","1,0",,"1,0","100,0","1,0",,,,,"8,0","7,0","1,0",,"13,0","2,0",,,,"34,0","5,0","5,0","3,0","2,0","8,0","128,6","3,0","2,0","1,0","1,0",,,"-0,03","0,17","0,3","-0,26",,"31,5",,"0,0","17,1","1,4"
15655701,home,4-2-3-1,914213,Luis Javier Suárez,L. J. Suárez ,F,"97,0",True,Colombia,"6,5","45,0",0,0,0,0,1,"9,0","9,0","100,0","1,0","4,0",,0,0,,,2026-03-29 19:00:00,Int. Friendly Games,Colombia,4820,France,4481,1,3,L,France,home,True,Colombia,"3,0","25,0",,"1,0","1,0","0,0",,,,,,"4,0","4,0",,,"1,0","0,0",,,,"13,0","1,0",,"1,0","1,0","1,0","15,0","1,0",,,,,,,"0,01","0,08","-0,09",,,,"0,0","18,0","0,0"
15655701,home,4-2-3-1,1160386,Andrés Gómez,A. Gómez,M,"11,0",False,Colombia,"7,1","45,0",0,0,0,0,1,"15,0","18,0","83,3","5,0","11,0",,0,0,,,2026-03-29 19:00:00,Int. Friendly Games,Colombia,4820,France,4481,1,3,L,France,home,True,Colombia,"6,0","45,5",,,,,"1,0","1,0",,,,"14,0","11,0","2,0",,"9,0","0,0",,,,"32,0","2,0","1,0","6,0","3,0","10,0","109,5","0,0",,"1,0",,,,,"0,28","0,26","-0,02",,,,"0,0","30,0","4,0"
15655701,home,4-2-3-1,1174889,Gustavo Puerta,G. Puerta,M,"19,0",False,Colombia,"6,5","45,0",0,0,0,0,0,"23,0","27,0","85,2","4,0","8,0","1,0",0,0,,,2026-03-29 19:00:00,Int. Friendly Games,Colombia,4820,France,4481,1,3,L,France,home,True,Colombia,"4,0","50,0",,,,,"2,0","1,0","1,0",,,"15,0","13,0","5,0",,"6,0","1,0",,,,"38,0",,"1,0","1,0",,"14,0","129,0","0,0","2,0","2,0",,,,"-0,01","0,02","-0,52","-0,03",,"45,0",,"0,0","46,0","10,0"
15655701,home,4-2-3-1,281253,Jhon Córdoba,J. Córdoba,F,"9,0",False,Colombia,"6,9","45,0",0,0,2,0,0,"4,0","5,0","80,0","3,0","5,0",,0,0,,,2026-03-29 19:00:00,Int. Friendly Games,Colombia,4820,France,4481,1,3,L,France,home,True,Colombia,"2,0","60,0",,,,,,,,,,"4,0","3,0","1,0",,"3,0","3,0",,,,"14,0","1,0","1,0",,,"6,0","83,1","2,0","1,0","3,0",,,,"0,06","0,05","0,26","0,0",,"15,0","22,5","0,0","8,0","2,0"
15655701,home,4-2-3-1,822110,Deiver Machado,D. Machado,D,"27,0",False,Colombia,"6,9","27,0",0,0,0,0,0,"9,0","11,0","81,8","2,0","3,0",,0,0,,,2026-03-29 19:00:00,Int. Friendly Games,Colombia,4820,France,4481,1,3,L,France,home,True,Colombia,"1,0","66,7",,,,,,,"1,0",,,"6,0","5,0","1,0","1,0","5,0","0,0",,,,"23,0","2,0",,"2,0","1,0","4,0","23,5","0,0",,"1,0",,,,,"0,13","-0,1","0,24",,,,"0,0","30,0","3,3"
15655701,home,4-2-3-1,877299,Jaminton Campaz,Jaminton Campaz,M,"8,0",False,Colombia,"7,4","27,0",1,0,2,0,0,"7,0","8,0","87,5",,"2,0","1,0",0,0,,,2026-03-29 19:00:00,Int. Friendly Games,Colombia,4820,France,4481,1,3,L,France,home,True,Colombia,"2,0","0,0",,,,,,,,,"4,0","7,0","6,0",,,"5,0","2,0",,,,"18,0",,,,,"4,0","31,3","0,0","1,0",,,,,"0,5","-0,06","0,01","-0,05",,"13,5","13,5","3,33","23,3","0,0"
15655701,home,4-2-3-1,221162,Juan Fernando Quintero,J. Quintero,M,"10,0",False,Colombia,"7,0","27,0",0,0,0,0,3,"29,0","31,0","93,5",,"1,0",,0,0,,,2026-03-29 19:00:00,Int. Friendly Games,Colombia,4820,France,4481,1,3,L,France,home,True,Colombia,"1,0","0,0",,,,,,,"5,0","3,0","9,0","24,0","22,0","1,0",,"11,0","0,0",,,,"42,0",,,"1,0",,"9,0","56,7","0,0",,,,,,,"0,38","-0,05","-0,03",,,,"0,0","96,7","3,3"
15655701,home,4-2-3-1,125787,Camilo Vargas,C. Vargas,G,"12,0",False,Colombia,,,0,0,0,0,0,,,,,,,0,0,,,2026-03-29 19:00:00,Int. Friendly Games,Colombia,4820,France,4481,1,3,L,France,home,True,Colombia,,,,,,,,,,,,,,,,,"0,0",,,,,,,,,,,,,,,,,,,,,,,,,,
15655701,home,4-2-3-1,33596,David Ospina,D. Ospina,G,"1,0",False,Colombia,,,0,0,0,0,0,,,,,,,0,0,,,2026-03-29 19:00:00,Int. Friendly Games,Colombia,4820,France,4481,1,3,L,France,home,True,Colombia,,,,,,,,,,,,,,,,,"0,0",,,,,,,,,,,,,,,,,,,,,,,,,,
15655701,home,4-2-3-1,818481,Jhon Lucumí,J. Lucumí,D,"26,0",False,Colombia,,,0,0,0,0,0,,,,,,,0,0,,,2026-03-29 19:00:00,Int. Friendly Games,Colombia,4820,France,4481,1,3,L,France,home,True,Colombia,,,,,,,,,,,,,,,,,"0,0",,,,,,,,,,,,,,,,,,,,,,,,,,
15655701,home,4-2-3-1,158583,Santiago Arias,S. Arias,D,"4,0",False,Colombia,,,0,0,0,0,0,,,,,,,0,0,,,2026-03-29 19:00:00,Int. Friendly Games,Colombia,4820,France,4481,1,3,L,France,home,True,Colombia,,,,,,,,,,,,,,,,,"0,0",,,,,,,,,,,,,,,,,,,,,,,,,,
15655701,home,4-2-3-1,1014835,Yerson Mosquera,Y. Mosquera,D,"15,0",False,Colombia,,,0,0,0,0,0,,,,,,,0,0,,,2026-03-29 19:00:00,Int. Friendly Games,Colombia,4820,France,4481,1,3,L,France,home,True,Colombia,,,,,,,,,,,,,,,,,"0,0",,,,,,,,,,,,,,,,,,,,,,,,,,
15655701,home,4-2-3-1,590392,Jorge Carrascal,J. Carrascal,M,"15,0",False,Colombia,,,0,0,0,0,0,,,,,,,0,0,,,2026-03-29 19:00:00,Int. Friendly Games,Colombia,4820,France,4481,1,3,L,France,home,True,Colombia,,,,,,,,,,,,,,,,,"0,0",,,,,,,,,,,,,,,,,,,,,,,,,,
15655701,home,4-2-3-1,1066915,Kevin Castaño,K. Castaño,M,"22,0",False,Colombia,,,0,0,0,0,0,,,,,,,0,0,,,2026-03-29 19:00:00,Int. Friendly Games,Colombia,4820,France,4481,1,3,L,France,home,True,Colombia,,,,,,,,,,,,,,,,,"0,0",,,,,,,,,,,,,,,,,,,,,,,,,,
15655701,home,4-2-3-1,560116,Rafael Borré,R. Borré,F,"19,0",False,Colombia,,,0,0,0,0,0,,,,,,,0,0,,,2026-03-29 19:00:00,Int. Friendly Games,Colombia,4820,France,4481,1,3,L,France,home,True,Colombia,,,,,,,,,,,,,,,,,"0,0",,,,,,,,,,,,,,,,,,,,,,,,,,
15655701,home,4-2-3-1,925125,Johan Carbonero,J. Carbonero,F,"7,0",False,Colombia,,,0,0,0,0,0,,,,,,,0,0,,,2026-03-29 19:00:00,Int. Friendly Games,Colombia,4820,France,4481,1,3,L,France,home,True,Colombia,,,,,,,,,,,,,,,,,"0,0",,,,,,,,,,,,,,,,,,,,,,,,,,
15655701,away,4-2-3-1,164055,Brice Samba,B. Samba,G,"30,0",True,France,"7,7","90,0",0,0,0,0,0,"23,0","27,0","85,2","1,0",,,0,0,,,2026-03-29 19:00:00,Int. Friendly Games,Colombia,4820,France,4481,1,3,L,France,home,False,Colombia,,,,,,,,,,,,,,,,,"0,0",,,,,,,,,,,,,,,,,,,,,,,,"0,0","23,0","0,0"
15655701,away,4-2-3-1,965330,Pierre Kalulu,P. Kalulu,D,"15,0",True,France,"6,7","90,0",0,0,0,0,0,"26,0","35,0","74,3","3,0",,"4,0",0,0,,,2026-03-29 19:00:00,Int. Friendly Games,Colombia,4820,France,4481,1,3,L,France,home,False,Colombia,,,,,,,,,,,,,,,,,"0,0",,,,,,,,,,,,,,,,,,,,,,,,"0,0","26,0","0,0"
15655701,away,4-2-3-1,879674,Maxence Lacroix,M. Lacroix,D,"5,0",True,France,"7,3","90,0",0,0,0,0,0,"42,0","45,0","93,3","5,0",,"1,0",0,0,,,2026-03-29 19:00:00,Int. Friendly Games,Colombia,4820,France,4481,1,3,L,France,home,False,Colombia,,,,,,,,,,,,,,,,,"0,0",,,,,,,,,,,,,,,,,,,,,,,,"0,0","42,0","0,0"
15655701,away,4-2-3-1,352370,Lucas Hernández,L. Hernández,D,"21,0",True,France,"6,9","90,0",0,0,0,0,0,"51,0","57,0","89,5","3,0",,"1,0",0,0,,,2026-03-29 19:00:00,Int. Friendly Games,Colombia,4820,France,4481,1,3,L,France,home,False,Colombia,,,,,,,,,,,,,,,,,"0,0",,,,,,,,,,,,,,,,,,,,,,,,"0,0","51,0","0,0"
15655701,away,4-2-3-1,96538,Lucas Digne,L. Digne,D,"12,0",True,France,"6,2","90,0",0,0,0,0,1,"35,0","46,0","76,1","3,0",,"2,0",0,0,,,2026-03-29 19:00:00,Int. Friendly Games,Colombia,4820,France,4481,1,3,L,France,home,False,Colombia,,,,,,,,,,,,,,,,,"0,0",,,,,,,,,,,,,,,,,,,,,,,,"0,0","35,0","0,0"
15655701,away,4-2-3-1,234148,N'Golo Kanté,N. Kanté,M,"7,0",True,France,"7,2","90,0",0,0,0,0,1,"52,0","58,0","89,7","6,0",,"1,0",0,0,,,2026-03-29 19:00:00,Int. Friendly Games,Colombia,4820,France,4481,1,3,L,France,home,False,Colombia,,,,,,,,,,,,,,,,,"0,0",,,,,,,,,,,,,,,,,,,,,,,,"0,0","52,0","0,0"
15655701,away,4-2-3-1,1142672,Warren Zaïre-Emery,W. Zaïre-Emery,M,"33,0",True,France,"6,6","64,0",0,0,0,1,0,"31,0","36,0","86,1","2,0",,,0,0,,,2026-03-29 19:00:00,Int. Friendly Games,Colombia,4820,France,4481,1,3,L,France,home,False,Colombia,,,,,,,,,,,,,,,,,"1,0",,,,,,,,,,,,,,,,,,,,,,"64,0",,"0,0","43,6","0,0"
15655701,away,4-2-3-1,1130939,Maghnes Akliouche,M. Akliouche,M,"11,0",True,France,"7,5","63,0",0,1,0,1,1,"29,0","30,0","96,7","3,0",,,0,0,,,2026-03-29 19:00:00,Int. Friendly Games,Colombia,4820,France,4481,1,3,L,France,home,False,Colombia,,,,,,,,,,,,,,,,,"1,0",,,,,,,,,,,,,,,,,,,,,,"63,0",,"1,43","41,4","0,0"
15655701,away,4-2-3-1,979128,Rayan Cherki,R. Cherki,M,"10,0",True,France,"7,3","78,0",0,0,0,0,3,"45,0","50,0","90,0","8,0",,,0,0,,,2026-03-29 19:00:00,Int. Friendly Games,Colombia,4820,France,4481,1,3,L,France,home,False,Colombia,,,,,,,,,,,,,,,,,"0,0",,,,,,,,,,,,,,,,,,,,,,,,"0,0","51,9","0,0"
15655701,away,4-2-3-1,1154605,Désiré Doué,D. Doué,F,"14,0",True,France,"8,5","63,0",2,0,3,0,0,"20,0","22,0","90,9","3,0",,,0,0,,,2026-03-29 19:00:00,Int. Friendly Games,Colombia,4820,France,4481,1,3,L,France,home,False,Colombia,,,,,,,,,,,,,,,,,"3,0",,,,,,,,,,,,,,,,,,,,,,"21,0","21,0","2,86","28,6","0,0"
15655701,away,4-2-3-1,791702,Marcus Thuram,M. Thuram,F,"9,0",True,France,"7,3","78,0",1,1,1,0,1,"9,0","12,0","75,0","2,0",,,0,0,,,2026-03-29 19:00:00,Int. Friendly Games,Colombia,4820,France,4481,1,3,L,France,home,False,Colombia,,,,,,,,,,,,,,,,,"1,0",,,,,,,,,,,,,,,,,,,,,,"78,0","78,0","2,31","10,4","0,0"
15655701,away,4-2-3-1,871706,Randal Kolo Muani,R. Kolo Muani,F,"39,0",False,France,"6,5","27,0",0,0,0,0,1,"6,0","6,0","100,0","1,0",,,0,0,,,2026-03-29 19:00:00,Int. Friendly Games,Colombia,4820,France,4481,1,3,L,France,home,False,Colombia,,,,,,,,,,,,,,,,,"0,0",,,,,,,,,,,,,,,,,,,,,,,,"0,0","20,0","0,0"
15655701,away,4-2-3-1,1048422,Hugo Ekitiké,H. Ekitiké,F,"22,0",False,France,"6,9","27,0",0,0,1,1,0,"8,0","9,0","88,9","2,0",,,0,0,,,2026-03-29 19:00:00,Int. Friendly Games,Colombia,4820,France,4481,1,3,L,France,home,False,Colombia,,,,,,,,,,,,,,,,,"2,0",,,,,,,,,,,,,,,,,,,,,,"13,5","27,0","0,0","26,7","0,0"
15655701,away,4-2-3-1,973887,Eduardo Camavinga,E. Camavinga,M,"6,0",False,France,"6,6","26,0",0,0,0,0,1,"16,0","18,0","88,9","2,0",,,0,0,,,2026-03-29 19:00:00,Int. Friendly Games,Colombia,4820,France,4481,1,3,L,France,home,False,Colombia,,,,,,,,,,,,,,,,,"0,0",,,,,,,,,,,,,,,,,,,,,,,,"0,0","55,4","0,0"
15655701,away,4-2-3-1,978838,Michael Olise,M. Olise,M,"17,0",False,France,"7,0","12,0",0,0,0,0,0,"9,0","9,0","100,0","4,0",,,0,0,,,2026-03-29 19:00:00,Int. Friendly Games,Colombia,4820,France,4481,1,3,L,France,home,False,Colombia,,,,,,,,,,,,,,,,,"0,0",,,,,,,,,,,,,,,,,,,,,,,,"0,0","67,5","0,0"
15655701,away,4-2-3-1,826643,Kylian Mbappé,K. Mbappé,F,"10,0",False,France,"6,5","12,0",0,0,0,1,0,"6,0","8,0","75,0","1,0",,,0,0,,,2026-03-29 19:00:00,Int. Friendly Games,Colombia,4820,France,4481,1,3,L,France,home,False,Colombia,,,,,,,,,,,,,,,,,"1,0",,,,,,,,,,,,,,,,,,,,,,"12,0",,"0,0","45,0","0,0"
15655701,away,4-2-3-1,996953,Lucas Chevalier,L. Chevalier,G,"30,0",False,France,,,0,0,0,0,0,,,,,,,0,0,,,2026-03-29 19:00:00,Int. Friendly Games,Colombia,4820,France,4481,1,3,L,France,home,False,Colombia,,,,,,,,,,,,,,,,,"0,0",,,,,,,,,,,,,,,,,,,,,,,,,,
15655701,away,4-2-3-1,191210,Mike Maignan,M. Maignan,G,"16,0",False,France,,,0,0,0,0,0,,,,,,,0,0,,,2026-03-29 19:00:00,Int. Friendly Games,Colombia,4820,France,4481,1,3,L,France,home,False,Colombia,,,,,,,,,,,,,,,,,"0,0",,,,,,,,,,,,,,,,,,,,,,,,,,
15655701,away,4-2-3-1,826215,Ibrahima Konaté,I. Konaté,D,"5,0",False,France,,,0,0,0,0,0,,,,,,,0,0,,,2026-03-29 19:00:00,Int. Friendly Games,Colombia,4820,France,4481,1,3,L,France,home,False,Colombia,,,,,,,,,,,,,,,,,"0,0",,,,,,,,,,,,,,,,,,,,,,,,,,
15655701,away,4-2-3-1,788027,Theo Hernández,T. Hernández,D,"19,0",False,France,,,0,0,0,0,0,,,,,,,0,0,,,2026-03-29 19:00:00,Int. Friendly Games,Colombia,4820,France,4481,1,3,L,France,home,False,Colombia,,,,,,,,,,,,,,,,,"0,0",,,,,,,,,,,,,,,,,,,,,,,,,,
15655701,away,4-2-3-1,996958,Malo Gusto,M. Gusto,D,"27,0",False,France,,,0,0,0,0,0,,,,,,,0,0,,,2026-03-29 19:00:00,Int. Friendly Games,Colombia,4820,France,4481,1,3,L,France,home,False,Colombia,,,,,,,,,,,,,,,,,"0,0",,,,,,,,,,,,,,,,,,,,,,,,,,
15655701,away,4-2-3-1,859025,Aurélien Tchouaméni,A. Tchouaméni,M,"14,0",False,France,,,0,0,0,0,0,,,,,,,0,0,,,2026-03-29 19:00:00,Int. Friendly Games,Colombia,4820,France,4481,1,3,L,France,home,False,Colombia,,,,,,,,,,,,,,,,,"0,0",,,,,,,,,,,,,,,,,,,,,,,,,,
15655701,away,4-2-3-1,250737,Adrien Rabiot,A. Rabiot,M,"12,0",False,France,,,0,0,0,0,0,,,,,,,0,0,,,2026-03-29 19:00:00,Int. Friendly Games,Colombia,4820,France,4481,1,3,L,France,home,False,Colombia,,,,,,,,,,,,,,,,,"0,0",,,,,,,,,,,,,,,,,,,,,,,,,,
15655701,away,4-2-3-1,818244,Ousmane Dembélé,O. Dembélé,F,"10,0",False,France,,,0,0,0,0,0,,,,,,,0,0,,,2026-03-29 19:00:00,Int. Friendly Games,Colombia,4820,France,4481,1,3,L,France,home,False,Colombia,,,,,,,,,,,,,,,,,"0,0",,,,,,,,,,,,,,,,,,,,,,,,,,
15332281,home,4-2-3-1,125787,Camilo Vargas,C. Vargas,G,"12,0",True,Colombia,"5,2","90,0",0,0,0,0,0,"17,0","21,0","81,0",,,,0,0,,,2026-03-26 23:30:00,Int. Friendly Games,Colombia,4820,Croatia,4715,1,2,L,Croatia,home,True,Colombia,,,,,,,,,"4,0",,,"3,0",,"5,0",,"4,0","0,0",,,,"26,0",,,,,"12,0","78,6","0,0",,,,"1,0","0,0003",,"0,02","0,0","-0,47","-0,9",,,"0,0","17,0","5,0"
15332281,home,4-2-3-1,870360,Daniel Muñoz,D. Muñoz,M,"2,0",True,Colombia,"6,1","71,0",0,0,0,1,0,"42,0","46,0","91,3","1,0","1,0",,0,0,,,2026-03-26 23:30:00,Int. Friendly Games,Colombia,4820,Croatia,4715,1,2,L,Croatia,home,True,Colombia,,"100,0","1,0",,"1,0","100,0",,,"2,0","2,0","1,0","28,0","24,0","1,0","1,0","6,0","1,0",,,"1,0","58,0","1,0",,,,"35,0","220,7","1,0",,,"3,0",,,"-0,02","-0,11","-0,31","-0,37",,"71,0",,"0,0","53,2","1,3"
15332281,home,4-2-3-1,566102,Davinson Sánchez,D. Sánchez,D,"6,0",True,Colombia,"7,5","90,0",0,0,0,0,2,"84,0","89,0","94,4","5,0","6,0","1,0",0,0,,,2026-03-26 23:30:00,Int. Friendly Games,Colombia,4820,Croatia,4715,1,2,L,Croatia,home,True,Colombia,"1,0","83,3","1,0","1,0","2,0","50,0","3,0","1,0","5,0","3,0",,"46,0","43,0","3,0","6,0","6,0","0,0",,,,"105,0",,,,,"65,0","482,9","0,0",,"1,0",,,,,"0,34","0,27","-0,05",,,,"0,0","84,0","3,0"
15332281,home,4-2-3-1,818481,Jhon Lucumí,J. Lucumí,D,"26,0",True,Colombia,"6,8","90,0",0,0,0,0,0,"72,0","74,0","97,3",,,,0,0,,,2026-03-26 23:30:00,Int. Friendly Games,Colombia,4820,Croatia,4715,1,2,L,Croatia,home,True,Colombia,,,,,,,,,"9,0","7,0",,"27,0","25,0","5,0","2,0","3,0","0,0",,,,"82,0","1,0",,,,"49,0","363,0","0,0",,,,,,,"0,24","0,17","-0,17",,,,"0,0","72,0","5,0"
15332281,home,4-2-3-1,344847,Johan Mojica,J. Mojica,D,"22,0",True,Colombia,"6,0","63,0",0,0,0,0,0,"33,0","36,0","91,7","2,0","5,0",,0,0,,,2026-03-26 23:30:00,Int. Friendly Games,Colombia,4820,Croatia,4715,1,2,L,Croatia,home,True,Colombia,"3,0","40,0","1,0",,"1,0","100,0",,,"2,0",,"4,0","20,0","18,0","3,0",,"8,0","0,0",,,,"47,0",,,"3,0","1,0","29,0","211,2","0,0",,,,,,,"0,18","-0,62","-0,41",,,,"0,0","47,1","4,3"
15332281,home,4-2-3-1,1015292,Richard Ríos,R. Ríos,M,"20,0",True,Colombia,"6,8","71,0",0,0,0,0,1,"43,0","46,0","93,5","2,0","8,0",,0,0,,,2026-03-26 23:30:00,Int. Friendly Games,Colombia,4820,Croatia,4715,1,2,L,Croatia,home,True,Colombia,"6,0","25,0",,,,,"2,0","1,0","4,0","4,0","1,0","35,0","32,0","4,0",,"8,0","0,0",,,,"59,0","1,0","1,0","3,0",,"32,0","287,5","1,0","1,0",,,,,,"0,36","0,22","-0,15",,,,"0,0","54,5","5,1"
15332281,home,4-2-3-1,355796,Jefferson Lerma,J. Lerma,M,"8,0",True,Colombia,"6,7","63,0",0,0,0,0,0,"39,0","42,0","92,9","3,0","5,0","1,0",0,0,,,2026-03-26 23:30:00,Int. Friendly Games,Colombia,4820,Croatia,4715,1,2,L,Croatia,home,True,Colombia,"2,0","60,0",,,,,"3,0",,"2,0","1,0",,"27,0","24,0","3,0","2,0","5,0","0,0",,,,"55,0","1,0","1,0",,,"30,0","225,9","0,0",,,,,,,"0,01","-0,15","-0,03",,,,"0,0","55,7","4,3"
15332281,home,4-2-3-1,844096,Jhon Arias,J. Arias,M,"11,0",True,Colombia,"8,2","71,0",1,0,1,0,1,"38,0","40,0","95,0","5,0","5,0",,0,0,,,2026-03-26 23:30:00,Int. Friendly Games,Colombia,4820,Croatia,4715,1,2,L,Croatia,home,True,Colombia,,"100,0",,,,,"1,0",,,,"2,0","27,0","25,0","5,0",,"4,0","1,0",,,,"51,0",,,,,"37,0","278,5","1,0",,"4,0",,,,"0,51","0,32","0,14","-0,08",,"71,0","71,0","1,27","48,2","6,3"
15332281,home,4-2-3-1,107414,James Rodríguez,J. Rodríguez,M,"10,0",True,Colombia,"7,6","63,0",0,0,2,0,1,"48,0","54,0","88,9","2,0","4,0",,0,0,,,2026-03-26 23:30:00,Int. Friendly Games,Colombia,4820,Croatia,4715,1,2,L,Croatia,home,True,Colombia,"2,0","50,0",,,,,,,"5,0","5,0","2,0","45,0","39,0","2,0",,"10,0","2,0",,,,"64,0",,"1,0","1,0","1,0","40,0","283,6","1,0",,"1,0",,,,"0,06","0,61","0,23","-0,14",,"31,5","31,5","0,0","68,6","2,9"
15332281,home,4-2-3-1,883537,Luis Díaz,L. Díaz,M,"14,0",True,Colombia,"7,2","71,0",0,0,1,1,1,"28,0","31,0","90,3","7,0","10,0",,0,0,,,2026-03-26 23:30:00,Int. Friendly Games,Colombia,4820,Croatia,4715,1,2,L,Croatia,home,True,Colombia,"3,0","70,0","1,0",,"1,0","100,0",,,"1,0","1,0",,"27,0","24,0","5,0",,"9,0","3,0",,"1,0",,"49,0","3,0","1,0","3,0","1,0","34,0","322,7","5,0",,"5,0",,,,"-0,59","0,49","0,36","-0,11",,"23,7","71,0","0,0","35,5","6,3"
15332281,home,4-2-3-1,914213,Luis Javier Suárez,L. J. Suárez ,F,"97,0",True,Colombia,"6,2","71,0",0,0,0,2,2,"9,0","12,0","75,0","2,0","5,0",,0,0,,,2026-03-26 23:30:00,Int. Friendly Games,Colombia,4820,Croatia,4715,1,2,L,Croatia,home,True,Colombia,"3,0","40,0",,"2,0","2,0","0,0",,,"2,0","1,0",,"8,0","6,0","2,0",,"4,0","2,0","1,0",,,"17,0","1,0",,,,"7,0","62,0","1,0","1,0","2,0",,,,"-0,75","0,02","0,17","-0,01",,"35,5",,"0,0","11,4","2,5"
15332281,home,4-2-3-1,822110,Deiver Machado,D. Machado,D,"27,0",False,Colombia,"6,6","27,0",0,0,0,0,0,"8,0","10,0","80,0","1,0","2,0",,0,0,,,2026-03-26 23:30:00,Int. Friendly Games,Colombia,4820,Croatia,4715,1,2,L,Croatia,home,True,Colombia,"1,0","50,0",,,,,,,,,"1,0","4,0","4,0","3,0",,"4,0","0,0",,,,"18,0","1,0",,,,"12,0","82,1","0,0","1,0","1,0",,,,,"-0,05","0,04","-0,01",,,,"0,0","26,7","10,0"
15332281,home,4-2-3-1,590392,Jorge Carrascal,J. Carrascal,M,"15,0",False,Colombia,"6,7","27,0",0,0,0,0,0,"8,0","12,0","66,7","2,0","3,0",,0,0,,,2026-03-26 23:30:00,Int. Friendly Games,Colombia,4820,Croatia,4715,1,2,L,Croatia,home,True,Colombia,"1,0","66,7",,,,,"2,0",,"1,0","1,0","2,0","10,0","6,0","1,0",,"6,0","0,0",,,,"16,0",,,,,"10,0","71,4","0,0","1,0",,,,,,"-0,06","0,08","-0,02",,,,"0,0","26,7","3,3"
15332281,home,4-2-3-1,1066915,Kevin Castaño,K. Castaño,M,"22,0",False,Colombia,"7,1","27,0",0,0,0,0,0,"36,0","38,0","94,7","2,0","2,0","1,0",0,0,,,2026-03-26 23:30:00,Int. Friendly Games,Colombia,4820,Croatia,4715,1,2,L,Croatia,home,True,Colombia,,"100,0",,,,,"1,0",,"2,0","2,0",,"22,0","21,0",,,"3,0","0,0",,,,"42,0","1,0",,,,"26,0","202,8","1,0",,"1,0",,,,,"0,15","-0,17","0,29",,,,"0,0","120,0","0,0"
15332281,home,4-2-3-1,158583,Santiago Arias,S. Arias,D,"4,0",False,Colombia,"6,6","19,0",0,0,0,0,0,"12,0","13,0","92,3","2,0","3,0",,0,0,,,2026-03-26 23:30:00,Int. Friendly Games,Colombia,4820,Croatia,4715,1,2,L,Croatia,home,True,Colombia,"1,0","66,7",,,,,"1,0","1,0",,,"2,0","8,0","7,0","1,0",,"4,0","0,0",,,,"19,0",,,,,"15,0","109,4","0,0","1,0","1,0",,,,,"0,04","-0,71","-0,01",,,,"0,0","56,8","4,7"
15332281,home,4-2-3-1,1174889,Gustavo Puerta,G. Puerta,M,"19,0",False,Colombia,"6,8","19,0",0,0,0,0,0,"10,0","13,0","76,9","1,0","3,0",,0,0,,,2026-03-26 23:30:00,Int. Friendly Games,Colombia,4820,Croatia,4715,1,2,L,Croatia,home,True,Colombia,"2,0","33,3",,,,,"1,0","1,0","2,0","1,0",,"7,0","6,0","1,0",,"3,0","0,0",,,,"15,0",,,,,"7,0","66,1","0,0","2,0",,,,,,"0,15","0,05","0,26",,,,"0,0","47,4","4,7"
15332281,home,4-2-3-1,221162,Juan Fernando Quintero,J. Quintero,M,"10,0",False,Colombia,"7,1","19,0",0,0,0,0,2,"17,0","24,0","70,8",,,,0,0,,,2026-03-26 23:30:00,Int. Friendly Games,Colombia,4820,Croatia,4715,1,2,L,Croatia,home,True,Colombia,,,,,,,,,"6,0","5,0","3,0","19,0","13,0",,,"10,0","0,0",,"1,0",,"27,0",,,,,"20,0","163,8","1,0",,,,,,,"0,35","0,12","-0,04",,,,"0,0","80,5","0,0"
15332281,home,4-2-3-1,1160386,Andrés Gómez,A. Gómez,M,"11,0",False,Colombia,"6,6","19,0",0,0,0,1,0,"5,0","5,0","100,0","1,0","2,0",,0,0,,,2026-03-26 23:30:00,Int. Friendly Games,Colombia,4820,Croatia,4715,1,2,L,Croatia,home,True,Colombia,"1,0","50,0",,,,,,,,,,"5,0","5,0","1,0",,"3,0","3,0",,,,"12,0","2,0",,"1,0",,"8,0","63,3","1,0",,"1,0",,,,"-0,09","0,05","0,15","0,13",,"6,3",,"0,0","23,7","4,7"
15332281,home,4-2-3-1,281253,Jhon Córdoba,J. Córdoba,F,"9,0",False,Colombia,"6,6","19,0",0,0,1,1,0,"1,0","1,0","100,0","2,0","2,0",,0,0,,,2026-03-26 23:30:00,Int. Friendly Games,Colombia,4820,Croatia,4715,1,2,L,Croatia,home,True,Colombia,,"100,0","1,0",,"1,0","100,0",,,,,,"1,0","1,0",,,"1,0","2,0","1,0",,,"5,0","1,0",,,,"1,0","4,7","0,0",,"1,0",,,,"-0,35","0,03","-0,01","0,0",,"9,5","19,0","0,0","4,7","0,0"
15332281,home,4-2-3-1,926238,Álvaro Montero,Á. Montero,G,"12,0",False,Colombia,,,0,0,0,0,0,,,,,,,0,0,,,2026-03-26 23:30:00,Int. Friendly Games,Colombia,4820,Croatia,4715,1,2,L,Croatia,home,True,Colombia,,,,,,,,,,,,,,,,,"0,0",,,,,,,,,,,,,,,,,,,,,,,,,,
15332281,home,4-2-3-1,33596,David Ospina,D. Ospina,G,"1,0",False,Colombia,,,0,0,0,0,0,,,,,,,0,0,,,2026-03-26 23:30:00,Int. Friendly Games,Colombia,4820,Croatia,4715,1,2,L,Croatia,home,True,Colombia,,,,,,,,,,,,,,,,,"0,0",,,,,,,,,,,,,,,,,,,,,,,,,,
15332281,home,4-2-3-1,988037,Juan Cabal,J. Cabal,D,"32,0",False,Colombia,,,0,0,0,0,0,,,,,,,0,0,,,2026-03-26 23:30:00,Int. Friendly Games,Colombia,4820,Croatia,4715,1,2,L,Croatia,home,True,Colombia,,,,,,,,,,,,,,,,,"0,0",,,,,,,,,,,,,,,,,,,,,,,,,,
15332281,home,4-2-3-1,1014835,Yerson Mosquera,Y. Mosquera,D,"15,0",False,Colombia,,,0,0,0,0,0,,,,,,,0,0,,,2026-03-26 23:30:00,Int. Friendly Games,Colombia,4820,Croatia,4715,1,2,L,Croatia,home,True,Colombia,,,,,,,,,,,,,,,,,"0,0",,,,,,,,,,,,,,,,,,,,,,,,,,
15332281,home,4-2-3-1,877299,Jaminton Campaz,Jaminton Campaz,M,"8,0",False,Colombia,,,0,0,0,0,0,,,,,,,0,0,,,2026-03-26 23:30:00,Int. Friendly Games,Colombia,4820,Croatia,4715,1,2,L,Croatia,home,True,Colombia,,,,,,,,,,,,,,,,,"0,0",,,,,,,,,,,,,,,,,,,,,,,,,,
15332281,home,4-2-3-1,925125,Johan Carbonero,J. Carbonero,F,"7,0",False,Colombia,,,0,0,0,0,0,,,,,,,0,0,,,2026-03-26 23:30:00,Int. Friendly Games,Colombia,4820,Croatia,4715,1,2,L,Croatia,home,True,Colombia,,,,,,,,,,,,,,,,,"0,0",,,,,,,,,,,,,,,,,,,,,,,,,,
15332281,home,4-2-3-1,560116,Rafael Borré,R. Borré,F,"19,0",False,Colombia,,,0,0,0,0,0,,,,,,,0,0,,,2026-03-26 23:30:00,Int. Friendly Games,Colombia,4820,Croatia,4715,1,2,L,Croatia,home,True,Colombia,,,,,,,,,,,,,,,,,"0,0",,,,,,,,,,,,,,,,,,,,,,,,,,
15332281,away,3-4-2-1,190419,Dominik Livaković,D. Livaković,G,"40,0",True,Croatia,"7,1","90,0",0,0,0,0,0,"23,0","32,0","71,9",,,,0,0,,,2026-03-26 23:30:00,Int. Friendly Games,Colombia,4820,Croatia,4715,1,2,L,Croatia,home,False,Colombia,,,,,,,,,,,,,,,,,"0,0",,,,,,,,,,,,,,,,,,,,,,,,"0,0","23,0","0,0"
15332281,away,3-4-2-1,789234,Martin Erlić,M. Erlić,D,"6,0",True,Croatia,"6,3","79,0",0,0,0,0,0,"25,0","28,0","89,3","4,0",,"1,0",0,0,,,2026-03-26 23:30:00,Int. Friendly Games,Colombia,4820,Croatia,4715,1,2,L,Croatia,home,False,Colombia,,,,,,,,,,,,,,,,,"0,0",,,,,,,,,,,,,,,,,,,,,,,,"0,0","28,5","0,0"
15332281,away,3-4-2-1,1405212,Luka Vušković,L. Vušković,D,"44,0",True,Croatia,"7,7","90,0",1,0,1,0,0,"45,0","47,0","95,7","1,0",,"2,0",0,0,,,2026-03-26 23:30:00,Int. Friendly Games,Colombia,4820,Croatia,4715,1,2,L,Croatia,home,False,Colombia,,,,,,,,,,,,,,,,,"1,0",,,,,,,,,,,,,,,,,,,,,,"90,0","90,0","1,0","45,0","0,0"
15332281,away,3-4-2-1,847467,Marin Pongračić,M. Pongračić,D,"5,0",True,Croatia,"6,4","90,0",0,0,0,0,1,"54,0","56,0","96,4",,,,0,0,,,2026-03-26 23:30:00,Int. Friendly Games,Colombia,4820,Croatia,4715,1,2,L,Croatia,home,False,Colombia,,,,,,,,,,,,,,,,,"0,0",,,,,,,,,,,,,,,,,,,,,,,,"0,0","54,0","0,0"
15332281,away,3-4-2-1,1066802,Marco Pašalić,M. Pašalić,M,"87,0",True,Croatia,"7,2","79,0",0,1,0,0,3,"27,0","29,0","93,1","3,0",,"3,0",0,0,,,2026-03-26 23:30:00,Int. Friendly Games,Colombia,4820,Croatia,4715,1,2,L,Croatia,home,False,Colombia,,,,,,,,,,,,,,,,,"0,0",,,,,,,,,,,,,,,,,,,,,,,,"1,14","30,8","0,0"
15332281,away,3-4-2-1,1091303,Petar Sučić,P. Sučić,M,"8,0",True,Croatia,"6,7","61,0",0,0,0,0,3,"35,0","39,0","89,7","5,0",,,0,0,,,2026-03-26 23:30:00,Int. Friendly Games,Colombia,4820,Croatia,4715,1,2,L,Croatia,home,False,Colombia,,,,,,,,,,,,,,,,,"0,0",,,,,,,,,,,,,,,,,,,,,,,,"0,0","51,6","0,0"
15332281,away,3-4-2-1,814882,Nikola Moro,N. Moro,M,"6,0",True,Croatia,"6,8","83,0",0,0,0,0,1,"42,0","46,0","91,3","1,0",,,0,0,,,2026-03-26 23:30:00,Int. Friendly Games,Colombia,4820,Croatia,4715,1,2,L,Croatia,home,False,Colombia,,,,,,,,,,,,,,,,,"0,0",,,,,,,,,,,,,,,,,,,,,,,,"0,0","45,5","0,0"
15332281,away,3-4-2-1,38710,Ivan Perišić,I. Perišić,M,"5,0",True,Croatia,"6,6","45,0",0,0,1,0,1,"12,0","14,0","85,7","1,0",,"1,0",0,0,,,2026-03-26 23:30:00,Int. Friendly Games,Colombia,4820,Croatia,4715,1,2,L,Croatia,home,False,Colombia,,,,,,,,,,,,,,,,,"1,0",,,,,,,,,,,,,,,,,,,,,,"45,0","45,0","0,0","24,0","0,0"
15332281,away,3-4-2-1,357596,Nikola Vlašić,N. Vlašić,M,"10,0",True,Croatia,"6,2","61,0",0,0,0,1,1,"12,0","16,0","75,0",,,"1,0",0,0,,,2026-03-26 23:30:00,Int. Friendly Games,Colombia,4820,Croatia,4715,1,2,L,Croatia,home,False,Colombia,,,,,,,,,,,,,,,,,"1,0",,,,,,,,,,,,,,,,,,,,,,"61,0",,"0,0","17,7","0,0"
15332281,away,3-4-2-1,190437,Mario Pašalić,M. Pašalić,M,"8,0",True,Croatia,"6,6","79,0",0,1,0,1,1,"24,0","25,0","96,0",,,,0,0,,,2026-03-26 23:30:00,Int. Friendly Games,Colombia,4820,Croatia,4715,1,2,L,Croatia,home,False,Colombia,,,,,,,,,,,,,,,,,"1,0",,,,,,,,,,,,,,,,,,,,,,"79,0",,"1,14","27,3","0,0"
15332281,away,3-4-2-1,1019321,Igor Matanović,I. Matanović,F,"31,0",True,Croatia,"7,5","45,0",1,0,1,0,1,"5,0","6,0","83,3","1,0",,,0,0,,,2026-03-26 23:30:00,Int. Friendly Games,Colombia,4820,Croatia,4715,1,2,L,Croatia,home,False,Colombia,,,,,,,,,,,,,,,,,"1,0",,,,,,,,,,,,,,,,,,,,,,"45,0","45,0","2,0","10,0","0,0"
15332281,away,3-4-2-1,927407,Josip Stanišić,J. Stanišić,D,"44,0",False,Croatia,"6,8","45,0",0,0,0,0,0,"25,0","28,0","89,3","1,0",,,0,0,,,2026-03-26 23:30:00,Int. Friendly Games,Colombia,4820,Croatia,4715,1,2,L,Croatia,home,False,Colombia,,,,,,,,,,,,,,,,,"0,0",,,,,,,,,,,,,,,,,,,,,,,,"0,0","50,0","0,0"
15332281,away,3-4-2-1,827668,Petar Musa,P. Musa,F,"9,0",False,Croatia,"6,7","45,0",0,0,0,2,0,"6,0","8,0","75,0","3,0",,,0,0,,,2026-03-26 23:30:00,Int. Friendly Games,Colombia,4820,Croatia,4715,1,2,L,Croatia,home,False,Colombia,,,,,,,,,,,,,,,,,"2,0",,,,,,,,,,,,,,,,,,,,,,"22,5",,"0,0","12,0","0,0"
15332281,away,3-4-2-1,949156,Luka Sučić,L. Sučić,M,"24,0",False,Croatia,"6,6","29,0",0,0,0,0,0,"9,0","10,0","90,0","1,0",,"1,0",0,0,,,2026-03-26 23:30:00,Int. Friendly Games,Colombia,4820,Croatia,4715,1,2,L,Croatia,home,False,Colombia,,,,,,,,,,,,,,,,,"0,0",,,,,,,,,,,,,,,,,,,,,,,,"0,0","27,9","0,0"
15332281,away,3-4-2-1,1090019,Martin Baturina,M. Baturina,M,"20,0",False,Croatia,"6,7","29,0",0,0,0,0,0,"17,0","19,0","89,5","2,0",,,0,0,,,2026-03-26 23:30:00,Int. Friendly Games,Colombia,4820,Croatia,4715,1,2,L,Croatia,home,False,Colombia,,,,,,,,,,,,,,,,,"0,0",,,,,,,,,,,,,,,,,,,,,,,,"0,0","52,8","0,0"
15332281,away,3-4-2-1,796206,Kristijan Jakić,K. Jakić,M,"17,0",False,Croatia,"6,6","11,0",0,0,0,0,0,"3,0","5,0","60,0",,,,0,0,,,2026-03-26 23:30:00,Int. Friendly Games,Colombia,4820,Croatia,4715,1,2,L,Croatia,home,False,Colombia,,,,,,,,,,,,,,,,,"0,0",,,,,,,,,,,,,,,,,,,,,,,,"0,0","24,5","0,0"
15332281,away,3-4-2-1,67647,Andrej Kramarić,A. Kramarić,F,"27,0",False,Croatia,"6,6","11,0",0,0,0,0,0,"6,0","7,0","85,7","1,0",,,0,0,,,2026-03-26 23:30:00,Int. Friendly Games,Colombia,4820,Croatia,4715,1,2,L,Croatia,home,False,Colombia,,,,,,,,,,,,,,,,,"0,0",,,,,,,,,,,,,,,,,,,,,,,,"0,0","49,1","0,0"
15332281,away,3-4-2-1,15466,Luka Modrić,L. Modrić,M,"14,0",False,Croatia,"6,6","11,0",0,0,0,0,0,"15,0","19,0","78,9","1,0",,"1,0",0,0,,,2026-03-26 23:30:00,Int. Friendly Games,Colombia,4820,Croatia,4715,1,2,L,Croatia,home,False,Colombia,,,,,,,,,,,,,,,,,"0,0",,,,,,,,,,,,,,,,,,,,,,,,"0,0","122,7","0,0"
15332281,away,3-4-2-1,916183,Toni Fruk,T. Fruk,M,"10,0",False,Croatia,"6,5","14,0",0,0,0,0,0,"5,0","7,0","71,4","1,0",,,0,0,,,2026-03-26 23:30:00,Int. Friendly Games,Colombia,4820,Croatia,4715,1,2,L,Croatia,home,False,Colombia,,,,,,,,,,,,,,,,,"0,0",,,,,,,,,,,,,,,,,,,,,,,,"0,0","32,1","0,0"
15332281,away,3-4-2-1,943212,Ivor Pandur,I. Pandur,G,"1,0",False,Croatia,,,0,0,0,0,0,,,,,,,0,0,,,2026-03-26 23:30:00,Int. Friendly Games,Colombia,4820,Croatia,4715,1,2,L,Croatia,home,False,Colombia,,,,,,,,,,,,,,,,,"0,0",,,,,,,,,,,,,,,,,,,,,,,,,,
15332281,away,3-4-2-1,827372,Karlo Letica,K. Letica,G,"25,0",False,Croatia,,,0,0,0,0,0,,,,,,,0,0,,,2026-03-26 23:30:00,Int. Friendly Games,Colombia,4820,Croatia,4715,1,2,L,Croatia,home,False,Colombia,,,,,,,,,,,,,,,,,"0,0",,,,,,,,,,,,,,,,,,,,,,,,,,
15332281,away,3-4-2-1,257091,Duje Ćaleta-Car,D. Ćaleta-Car,D,"16,0",False,Croatia,,,0,0,0,0,0,,,,,,,0,0,,,2026-03-26 23:30:00,Int. Friendly Games,Colombia,4820,Croatia,4715,1,2,L,Croatia,home,False,Colombia,,,,,,,,,,,,,,,,,"0,0",,,,,,,,,,,,,,,,,,,,,,,,,,
15332281,away,3-4-2-1,954836,Josip Šutalo,J. Šutalo,D,"37,0",False,Croatia,,,0,0,0,0,0,,,,,,,0,0,,,2026-03-26 23:30:00,Int. Friendly Games,Colombia,4820,Croatia,4715,1,2,L,Croatia,home,False,Colombia,,,,,,,,,,,,,,,,,"0,0",,,,,,,,,,,,,,,,,,,,,,,,,,
15332281,away,3-4-2-1,974581,Ivan Smolčić,I. Smolčić,D,"28,0",False,Croatia,,,0,0,0,0,0,,,,,,,0,0,,,2026-03-26 23:30:00,Int. Friendly Games,Colombia,4820,Croatia,4715,1,2,L,Croatia,home,False,Colombia,,,,,,,,,,,,,,,,,"0,0",,,,,,,,,,,,,,,,,,,,,,,,,,
15332281,away,3-4-2-1,841947,Lovro Majer,L. Majer,M,"10,0",False,Croatia,,,0,0,0,0,0,,,,,,,0,0,,,2026-03-26 23:30:00,Int. Friendly Games,Colombia,4820,Croatia,4715,1,2,L,Croatia,home,False,Colombia,,,,,,,,,,,,,,,,,"0,0",,,,,,,,,,,,,,,,,,,,,,,,,,
15332281,away,3-4-2-1,37318,Ante Budimir,A. Budimir,F,"17,0",False,Croatia,,,0,0,0,0,0,,,,,,,0,0,,,2026-03-26 23:30:00,Int. Friendly Games,Colombia,4820,Croatia,4715,1,2,L,Croatia,home,False,Colombia,,,,,,,,,,,,,,,,,"0,0",,,,,,,,,,,,,,,,,,,,,,,,,,
15027618,home,4-2-3-1,125787,Camilo Vargas,C. Vargas,G,"12,0",True,Colombia,"7,3","90,0",0,0,0,0,1,"19,0","24,0","79,2",,,,0,0,,,2025-11-19 01:30:00,Int. Friendly Games,Colombia,4820,Australia,4741,3,0,W,Australia,home,True,Colombia,,,,,,,,,"8,0","3,0",,"6,0","3,0","1,0",,"5,0","0,0",,,,"25,0",,,,,,"0,0",,,,,"1,0",,,,,,,,,"0,0","19,0","1,0"
15027618,home,4-2-3-1,158583,Santiago Arias,S. Arias,D,"4,0",True,Colombia,"7,6","90,0",0,0,0,0,2,"74,0","77,0","96,1","2,0","5,0",,0,0,,,2025-11-19 01:30:00,Int. Friendly Games,Colombia,4820,Australia,4741,3,0,W,Australia,home,True,Colombia,"3,0","40,0","1,0","1,0","2,0","50,0",,,"2,0","2,0","3,0","43,0","40,0","2,0","1,0","4,0","0,0",,,,"92,0",,,,,,"0,0",,,"1,0",,,,,,,,,,,"0,0","74,0","2,0"
15027618,home,4-2-3-1,566102,Davinson Sánchez,D. Sánchez,D,"6,0",True,Colombia,"7,8","90,0",0,1,0,0,1,"116,0","122,0","95,1","3,0","4,0",,0,0,,,2025-11-19 01:30:00,Int. Friendly Games,Colombia,4820,Australia,4741,3,0,W,Australia,home,True,Colombia,"1,0","75,0","1,0","1,0","2,0","50,0","1,0","1,0","8,0","5,0",,"39,0","35,0","4,0","2,0","8,0","0,0",,"1,0",,"132,0","2,0",,,,,"0,0",,,"1,0",,,,,,,,,,,"1,0","116,0","4,0"
15027618,home,4-2-3-1,818481,Jhon Lucumí,J. Lucumí,D,"26,0",True,Colombia,"7,4","90,0",0,0,0,0,0,"94,0","102,0","92,2","5,0","6,0","2,0",0,0,,,2025-11-19 01:30:00,Int. Friendly Games,Colombia,4820,Australia,4741,3,0,W,Australia,home,True,Colombia,"1,0","83,3","2,0","1,0","3,0","66,7","2,0","2,0","9,0","7,0",,"30,0","24,0","2,0","1,0","11,0","0,0",,,,"113,0","2,0",,,,,"0,0",,,"1,0",,,,,,,,,,,"0,0","94,0","2,0"
15027618,home,4-2-3-1,344847,Johan Mojica,J. Mojica,D,"22,0",True,Colombia,"7,3","90,0",0,0,1,0,0,"49,0","53,0","92,5","3,0","6,0",,0,0,,,2025-11-19 01:30:00,Int. Friendly Games,Colombia,4820,Australia,4741,3,0,W,Australia,home,True,Colombia,"3,0","50,0",,"2,0","2,0","0,0","2,0",,"5,0","4,0","4,0","30,0","28,0","4,0",,"11,0","1,0",,,,"82,0","2,0",,"1,0","1,0",,"0,0",,"1,0",,,,,,,,,,"90,0","90,0","0,0","49,0","4,0"
15027618,home,4-2-3-1,1015292,Richard Ríos,R. Ríos,M,"20,0",True,Colombia,"6,5","69,0",0,0,0,0,0,"35,0","41,0","85,4","2,0","8,0","2,0",0,0,,,2025-11-19 01:30:00,Int. Friendly Games,Colombia,4820,Australia,4741,3,0,W,Australia,home,True,Colombia,"6,0","25,0",,"1,0","1,0","0,0",,,"2,0","1,0","1,0","18,0","13,0","3,0",,"12,0","0,0",,,,"57,0","1,0","2,0","2,0","1,0",,"0,0",,"2,0","1,0",,,,,,,,,,,"0,0","45,7","3,9"
15027618,home,4-2-3-1,980580,Juan Portilla,J. Portilla,M,"27,0",True,Colombia,"6,7","81,0",0,0,0,0,0,"60,0","63,0","95,2","3,0","7,0","1,0",0,0,,,2025-11-19 01:30:00,Int. Friendly Games,Colombia,4820,Australia,4741,3,0,W,Australia,home,True,Colombia,"4,0","42,9",,"1,0","1,0","0,0","2,0","1,0","1,0","1,0",,"26,0","23,0","4,0",,"5,0","2,0",,,,"77,0","1,0","1,0","1,0","1,0",,"0,0",,"2,0",,,,,,,,,,"40,5",,"0,0","66,7","4,4"
15027618,home,4-2-3-1,1092769,Yáser Asprilla,Y. Asprilla,M,"22,0",True,Colombia,"7,5","81,0",0,0,1,0,1,"40,0","45,0","88,9","7,0","11,0",,0,0,,,2025-11-19 01:30:00,Int. Friendly Games,Colombia,4820,Australia,4741,3,0,W,Australia,home,True,Colombia,"4,0","63,6",,,,,"3,0","2,0","3,0","2,0","5,0","31,0","26,0","1,0",,"15,0","1,0",,,,"65,0","1,0",,"6,0","3,0",,"0,0",,"1,0","1,0",,,,,,,,,"81,0","81,0","0,0","44,4","1,1"
15027618,home,4-2-3-1,107414,James Rodríguez,J. Rodríguez,M,"10,0",True,Colombia,"8,9","90,0",1,0,2,1,5,"87,0","98,0","88,8","6,0","8,0",,0,0,,,2025-11-19 01:30:00,Int. Friendly Games,Colombia,4820,Australia,4741,3,0,W,Australia,home,True,Colombia,"2,0","75,0",,,,,,,"13,0","9,0","8,0","66,0","55,0","5,0",,"17,0","3,0",,,,"118,0",,"1,0","2,0","2,0",,"0,0",,,"4,0",,,,,,,,,"30,0","45,0","1,0","87,0","5,0"
15027618,home,4-2-3-1,883537,Luis Díaz,L. Díaz,M,"14,0",True,Colombia,"8,0","90,0",1,0,2,1,0,"40,0","48,0","83,3","7,0","13,0",,0,0,,,2025-11-19 01:30:00,Int. Friendly Games,Colombia,4820,Australia,4741,3,0,W,Australia,home,True,Colombia,"6,0","53,8","1,0","3,0","4,0","25,0",,,"4,0","4,0",,"33,0","27,0","4,0",,"12,0","6,0",,,,"67,0",,,"8,0","5,0",,"0,0",,,"1,0","2,0",,,,,,,,"15,0","45,0","1,0","40,0","4,0"
15027618,home,4-2-3-1,914213,Luis Javier Suárez,L. J. Suárez ,F,"97,0",True,Colombia,"6,7","70,0",0,0,0,1,0,"4,0","8,0","50,0","2,0","6,0",,0,0,,,2025-11-19 01:30:00,Int. Friendly Games,Colombia,4820,Australia,4741,3,0,W,Australia,home,True,Colombia,"4,0","33,3","1,0",,"1,0","100,0",,,,,,"7,0","3,0",,"1,0","4,0","1,0",,,,"14,0",,,,,,"0,0",,"3,0","1,0",,,,,,,,,"70,0",,"0,0","5,1","0,0"
15027618,home,4-2-3-1,1174889,Gustavo Puerta,G. Puerta,M,"19,0",False,Colombia,"6,9","21,0",0,0,0,0,1,"29,0","30,0","96,7","3,0","7,0",,0,0,,,2025-11-19 01:30:00,Int. Friendly Games,Colombia,4820,Australia,4741,3,0,W,Australia,home,True,Colombia,"4,0","42,9","1,0","1,0","2,0","50,0","1,0","1,0","1,0","1,0",,"20,0","20,0","2,0",,"1,0","0,0",,,,"32,0",,,,,,"0,0",,"3,0","1,0",,,,,,,,,,,"0,0","124,3","8,6"
15027618,home,4-2-3-1,560116,Rafael Borré,R. Borré,F,"19,0",False,Colombia,"6,5","20,0",0,1,0,0,1,"1,0","1,0","100,0",,"1,0","1,0",0,0,,,2025-11-19 01:30:00,Int. Friendly Games,Colombia,4820,Australia,4741,3,0,W,Australia,home,True,Colombia,"1,0","0,0",,,,,,,,,,"1,0","1,0","1,0",,"1,0","0,0",,"1,0",,"4,0",,"1,0",,,,"0,0",,,,,,,,,,,,,,"4,5","4,5","4,5"
15027618,home,4-2-3-1,590392,Jorge Carrascal,J. Carrascal,M,"15,0",False,Colombia,"7,0","9,0",0,0,0,0,0,"11,0","11,0","100,0","2,0","3,0",,0,0,,,2025-11-19 01:30:00,Int. Friendly Games,Colombia,4820,Australia,4741,3,0,W,Australia,home,True,Colombia,"1,0","66,7",,,,,"2,0","1,0",,,,"7,0","7,0","2,0",,,"0,0",,,,"16,0",,,,,,"0,0",,"1,0",,,,,,,,,,,,"0,0","110,0","20,0"
15027618,home,4-2-3-1,355796,Jefferson Lerma,J. Lerma,M,"8,0",False,Colombia,"8,0","9,0",1,0,2,0,1,"21,0","24,0","87,5","1,0","2,0","2,0",0,0,,,2025-11-19 01:30:00,Int. Friendly Games,Colombia,4820,Australia,4741,3,0,W,Australia,home,True,Colombia,"1,0","50,0","1,0",,"1,0","100,0",,,"3,0","2,0",,"13,0","11,0","2,0",,"3,0","2,0",,,,"28,0",,,,,,"0,0",,"1,0",,,,,,,,,,"4,5","4,5","10,0","210,0","20,0"
15027618,home,4-2-3-1,33596,David Ospina,D. Ospina,G,"1,0",False,Colombia,,,0,0,0,0,0,,,,,,,0,0,,,2025-11-19 01:30:00,Int. Friendly Games,Colombia,4820,Australia,4741,3,0,W,Australia,home,True,Colombia,,,,,,,,,,,,,,,,,"0,0",,,,,,,,,,,,,,,,,,,,,,,,,,
15027618,home,4-2-3-1,926238,Álvaro Montero,Á. Montero,G,"12,0",False,Colombia,,,0,0,0,0,0,,,,,,,0,0,,,2025-11-19 01:30:00,Int. Friendly Games,Colombia,4820,Australia,4741,3,0,W,Australia,home,True,Colombia,,,,,,,,,,,,,,,,,"0,0",,,,,,,,,,,,,,,,,,,,,,,,,,
15027618,home,4-2-3-1,839095,Carlos Cuesta,C. Cuesta,D,"46,0",False,Colombia,,,0,0,0,0,0,,,,,,,0,0,,,2025-11-19 01:30:00,Int. Friendly Games,Colombia,4820,Australia,4741,3,0,W,Australia,home,True,Colombia,,,,,,,,,,,,,,,,,"0,0",,,,,,,,,,,,,,,,,,,,,,,,,,
15027618,home,4-2-3-1,824511,Álvaro Angulo,Á. Angulo,D,"77,0",False,Colombia,,,0,0,0,0,0,,,,,,,0,0,,,2025-11-19 01:30:00,Int. Friendly Games,Colombia,4820,Australia,4741,3,0,W,Australia,home,True,Colombia,,,,,,,,,,,,,,,,,"0,0",,,,,,,,,,,,,,,,,,,,,,,,,,
15027618,home,4-2-3-1,360396,Yerry Mina,Y. Mina,D,"26,0",False,Colombia,,,0,0,0,0,0,,,,,,,0,0,,,2025-11-19 01:30:00,Int. Friendly Games,Colombia,4820,Australia,4741,3,0,W,Australia,home,True,Colombia,,,,,,,,,,,,,,,,,"0,0",,,,,,,,,,,,,,,,,,,,,,,,,,
15027618,home,4-2-3-1,1066915,Kevin Castaño,K. Castaño,M,"22,0",False,Colombia,,,0,0,0,0,0,,,,,,,0,0,,,2025-11-19 01:30:00,Int. Friendly Games,Colombia,4820,Australia,4741,3,0,W,Australia,home,True,Colombia,,,,,,,,,,,,,,,,,"0,0",,,,,,,,,,,,,,,,,,,,,,,,,,
15027618,home,4-2-3-1,844096,Jhon Arias,J. Arias,M,"11,0",False,Colombia,,,0,0,0,0,0,,,,,,,0,0,,,2025-11-19 01:30:00,Int. Friendly Games,Colombia,4820,Australia,4741,3,0,W,Australia,home,True,Colombia,,,,,,,,,,,,,,,,,"0,0",,,,,,,,,,,,,,,,,,,,,,,,,,
15027618,home,4-2-3-1,1160386,Andrés Gómez,A. Gómez,M,"11,0",False,Colombia,,,0,0,0,0,0,,,,,,,0,0,,,2025-11-19 01:30:00,Int. Friendly Games,Colombia,4820,Australia,4741,3,0,W,Australia,home,True,Colombia,,,,,,,,,,,,,,,,,"0,0",,,,,,,,,,,,,,,,,,,,,,,,,,
15027618,home,4-2-3-1,281253,Jhon Córdoba,J. Córdoba,F,"9,0",False,Colombia,,,0,0,0,0,0,,,,,,,0,0,,,2025-11-19 01:30:00,Int. Friendly Games,Colombia,4820,Australia,4741,3,0,W,Australia,home,True,Colombia,,,,,,,,,,,,,,,,,"0,0",,,,,,,,,,,,,,,,,,,,,,,,,,
15027618,home,4-2-3-1,925125,Johan Carbonero,J. Carbonero,F,"7,0",False,Colombia,,,0,0,0,0,0,,,,,,,0,0,,,2025-11-19 01:30:00,Int. Friendly Games,Colombia,4820,Australia,4741,3,0,W,Australia,home,True,Colombia,,,,,,,,,,,,,,,,,"0,0",,,,,,,,,,,,,,,,,,,,,,,,,,
15027618,away,5-4-1,155925,Paul Izzo,P. Izzo,G,"1,0",True,Australia,"6,9","90,0",0,0,0,0,0,"23,0","28,0","82,1",,,,0,0,,,2025-11-19 01:30:00,Int. Friendly Games,Colombia,4820,Australia,4741,3,0,W,Australia,home,False,Colombia,,,,,,,,,,,,,,,,,"0,0",,,,,,,,,,,,,,,,,,,,,,,,"0,0","23,0","0,0"
15027618,away,5-4-1,943634,Lewis Miller,L. Miller,D,"12,0",True,Australia,"6,5","90,0",0,0,0,0,0,"19,0","28,0","67,9","10,0",,"2,0",0,0,,,2025-11-19 01:30:00,Int. Friendly Games,Colombia,4820,Australia,4741,3,0,W,Australia,home,False,Colombia,,,,,,,,,,,,,,,,,"0,0",,,,,,,,,,,,,,,,,,,,,,,,"0,0","19,0","0,0"
15027618,away,5-4-1,991364,Kai Trewin,K. Trewin,M,"5,0",True,Australia,"6,3","90,0",0,0,0,0,0,"50,0","56,0","89,3","2,0",,"1,0",0,0,,,2025-11-19 01:30:00,Int. Friendly Games,Colombia,4820,Australia,4741,3,0,W,Australia,home,False,Colombia,,,,,,,,,,,,,,,,,"0,0",,,,,,,,,,,,,,,,,,,,,,,,"0,0","50,0","0,0"
15027618,away,5-4-1,155961,Miloš Degenek,M. Degenek,D,"5,0",True,Australia,"6,3","90,0",0,0,0,0,0,"47,0","52,0","90,4","1,0",,"2,0",0,0,,,2025-11-19 01:30:00,Int. Friendly Games,Colombia,4820,Australia,4741,3,0,W,Australia,home,False,Colombia,,,,,,,,,,,,,,,,,"0,0",,,,,,,,,,,,,,,,,,,,,,,,"0,0","47,0","0,0"
15027618,away,5-4-1,358084,Cameron Burgess,C. Burgess,D,"15,0",True,Australia,"6,4","90,0",0,0,0,0,0,"46,0","51,0","90,2","1,0",,,0,0,,,2025-11-19 01:30:00,Int. Friendly Games,Colombia,4820,Australia,4741,3,0,W,Australia,home,False,Colombia,,,,,,,,,,,,,,,,,"0,0",,,,,,,,,,,,,,,,,,,,,,,,"0,0","46,0","0,0"
15027618,away,5-4-1,822572,Kye Rowles,K. Rowles,D,"15,0",True,Australia,"6,6","59,0",0,0,0,0,0,"13,0","18,0","72,2","3,0",,"2,0",0,0,,,2025-11-19 01:30:00,Int. Friendly Games,Colombia,4820,Australia,4741,3,0,W,Australia,home,False,Colombia,,,,,,,,,,,,,,,,,"0,0",,,,,,,,,,,,,,,,,,,,,,,,"0,0","19,8","0,0"
15027618,away,5-4-1,888854,Connor Metcalfe,C. Metcalfe,M,"24,0",True,Australia,"6,5","78,0",0,0,0,0,0,"12,0","17,0","70,6","3,0",,,0,0,,,2025-11-19 01:30:00,Int. Friendly Games,Colombia,4820,Australia,4741,3,0,W,Australia,home,False,Colombia,,,,,,,,,,,,,,,,,"0,0",,,,,,,,,,,,,,,,,,,,,,,,"0,0","13,8","0,0"
15027618,away,5-4-1,181581,Jackson Irvine,J. Irvine,M,"7,0",True,Australia,"6,7","60,0",0,0,0,0,0,"24,0","26,0","92,3","4,0",,,0,0,,,2025-11-19 01:30:00,Int. Friendly Games,Colombia,4820,Australia,4741,3,0,W,Australia,home,False,Colombia,,,,,,,,,,,,,,,,,"0,0",,,,,,,,,,,,,,,,,,,,,,,,"0,0","36,0","0,0"
15027618,away,5-4-1,847938,Aiden O'Neill,A. O'Neill,M,"21,0",True,Australia,"6,3","78,0",0,0,0,0,0,"47,0","55,0","85,5","6,0",,,0,0,,,2025-11-19 01:30:00,Int. Friendly Games,Colombia,4820,Australia,4741,3,0,W,Australia,home,False,Colombia,,,,,,,,,,,,,,,,,"0,0",,,,,,,,,,,,,,,,,,,,,,,,"0,0","54,2","0,0"
15027618,away,5-4-1,835998,Riley McGree,R. McGree,M,"8,0",True,Australia,"6,9","78,0",0,0,1,0,0,"19,0","24,0","79,2","3,0",,"2,0",0,0,,,2025-11-19 01:30:00,Int. Friendly Games,Colombia,4820,Australia,4741,3,0,W,Australia,home,False,Colombia,,,,,,,,,,,,,,,,,"1,0",,,,,,,,,,,,,,,,,,,,,,"78,0","78,0","0,0","21,9","0,0"
15027618,away,5-4-1,1019061,Mohamed Touré,M. Touré,F,"37,0",True,Australia,"6,3","83,0",0,0,0,1,0,"6,0","10,0","60,0","2,0",,,0,0,,,2025-11-19 01:30:00,Int. Friendly Games,Colombia,4820,Australia,4741,3,0,W,Australia,home,False,Colombia,,,,,,,,,,,,,,,,,"1,0",,,,,,,,,,,,,,,,,,,,,,"83,0",,"0,0","6,5","0,0"
15027618,away,5-4-1,786274,Callum Elder,C. Elder,M,"20,0",False,Australia,"5,5","31,0",0,0,0,0,0,"5,0","7,0","71,4","1,0",,,0,0,,,2025-11-19 01:30:00,Int. Friendly Games,Colombia,4820,Australia,4741,3,0,W,Australia,home,False,Colombia,,,,,,,,,,,,,,,,,"0,0",,,,,,,,,,,,,,,,,,,,,,,,"0,0","14,5","0,0"
15027618,away,5-4-1,1096511,Maximilien Balard,M. Balard,M,"16,0",False,Australia,"6,1","30,0",0,0,0,0,0,"8,0","11,0","72,7","1,0",,,0,0,,,2025-11-19 01:30:00,Int. Friendly Games,Colombia,4820,Australia,4741,3,0,W,Australia,home,False,Colombia,,,,,,,,,,,,,,,,,"0,0",,,,,,,,,,,,,,,,,,,,,,,,"0,0","24,0","0,0"
15027618,away,5-4-1,1411105,Paul Okon-Engstler,P. Okon-Engstler,M,"24,0",False,Australia,"6,4","12,0",0,0,0,0,0,"6,0","6,0","100,0","1,0",,,0,0,,,2025-11-19 01:30:00,Int. Friendly Games,Colombia,4820,Australia,4741,3,0,W,Australia,home,False,Colombia,,,,,,,,,,,,,,,,,"0,0",,,,,,,,,,,,,,,,,,,,,,,,"0,0","45,0","0,0"
15027618,away,5-4-1,214308,Martin Boyle,M. Boyle,F,"10,0",False,Australia,"6,5","12,0",0,0,0,0,0,"1,0","1,0","100,0","1,0",,,0,0,,,2025-11-19 01:30:00,Int. Friendly Games,Colombia,4820,Australia,4741,3,0,W,Australia,home,False,Colombia,,,,,,,,,,,,,,,,,"0,0",,,,,,,,,,,,,,,,,,,,,,,,"0,0","7,5","0,0"
15027618,away,5-4-1,1144687,Nestory Irankunda,N. Irankunda,F,"66,0",False,Australia,"6,2","12,0",0,0,0,0,0,,,,"1,0",,,0,0,,,2025-11-19 01:30:00,Int. Friendly Games,Colombia,4820,Australia,4741,3,0,W,Australia,home,False,Colombia,,,,,,,,,,,,,,,,,"0,0",,,,,,,,,,,,,,,,,,,,,,,,"0,0","0,0","0,0"
15027618,away,5-4-1,991360,Al Hassan Toure,A. H. Toure,M,"35,0",False,Australia,,"7,0",0,0,0,0,0,"2,0","3,0","66,7","1,0",,,0,0,,,2025-11-19 01:30:00,Int. Friendly Games,Colombia,4820,Australia,4741,3,0,W,Australia,home,False,Colombia,,,,,,,,,,,,,,,,,"0,0",,,,,,,,,,,,,,,,,,,,,,,,"0,0","25,7","0,0"
15027618,away,5-4-1,134029,Mathew Ryan,M. Ryan,G,"13,0",False,Australia,,,0,0,0,0,0,,,,,,,0,0,,,2025-11-19 01:30:00,Int. Friendly Games,Colombia,4820,Australia,4741,3,0,W,Australia,home,False,Colombia,,,,,,,,,,,,,,,,,"0,0",,,,,,,,,,,,,,,,,,,,,,,,,,
15027618,away,5-4-1,1177240,Patrick Beach,P. Beach,G,"1,0",False,Australia,,,0,0,0,0,0,,,,,,,0,0,,,2025-11-19 01:30:00,Int. Friendly Games,Colombia,4820,Australia,4741,3,0,W,Australia,home,False,Colombia,,,,,,,,,,,,,,,,,"0,0",,,,,,,,,,,,,,,,,,,,,,,,,,
15027618,away,5-4-1,1899552,James Overy,J. Overy,D,"2,0",False,Australia,,,0,0,0,0,0,,,,,,,0,0,,,2025-11-19 01:30:00,Int. Friendly Games,Colombia,4820,Australia,4741,3,0,W,Australia,home,False,Colombia,,,,,,,,,,,,,,,,,"0,0",,,,,,,,,,,,,,,,,,,,,,,,,,
15027618,away,5-4-1,892093,Jack Iredale,J. Iredale,D,"15,0",False,Australia,,,0,0,0,0,0,,,,,,,0,0,,,2025-11-19 01:30:00,Int. Friendly Games,Colombia,4820,Australia,4741,3,0,W,Australia,home,False,Colombia,,,,,,,,,,,,,,,,,"0,0",,,,,,,,,,,,,,,,,,,,,,,,,,
15027618,away,5-4-1,944054,Cameron Devlin,C. Devlin,M,"14,0",False,Australia,,,0,0,0,0,0,,,,,,,0,0,,,2025-11-19 01:30:00,Int. Friendly Games,Colombia,4820,Australia,4741,3,0,W,Australia,home,False,Colombia,,,,,,,,,,,,,,,,,"0,0",,,,,,,,,,,,,,,,,,,,,,,,,,
15027618,away,5-4-1,220113,Craig Goodwin,C. Goodwin,M,"11,0",False,Australia,,,0,0,0,0,0,,,,,,,0,0,,,2025-11-19 01:30:00,Int. Friendly Games,Colombia,4820,Australia,4741,3,0,W,Australia,home,False,Colombia,,,,,,,,,,,,,,,,,"0,0",,,,,,,,,,,,,,,,,,,,,,,,,,
15035393,home,4-2-3-1,926238,Álvaro Montero,Á. Montero,G,"12,0",True,Colombia,"7,0","90,0",0,0,0,0,0,"25,0","31,0","80,6","1,0","1,0",,0,0,,,2025-11-16 00:30:00,Int. Friendly Games,Colombia,4820,New Zealand,4784,2,1,W,New Zealand,home,True,Colombia,,"100,0",,,,,,,"8,0","2,0",,"6,0","3,0","8,0","1,0","6,0","0,0",,,,"40,0",,,,,,"0,0",,,"1,0",,"2,0",,,,,,,,,"0,0","25,0","8,0"
15035393,home,4-2-3-1,158583,Santiago Arias,S. Arias,D,"4,0",True,Colombia,"7,6","90,0",0,1,1,1,2,"44,0","51,0","86,3","4,0","7,0","1,0",0,0,,,2025-11-16 00:30:00,Int. Friendly Games,Colombia,4820,New Zealand,4784,2,1,W,New Zealand,home,True,Colombia,"3,0","57,1","1,0",,"1,0","100,0","2,0","2,0","2,0",,"3,0","29,0","26,0","5,0","2,0","13,0","2,0",,,,"75,0",,"1,0",,,,"0,0",,"1,0","1,0",,,,,,,,,"45,0","90,0","1,0","44,0","5,0"
15035393,home,4-2-3-1,360396,Yerry Mina,Y. Mina,D,"26,0",True,Colombia,"7,6","90,0",0,1,0,0,1,"65,0","71,0","91,5","6,0","6,0","2,0",0,0,,,2025-11-16 00:30:00,Int. Friendly Games,Colombia,4820,New Zealand,4784,2,1,W,New Zealand,home,True,Colombia,,"100,0","3,0",,"3,0","100,0",,,"10,0","6,0",,"23,0","20,0","4,0","5,0","8,0","0,0",,,,"84,0","1,0",,,,,"0,0",,"1,0","3,0","1,0",,,,,,,,,,"1,0","65,0","4,0"
15035393,home,4-2-3-1,839095,Carlos Cuesta,C. Cuesta,D,"46,0",True,Colombia,"7,0","45,0",0,0,0,0,1,"20,0","20,0","100,0","1,0","2,0",,0,0,,,2025-11-16 00:30:00,Int. Friendly Games,Colombia,4820,New Zealand,4784,2,1,W,New Zealand,home,True,Colombia,"1,0","50,0","1,0",,"1,0","100,0",,,,,,"5,0","5,0",,"1,0","1,0","0,0",,,,"26,0","1,0",,,,,"0,0",,"1,0",,,,,,,,,,,,"0,0","40,0","0,0"
15035393,home,4-2-3-1,824511,Álvaro Angulo,Á. Angulo,D,"77,0",True,Colombia,"6,8","90,0",0,0,0,1,0,"43,0","49,0","87,8","5,0","8,0",,0,0,,,2025-11-16 00:30:00,Int. Friendly Games,Colombia,4820,New Zealand,4784,2,1,W,New Zealand,home,True,Colombia,"3,0","62,5","2,0","1,0","3,0","66,7","2,0","1,0","3,0","1,0",,"28,0","24,0","2,0","3,0","6,0","1,0",,,,"62,0",,,,,,"0,0",,"2,0","1,0","1,0",,,,,,,,"90,0",,"0,0","43,0","2,0"
15035393,home,4-2-3-1,1174889,Gustavo Puerta,G. Puerta,M,"19,0",True,Colombia,"8,0","64,0",1,0,1,1,0,"45,0","50,0","90,0","4,0","7,0","2,0",0,0,,,2025-11-16 00:30:00,Int. Friendly Games,Colombia,4820,New Zealand,4784,2,1,W,New Zealand,home,True,Colombia,"3,0","57,1","1,0","1,0","2,0","50,0","1,0","1,0","2,0","2,0",,"38,0","34,0","2,0","2,0","6,0","3,0",,,,"65,0","1,0",,,,,"0,0",,"2,0","2,0",,,,,,,,,"21,3","64,0","1,41","63,3","2,8"
15035393,home,4-2-3-1,355796,Jefferson Lerma,J. Lerma,M,"8,0",True,Colombia,"6,7","90,0",0,0,1,0,1,"46,0","53,0","86,8","1,0","4,0","1,0",0,0,,,2025-11-16 00:30:00,Int. Friendly Games,Colombia,4820,New Zealand,4784,2,1,W,New Zealand,home,True,Colombia,"3,0","25,0",,,,,"1,0","1,0","5,0",,,"33,0","27,0","7,0","3,0","10,0","1,0",,,,"65,0","1,0","2,0",,,,"0,0",,,,,,,,,,,,"90,0","90,0","0,0","46,0","7,0"
15035393,home,4-2-3-1,844096,Jhon Arias,J. Arias,M,"11,0",True,Colombia,"7,0","77,0",0,0,1,1,2,"50,0","51,0","98,0","6,0","13,0",,0,0,,,2025-11-16 00:30:00,Int. Friendly Games,Colombia,4820,New Zealand,4784,2,1,W,New Zealand,home,True,Colombia,"7,0","46,2",,"1,0","1,0","0,0","4,0","1,0",,,"2,0","28,0","28,0","3,0",,"7,0","3,0",,,,"67,0","2,0","2,0","1,0",,,"0,0",,"2,0","2,0",,,,,,,,,"25,7","77,0","0,0","58,4","3,5"
15035393,home,4-2-3-1,107414,James Rodríguez,J. Rodríguez,M,"10,0",True,Colombia,"7,7","65,0",0,0,2,0,3,"55,0","58,0","94,8","3,0","5,0",,0,0,,,2025-11-16 00:30:00,Int. Friendly Games,Colombia,4820,New Zealand,4784,2,1,W,New Zealand,home,True,Colombia,"2,0","60,0",,,,,,,"4,0","3,0","7,0","41,0","39,0",,,"13,0","2,0",,,,"75,0",,"1,0","2,0","1,0",,"0,0",,,"2,0","1,0",,,,,,,,"32,5","32,5","0,0","76,2","0,0"
15035393,home,4-2-3-1,883537,Luis Díaz,L. Díaz,M,"14,0",True,Colombia,"7,4","64,0",0,0,0,0,5,"34,0","38,0","89,5","2,0","4,0",,0,0,,,2025-11-16 00:30:00,Int. Friendly Games,Colombia,4820,New Zealand,4784,2,1,W,New Zealand,home,True,Colombia,"2,0","50,0",,,,,,,"3,0","2,0",,"32,0","28,0","1,0",,"7,0","2,0",,,,"47,0","1,0","1,0","3,0","2,0",,"0,0",,,,,,,,,,,,"32,0",,"0,0","47,8","1,4"
15035393,home,4-2-3-1,281253,Jhon Córdoba,J. Córdoba,F,"9,0",True,Colombia,"6,7","77,0",0,0,0,1,1,"12,0","13,0","92,3",,"5,0",,0,0,,,2025-11-16 00:30:00,Int. Friendly Games,Colombia,4820,New Zealand,4784,2,1,W,New Zealand,home,True,Colombia,"5,0","0,0",,,,,,,,,,"10,0","9,0","3,0","1,0","5,0","2,0",,,,"21,0","1,0","3,0",,,,"0,0",,"2,0",,"1,0",,,,,,,,"38,5",,"0,0","14,0","3,5"
15035393,home,4-2-3-1,818481,Jhon Lucumí,J. Lucumí,D,"26,0",False,Colombia,"6,5","45,0",0,0,0,0,0,"23,0","24,0","95,8",,,,0,0,,,2025-11-16 00:30:00,Int. Friendly Games,Colombia,4820,New Zealand,4784,2,1,W,New Zealand,home,True,Colombia,,,,,,,,,"3,0","2,0",,"9,0","8,0","2,0","1,0","2,0","0,0",,,,"26,0","1,0",,,,,"0,0",,,,,,,,,,,,,,"0,0","46,0","4,0"
15035393,home,4-2-3-1,1066915,Kevin Castaño,K. Castaño,M,"22,0",False,Colombia,"6,5","26,0",0,0,0,0,0,"11,0","12,0","91,7","1,0","4,0",,0,0,,,2025-11-16 00:30:00,Int. Friendly Games,Colombia,4820,New Zealand,4784,2,1,W,New Zealand,home,True,Colombia,"3,0","25,0",,,,,"1,0","1,0","1,0","1,0",,"3,0","3,0","1,0",,"1,0","0,0",,,,"14,0",,,,,,"0,0",,"3,0",,,,,,,,,,,,"0,0","38,1","3,5"
15035393,home,4-2-3-1,1092769,Yáser Asprilla,Y. Asprilla,M,"22,0",False,Colombia,"6,9","26,0",0,0,0,1,2,"9,0","10,0","90,0","3,0","3,0",,0,0,,,2025-11-16 00:30:00,Int. Friendly Games,Colombia,4820,New Zealand,4784,2,1,W,New Zealand,home,True,Colombia,,"100,0",,,,,,,,,"2,0","5,0","5,0","2,0",,"2,0","2,0",,,,"17,0",,,"2,0","2,0",,"0,0",,,"1,0",,,,,,,,,"13,0",,"0,0","31,2","6,9"
15035393,home,4-2-3-1,590392,Jorge Carrascal,J. Carrascal,M,"15,0",False,Colombia,"7,0","25,0",0,0,1,1,1,"9,0","9,0","100,0","1,0","3,0",,0,0,,,2025-11-16 00:30:00,Int. Friendly Games,Colombia,4820,New Zealand,4784,2,1,W,New Zealand,home,True,Colombia,"2,0","33,3",,,,,"1,0","1,0","1,0","1,0",,"6,0","6,0","2,0",,"1,0","2,0",,,,"14,0","1,0",,,,,"0,0",,"2,0",,,,,,,,,,"12,5","25,0","0,0","32,4","7,2"
15035393,home,4-2-3-1,925125,Johan Carbonero,J. Carbonero,F,"7,0",False,Colombia,"7,3","13,0",1,0,1,1,0,"4,0","5,0","80,0",,"1,0",,0,0,,,2025-11-16 00:30:00,Int. Friendly Games,Colombia,4820,New Zealand,4784,2,1,W,New Zealand,home,True,Colombia,"1,0","0,0",,,,,,,,,,"4,0","4,0",,,"2,0","2,0",,,,"8,0",,"1,0",,,,"0,0",,,,,,,,,,,,"6,5","13,0","6,92","27,7","0,0"
15035393,home,4-2-3-1,560116,Rafael Borré,R. Borré,F,"19,0",False,Colombia,"6,4","13,0",0,0,0,0,0,"2,0","3,0","66,7",,,,0,0,,,2025-11-16 00:30:00,Int. Friendly Games,Colombia,4820,New Zealand,4784,2,1,W,New Zealand,home,True,Colombia,,,,,,,,,,,,"1,0",,,,"2,0","0,0",,,,"4,0","1,0",,,,,"0,0",,,,,,,,,,,,,,"0,0","13,8","0,0"
15035393,home,4-2-3-1,33596,David Ospina,D. Ospina,G,"1,0",False,Colombia,,,0,0,0,0,0,,,,,,,0,0,,,2025-11-16 00:30:00,Int. Friendly Games,Colombia,4820,New Zealand,4784,2,1,W,New Zealand,home,True,Colombia,,,,,,,,,,,,,,,,,"0,0",,,,,,,,,,,,,,,,,,,,,,,,,,
15035393,home,4-2-3-1,125787,Camilo Vargas,C. Vargas,G,"12,0",False,Colombia,,,0,0,0,0,0,,,,,,,0,0,,,2025-11-16 00:30:00,Int. Friendly Games,Colombia,4820,New Zealand,4784,2,1,W,New Zealand,home,True,Colombia,,,,,,,,,,,,,,,,,"0,0",,,,,,,,,,,,,,,,,,,,,,,,,,
15035393,home,4-2-3-1,566102,Davinson Sánchez,D. Sánchez,D,"6,0",False,Colombia,,,0,0,0,0,0,,,,,,,0,0,,,2025-11-16 00:30:00,Int. Friendly Games,Colombia,4820,New Zealand,4784,2,1,W,New Zealand,home,True,Colombia,,,,,,,,,,,,,,,,,"0,0",,,,,,,,,,,,,,,,,,,,,,,,,,
15035393,home,4-2-3-1,344847,Johan Mojica,J. Mojica,D,"22,0",False,Colombia,,,0,0,0,0,0,,,,,,,0,0,,,2025-11-16 00:30:00,Int. Friendly Games,Colombia,4820,New Zealand,4784,2,1,W,New Zealand,home,True,Colombia,,,,,,,,,,,,,,,,,"0,0",,,,,,,,,,,,,,,,,,,,,,,,,,
15035393,home,4-2-3-1,870360,Daniel Muñoz,D. Muñoz,M,"2,0",False,Colombia,,,0,0,0,0,0,,,,,,,0,0,,,2025-11-16 00:30:00,Int. Friendly Games,Colombia,4820,New Zealand,4784,2,1,W,New Zealand,home,True,Colombia,,,,,,,,,,,,,,,,,"0,0",,,,,,,,,,,,,,,,,,,,,,,,,,
15035393,home,4-2-3-1,980580,Juan Portilla,J. Portilla,M,"27,0",False,Colombia,,,0,0,0,0,0,,,,,,,0,0,,,2025-11-16 00:30:00,Int. Friendly Games,Colombia,4820,New Zealand,4784,2,1,W,New Zealand,home,True,Colombia,,,,,,,,,,,,,,,,,"0,0",,,,,,,,,,,,,,,,,,,,,,,,,,
15035393,home,4-2-3-1,1015292,Richard Ríos,R. Ríos,M,"20,0",False,Colombia,,,0,0,0,0,0,,,,,,,0,0,,,2025-11-16 00:30:00,Int. Friendly Games,Colombia,4820,New Zealand,4784,2,1,W,New Zealand,home,True,Colombia,,,,,,,,,,,,,,,,,"0,0",,,,,,,,,,,,,,,,,,,,,,,,,,
15035393,home,4-2-3-1,1160386,Andrés Gómez,A. Gómez,M,"11,0",False,Colombia,,,0,0,0,0,0,,,,,,,0,0,,,2025-11-16 00:30:00,Int. Friendly Games,Colombia,4820,New Zealand,4784,2,1,W,New Zealand,home,True,Colombia,,,,,,,,,,,,,,,,,"0,0",,,,,,,,,,,,,,,,,,,,,,,,,,
15035393,home,4-2-3-1,914213,Luis Javier Suárez,L. J. Suárez ,F,"97,0",False,Colombia,,,0,0,0,0,0,,,,,,,0,0,,,2025-11-16 00:30:00,Int. Friendly Games,Colombia,4820,New Zealand,4784,2,1,W,New Zealand,home,True,Colombia,,,,,,,,,,,,,,,,,"0,0",,,,,,,,,,,,,,,,,,,,,,,,,,
15035393,away,4-2-3-1,197904,Max Crocombe,M. Crocombe,G,"15,0",True,New Zealand,"7,1","90,0",0,0,0,0,0,"12,0","27,0","44,4",,,,0,0,,,2025-11-16 00:30:00,Int. Friendly Games,Colombia,4820,New Zealand,4784,2,1,W,New Zealand,home,False,Colombia,,,,,,,,,,,,,,,,,"0,0",,,,,,,,,,,,,,,,,,,,,,,,"0,0","12,0","0,0"
15035393,away,4-2-3-1,155892,Bill Tuiloma,B. Tuiloma,D,"28,0",True,New Zealand,"6,4","65,0",0,0,0,0,1,"15,0","17,0","88,2",,,,0,0,,,2025-11-16 00:30:00,Int. Friendly Games,Colombia,4820,New Zealand,4784,2,1,W,New Zealand,home,False,Colombia,,,,,,,,,,,,,,,,,"0,0",,,,,,,,,,,,,,,,,,,,,,,,"0,0","20,8","0,0"
15035393,away,4-2-3-1,1167100,Finn Surman,F. Surman,D,"20,0",True,New Zealand,"7,3","90,0",0,0,0,0,0,"27,0","33,0","81,8","1,0",,"3,0",0,0,,,2025-11-16 00:30:00,Int. Friendly Games,Colombia,4820,New Zealand,4784,2,1,W,New Zealand,home,False,Colombia,,,,,,,,,,,,,,,,,"0,0",,,,,,,,,,,,,,,,,,,,,,,,"0,0","27,0","0,0"
15035393,away,4-2-3-1,38624,Michael Boxall,M. Boxall,D,"15,0",True,New Zealand,"7,0","90,0",0,0,1,0,0,"16,0","18,0","88,9","5,0",,,0,0,,,2025-11-16 00:30:00,Int. Friendly Games,Colombia,4820,New Zealand,4784,2,1,W,New Zealand,home,False,Colombia,,,,,,,,,,,,,,,,,"1,0",,,,,,,,,,,,,,,,,,,,,,"90,0","90,0","0,0","16,0","0,0"
15035393,away,4-2-3-1,867714,Francis De Vries,F. De Vries,D,"15,0",True,New Zealand,"6,4","86,0",0,0,0,0,0,"16,0","27,0","59,3","2,0",,,0,0,,,2025-11-16 00:30:00,Int. Friendly Games,Colombia,4820,New Zealand,4784,2,1,W,New Zealand,home,False,Colombia,,,,,,,,,,,,,,,,,"0,0",,,,,,,,,,,,,,,,,,,,,,,,"0,0","16,7","0,0"
15035393,away,4-2-3-1,1002620,Marko Stamenić,M. Stamenić,M,"6,0",True,New Zealand,"6,5","90,0",0,0,0,0,0,"26,0","34,0","76,5","6,0",,,0,0,,,2025-11-16 00:30:00,Int. Friendly Games,Colombia,4820,New Zealand,4784,2,1,W,New Zealand,home,False,Colombia,,,,,,,,,,,,,,,,,"0,0",,,,,,,,,,,,,,,,,,,,,,,,"0,0","26,0","0,0"
15035393,away,4-2-3-1,822749,Joe Bell,J. Bell,M,"8,0",True,New Zealand,"6,9","90,0",0,0,0,0,0,"35,0","38,0","92,1","5,0",,"1,0",0,0,,,2025-11-16 00:30:00,Int. Friendly Games,Colombia,4820,New Zealand,4784,2,1,W,New Zealand,home,False,Colombia,,,,,,,,,,,,,,,,,"0,0",,,,,,,,,,,,,,,,,,,,,,,,"0,0","35,0","0,0"
15035393,away,4-2-3-1,905267,Elijah Just,E. Just,M,"21,0",True,New Zealand,"6,8","74,0",0,0,0,0,0,"22,0","24,0","91,7","3,0",,"1,0",0,0,,,2025-11-16 00:30:00,Int. Friendly Games,Colombia,4820,New Zealand,4784,2,1,W,New Zealand,home,False,Colombia,,,,,,,,,,,,,,,,,"0,0",,,,,,,,,,,,,,,,,,,,,,,,"0,0","26,8","0,0"
15035393,away,4-2-3-1,822743,Sarpreet Singh,S. Singh,M,"9,0",True,New Zealand,"7,6","90,0",0,1,0,1,2,"27,0","31,0","87,1","9,0",,"2,0",0,0,,,2025-11-16 00:30:00,Int. Friendly Games,Colombia,4820,New Zealand,4784,2,1,W,New Zealand,home,False,Colombia,,,,,,,,,,,,,,,,,"1,0",,,,,,,,,,,,,,,,,,,,,,"90,0",,"1,0","27,0","0,0"
15035393,away,4-2-3-1,1002607,Matthew Garbett,M. Garbett,M,"28,0",True,New Zealand,"6,9","66,0",0,0,0,1,3,"14,0","16,0","87,5","2,0",,"2,0",0,0,,,2025-11-16 00:30:00,Int. Friendly Games,Colombia,4820,New Zealand,4784,2,1,W,New Zealand,home,False,Colombia,,,,,,,,,,,,,,,,,"1,0",,,,,,,,,,,,,,,,,,,,,,"66,0",,"0,0","19,1","0,0"
15035393,away,4-2-3-1,31857,Kosta Barbarouses,K. Barbarouses,F,"9,0",True,New Zealand,"6,7","74,0",0,0,1,0,0,"9,0","9,0","100,0","1,0",,,0,0,,,2025-11-16 00:30:00,Int. Friendly Games,Colombia,4820,New Zealand,4784,2,1,W,New Zealand,home,False,Colombia,,,,,,,,,,,,,,,,,"1,0",,,,,,,,,,,,,,,,,,,,,,"74,0","74,0","0,0","10,9","0,0"
15035393,away,4-2-3-1,309120,Storm Roux,S. Roux,D,"15,0",False,New Zealand,"6,3","25,0",0,0,0,0,1,"7,0","9,0","77,8",,,"1,0",0,0,,,2025-11-16 00:30:00,Int. Friendly Games,Colombia,4820,New Zealand,4784,2,1,W,New Zealand,home,False,Colombia,,,,,,,,,,,,,,,,,"0,0",,,,,,,,,,,,,,,,,,,,,,,,"0,0","25,2","0,0"
15035393,away,4-2-3-1,1122425,Benjamin Old,B. Old,M,"11,0",False,New Zealand,"7,2","24,0",1,0,1,0,0,"2,0","3,0","66,7",,,,0,0,,,2025-11-16 00:30:00,Int. Friendly Games,Colombia,4820,New Zealand,4784,2,1,W,New Zealand,home,False,Colombia,,,,,,,,,,,,,,,,,"1,0",,,,,,,,,,,,,,,,,,,,,,"24,0","24,0","3,75","7,5","0,0"
15035393,away,4-2-3-1,1002506,Jesse Randall,J. Randall,F,"21,0",False,New Zealand,"6,5","16,0",0,0,0,1,0,"2,0","3,0","66,7",,,,0,0,,,2025-11-16 00:30:00,Int. Friendly Games,Colombia,4820,New Zealand,4784,2,1,W,New Zealand,home,False,Colombia,,,,,,,,,,,,,,,,,"1,0",,,,,,,,,,,,,,,,,,,,,,"16,0",,"0,0","11,2","0,0"
15035393,away,4-2-3-1,944481,Ben Waine,B. Waine,F,"19,0",False,New Zealand,"6,5","16,0",0,0,0,0,0,"3,0","3,0","100,0",,,,0,0,,,2025-11-16 00:30:00,Int. Friendly Games,Colombia,4820,New Zealand,4784,2,1,W,New Zealand,home,False,Colombia,,,,,,,,,,,,,,,,,"0,0",,,,,,,,,,,,,,,,,,,,,,,,"0,0","16,9","0,0"
15035393,away,4-2-3-1,813841,James McGarry,J. McGarry,D,"23,0",False,New Zealand,"6,4","11,0",0,0,0,0,0,,"1,0",,"1,0",,,0,0,,,2025-11-16 00:30:00,Int. Friendly Games,Colombia,4820,New Zealand,4784,2,1,W,New Zealand,home,False,Colombia,,,,,,,,,,,,,,,,,"0,0",,,,,,,,,,,,,,,,,,,,,,,,"0,0","0,0","0,0"
15035393,away,4-2-3-1,795944,Nikola Tzanev,N. Tzanev,G,"33,0",False,New Zealand,,,0,0,0,0,0,,,,,,,0,0,,,2025-11-16 00:30:00,Int. Friendly Games,Colombia,4820,New Zealand,4784,2,1,W,New Zealand,home,False,Colombia,,,,,,,,,,,,,,,,,"0,0",,,,,,,,,,,,,,,,,,,,,,,,,,
15035393,away,4-2-3-1,1383755,Kees Sims,K. Sims,G,"13,0",False,New Zealand,,,0,0,0,0,0,,,,,,,0,0,,,2025-11-16 00:30:00,Int. Friendly Games,Colombia,4820,New Zealand,4784,2,1,W,New Zealand,home,False,Colombia,,,,,,,,,,,,,,,,,"0,0",,,,,,,,,,,,,,,,,,,,,,,,,,
15035393,away,4-2-3-1,927461,George Stanger,G. Stanger,D,"14,0",False,New Zealand,,,0,0,0,0,0,,,,,,,0,0,,,2025-11-16 00:30:00,Int. Friendly Games,Colombia,4820,New Zealand,4784,2,1,W,New Zealand,home,False,Colombia,,,,,,,,,,,,,,,,,"0,0",,,,,,,,,,,,,,,,,,,,,,,,,,
15035393,away,4-2-3-1,1514870,Tyler Bindon,T. Bindon,D,"6,0",False,New Zealand,,,0,0,0,0,0,,,,,,,0,0,,,2025-11-16 00:30:00,Int. Friendly Games,Colombia,4820,New Zealand,4784,2,1,W,New Zealand,home,False,Colombia,,,,,,,,,,,,,,,,,"0,0",,,,,,,,,,,,,,,,,,,,,,,,,,
15035393,away,4-2-3-1,822750,Owen Parker Price,O. P. Price,M,"23,0",False,New Zealand,,,0,0,0,0,0,,,,,,,0,0,,,2025-11-16 00:30:00,Int. Friendly Games,Colombia,4820,New Zealand,4784,2,1,W,New Zealand,home,False,Colombia,,,,,,,,,,,,,,,,,"0,0",,,,,,,,,,,,,,,,,,,,,,,,,,
15035393,away,4-2-3-1,356256,Alex Rufer,A. Rufer,M,"14,0",False,New Zealand,,,0,0,0,0,0,,,,,,,0,0,,,2025-11-16 00:30:00,Int. Friendly Games,Colombia,4820,New Zealand,4784,2,1,W,New Zealand,home,False,Colombia,,,,,,,,,,,,,,,,,"0,0",,,,,,,,,,,,,,,,,,,,,,,,,,
15035393,away,4-2-3-1,358792,Andre De Jong,A. De Jong,M,"14,0",False,New Zealand,,,0,0,0,0,0,,,,,,,0,0,,,2025-11-16 00:30:00,Int. Friendly Games,Colombia,4820,New Zealand,4784,2,1,W,New Zealand,home,False,Colombia,,,,,,,,,,,,,,,,,"0,0",,,,,,,,,,,,,,,,,,,,,,,,,,
14784775,home,4-4-2,973286,Dayne St. Clair,D. St. Clair,G,"97,0",True,Canada,"6,8","90,0",0,0,0,0,0,"9,0","18,0","50,0",,,,0,0,,,2025-10-15 00:00:00,Int. Friendly Games,Canada,4752,Colombia,4820,0,0,D,Canada,away,False,Colombia,,,,,,,,,,,,,,,,,"0,0",,,,,,,,,,,,,,,,,,,,,,,,"0,0","9,0","0,0"
14784775,home,4-4-2,1411145,Niko Sigur,N. Sigur,D,"8,0",True,Canada,"7,2","85,0",0,0,0,0,0,"16,0","20,0","80,0","9,0",,,0,0,,,2025-10-15 00:00:00,Int. Friendly Games,Canada,4752,Colombia,4820,0,0,D,Canada,away,False,Colombia,,,,,,,,,,,,,,,,,"0,0",,,,,,,,,,,,,,,,,,,,,,,,"0,0","16,9","0,0"
14784775,home,4-4-2,1413129,Luc De Fougerolles,L. D. Fougerolles,D,"44,0",True,Canada,"6,7","90,0",0,0,0,0,0,"22,0","28,0","78,6","4,0",,"2,0",0,0,,,2025-10-15 00:00:00,Int. Friendly Games,Canada,4752,Colombia,4820,0,0,D,Canada,away,False,Colombia,,,,,,,,,,,,,,,,,"0,0",,,,,,,,,,,,,,,,,,,,,,,,"0,0","22,0","0,0"
14784775,home,4-4-2,801411,Derek Cornelius,D. Cornelius,D,"13,0",True,Canada,"7,2","90,0",0,0,0,0,0,"32,0","40,0","80,0","7,0",,,0,0,,,2025-10-15 00:00:00,Int. Friendly Games,Canada,4752,Colombia,4820,0,0,D,Canada,away,False,Colombia,,,,,,,,,,,,,,,,,"0,0",,,,,,,,,,,,,,,,,,,,,,,,"0,0","32,0","0,0"
14784775,home,4-4-2,829207,Richie Laryea,R. Laryea,D,"22,0",True,Canada,"7,2","90,0",0,0,0,0,0,"23,0","27,0","85,2","8,0",,"3,0",0,0,,,2025-10-15 00:00:00,Int. Friendly Games,Canada,4752,Colombia,4820,0,0,D,Canada,away,False,Colombia,,,,,,,,,,,,,,,,,"0,0",,,,,,,,,,,,,,,,,,,,,,,,"0,0","23,0","0,0"
14784775,home,4-4-2,973290,Tajon Buchanan,T. Buchanan,M,"17,0",True,Canada,"6,8","71,0",0,0,1,1,0,"7,0","13,0","53,8","6,0",,,0,0,,,2025-10-15 00:00:00,Int. Friendly Games,Canada,4752,Colombia,4820,0,0,D,Canada,away,False,Colombia,,,,,,,,,,,,,,,,,"2,0",,,,,,,,,,,,,,,,,,,,,,"35,5","71,0","0,0","8,9","0,0"
14784775,home,4-4-2,1134351,Ismael Koné,I. Koné,M,"90,0",True,Canada,"7,0","84,0",0,0,0,1,1,"29,0","33,0","87,9","6,0",,,0,0,,,2025-10-15 00:00:00,Int. Friendly Games,Canada,4752,Colombia,4820,0,0,D,Canada,away,False,Colombia,,,,,,,,,,,,,,,,,"1,0",,,,,,,,,,,,,,,,,,,,,,"84,0",,"0,0","31,1","0,0"
14784775,home,4-4-2,886223,Stephen Eustaquio,S. Eustaquio,M,"46,0",True,Canada,"6,9","90,0",0,0,0,0,0,"46,0","57,0","80,7","4,0",,"2,0",0,0,,,2025-10-15 00:00:00,Int. Friendly Games,Canada,4752,Colombia,4820,0,0,D,Canada,away,False,Colombia,,,,,,,,,,,,,,,,,"0,0",,,,,,,,,,,,,,,,,,,,,,,,"0,0","46,0","0,0"
14784775,home,4-4-2,1464637,Ali Ahmed,A. Ahmed,M,"21,0",True,Canada,"6,7","61,0",0,0,0,0,0,"21,0","25,0","84,0","4,0",,,0,0,,,2025-10-15 00:00:00,Int. Friendly Games,Canada,4752,Colombia,4820,0,0,D,Canada,away,False,Colombia,,,,,,,,,,,,,,,,,"0,0",,,,,,,,,,,,,,,,,,,,,,,,"0,0","31,0","0,0"
14784775,home,4-4-2,1172477,Tani Oluwaseyi,T. Oluwaseyi,F,"21,0",True,Canada,"7,0","71,0",0,0,0,0,1,"6,0","8,0","75,0","5,0",,,0,0,,,2025-10-15 00:00:00,Int. Friendly Games,Canada,4752,Colombia,4820,0,0,D,Canada,away,False,Colombia,,,,,,,,,,,,,,,,,"0,0",,,,,,,,,,,,,,,,,,,,,,,,"0,0","7,6","0,0"
14784775,home,4-4-2,935564,Jonathan David,J. David,F,"30,0",True,Canada,"7,0","90,0",0,0,0,0,2,"26,0","37,0","70,3","6,0",,"1,0",0,0,,,2025-10-15 00:00:00,Int. Friendly Games,Canada,4752,Colombia,4820,0,0,D,Canada,away,False,Colombia,,,,,,,,,,,,,,,,,"0,0",,,,,,,,,,,,,,,,,,,,,,,,"0,0","26,0","0,0"
14784775,home,4-4-2,902083,Liam Millar,L. Millar,M,"7,0",False,Canada,"6,8","29,0",0,0,0,0,0,"6,0","8,0","75,0","4,0",,"1,0",0,0,,,2025-10-15 00:00:00,Int. Friendly Games,Canada,4752,Colombia,4820,0,0,D,Canada,away,False,Colombia,,,,,,,,,,,,,,,,,"0,0",,,,,,,,,,,,,,,,,,,,,,,,"0,0","18,6","0,0"
14784775,home,4-4-2,976313,Jacob Shaffelburg,J. Shaffelburg,M,"18,0",False,Canada,"6,4","19,0",0,0,0,0,0,"1,0","6,0","16,7",,,,0,0,,,2025-10-15 00:00:00,Int. Friendly Games,Canada,4752,Colombia,4820,0,0,D,Canada,away,False,Colombia,,,,,,,,,,,,,,,,,"0,0",,,,,,,,,,,,,,,,,,,,,,,,"0,0","4,7","0,0"
14784775,home,4-4-2,1119328,Promise David,P. David,F,"12,0",False,Canada,"6,9","19,0",0,0,0,0,0,"5,0","5,0","100,0","5,0",,,0,0,,,2025-10-15 00:00:00,Int. Friendly Games,Canada,4752,Colombia,4820,0,0,D,Canada,away,False,Colombia,,,,,,,,,,,,,,,,,"0,0",,,,,,,,,,,,,,,,,,,,,,,,"0,0","23,7","0,0"
14784775,home,4-4-2,937255,Mathieu Choinière,M. Choinière,M,"66,0",False,Canada,"6,8","11,0",0,0,0,0,0,"1,0","1,0","100,0","1,0",,,0,0,,,2025-10-15 00:00:00,Int. Friendly Games,Canada,4752,Colombia,4820,0,0,D,Canada,away,False,Colombia,,,,,,,,,,,,,,,,,"0,0",,,,,,,,,,,,,,,,,,,,,,,,"0,0","8,2","0,0"
14784775,home,4-4-2,976163,Zorhan Bassong,Z. Bassong,M,"22,0",False,Canada,"6,7","10,0",0,0,0,0,0,"2,0","2,0","100,0",,,"1,0",0,0,,,2025-10-15 00:00:00,Int. Friendly Games,Canada,4752,Colombia,4820,0,0,D,Canada,away,False,Colombia,,,,,,,,,,,,,,,,,"0,0",,,,,,,,,,,,,,,,,,,,,,,,"0,0","18,0","0,0"
14784775,home,4-4-2,155736,Maxime Crépeau,M. Crépeau,G,"71,0",False,Canada,,,0,0,0,0,0,,,,,,,0,0,,,2025-10-15 00:00:00,Int. Friendly Games,Canada,4752,Colombia,4820,0,0,D,Canada,away,False,Colombia,,,,,,,,,,,,,,,,,"0,0",,,,,,,,,,,,,,,,,,,,,,,,,,
14784775,home,4-4-2,1172531,Luka Gavran,L. Gavran,G,"1,0",False,Canada,,,0,0,0,0,0,,,,,,,0,0,,,2025-10-15 00:00:00,Int. Friendly Games,Canada,4752,Colombia,4820,0,0,D,Canada,away,False,Colombia,,,,,,,,,,,,,,,,,"0,0",,,,,,,,,,,,,,,,,,,,,,,,,,
14784775,home,4-4-2,934841,Kamal Miller,K. Miller,D,"4,0",False,Canada,,,0,0,0,0,0,,,,,,,0,0,,,2025-10-15 00:00:00,Int. Friendly Games,Canada,4752,Colombia,4820,0,0,D,Canada,away,False,Colombia,,,,,,,,,,,,,,,,,"0,0",,,,,,,,,,,,,,,,,,,,,,,,,,
14784775,home,4-4-2,1020472,Joel Waterman,J. Waterman,D,"16,0",False,Canada,,,0,0,0,0,0,,,,,,,0,0,,,2025-10-15 00:00:00,Int. Friendly Games,Canada,4752,Colombia,4820,0,0,D,Canada,away,False,Colombia,,,,,,,,,,,,,,,,,"0,0",,,,,,,,,,,,,,,,,,,,,,,,,,
14784775,home,4-4-2,273031,Jonathan Osorio,J. Osorio,M,"21,0",False,Canada,,,0,0,0,0,0,,,,,,,0,0,,,2025-10-15 00:00:00,Int. Friendly Games,Canada,4752,Colombia,4820,0,0,D,Canada,away,False,Colombia,,,,,,,,,,,,,,,,,"0,0",,,,,,,,,,,,,,,,,,,,,,,,,,
14784775,home,4-4-2,1093229,Nathan-Dylan Saliba,N. Saliba,M,"13,0",False,Canada,,,0,0,0,0,0,,,,,,,0,0,,,2025-10-15 00:00:00,Int. Friendly Games,Canada,4752,Colombia,4820,0,0,D,Canada,away,False,Colombia,,,,,,,,,,,,,,,,,"0,0",,,,,,,,,,,,,,,,,,,,,,,,,,
14784775,home,4-4-2,790179,Cyle Larin,C. Larin,F,"9,0",False,Canada,,,0,0,0,0,0,,,,,,,0,0,,,2025-10-15 00:00:00,Int. Friendly Games,Canada,4752,Colombia,4820,0,0,D,Canada,away,False,Colombia,,,,,,,,,,,,,,,,,"0,0",,,,,,,,,,,,,,,,,,,,,,,,,,
14784775,home,4-4-2,1002489,Jayden Nelson,J. Nelson,F,"7,0",False,Canada,,,0,0,0,0,0,,,,,,,0,0,,,2025-10-15 00:00:00,Int. Friendly Games,Canada,4752,Colombia,4820,0,0,D,Canada,away,False,Colombia,,,,,,,,,,,,,,,,,"0,0",,,,,,,,,,,,,,,,,,,,,,,,,,
14784775,away,4-2-3-1,926238,Álvaro Montero,Á. Montero,G,"12,0",True,Colombia,"7,2","90,0",0,0,0,0,0,"23,0","25,0","92,0",,,,0,0,,,2025-10-15 00:00:00,Int. Friendly Games,Canada,4752,Colombia,4820,0,0,D,Canada,away,True,Colombia,,,,,,,,,"4,0","2,0",,"3,0","1,0","5,0","1,0","2,0","0,0",,,,"32,0",,,,,,"0,0",,,,,"1,0",,,,,,,,,"0,0","23,0","5,0"
14784775,away,4-2-3-1,870013,Andrés Román,A. Román,D,"6,0",True,Colombia,"6,4","90,0",0,0,0,1,0,"26,0","35,0","74,3","5,0","14,0",,0,0,,,2025-10-15 00:00:00,Int. Friendly Games,Canada,4752,Colombia,4820,0,0,D,Canada,away,True,Colombia,"9,0","35,7","1,0",,"1,0","100,0","1,0",,"3,0","1,0",,"17,0","11,0","1,0","3,0","19,0","1,0","1,0",,"1,0","66,0","2,0","2,0","4,0","1,0",,"0,0",,"1,0","2,0",,,,,,,,,"90,0",,"0,0","26,0","1,0"
14784775,away,4-2-3-1,566102,Davinson Sánchez,D. Sánchez,D,"6,0",True,Colombia,"7,2","90,0",0,0,0,0,0,"55,0","62,0","88,7","4,0","6,0","1,0",0,0,,,2025-10-15 00:00:00,Int. Friendly Games,Canada,4752,Colombia,4820,0,0,D,Canada,away,True,Colombia,"2,0","66,7","1,0","2,0","3,0","33,3","2,0","1,0","6,0","4,0",,"15,0","11,0","4,0","4,0","7,0","0,0",,,,"71,0",,,,,,"0,0",,,"1,0",,,,,,,,,,,"0,0","55,0","4,0"
14784775,away,4-2-3-1,818481,Jhon Lucumí,J. Lucumí,D,"26,0",True,Colombia,"7,3","90,0",0,0,0,0,0,"69,0","74,0","93,2","1,0","1,0",,0,0,,,2025-10-15 00:00:00,Int. Friendly Games,Canada,4752,Colombia,4820,0,0,D,Canada,away,True,Colombia,,"100,0","1,0",,"1,0","100,0",,,"12,0","7,0",,"10,0","7,0","3,0","7,0","5,0","0,0",,,,"83,0",,,,,,"0,0",,,,,,,,,,,,,,"0,0","69,0","3,0"
14784775,away,4-2-3-1,344847,Johan Mojica,J. Mojica,D,"22,0",True,Colombia,"7,4","90,0",0,0,0,0,0,"60,0","66,0","90,9","8,0","14,0","3,0",0,0,,,2025-10-15 00:00:00,Int. Friendly Games,Canada,4752,Colombia,4820,0,0,D,Canada,away,True,Colombia,"6,0","57,1","2,0","2,0","4,0","50,0","5,0","4,0","7,0","4,0","3,0","17,0","13,0","6,0","2,0","11,0","0,0",,,,"100,0",,,"1,0",,,"0,0",,"2,0","1,0",,,,,,,,,,,"0,0","60,0","6,0"
14784775,away,4-2-3-1,1015292,Richard Ríos,R. Ríos,M,"20,0",True,Colombia,"6,4","78,0",0,0,0,0,0,"21,0","27,0","77,8","7,0","15,0","1,0",0,0,,,2025-10-15 00:00:00,Int. Friendly Games,Canada,4752,Colombia,4820,0,0,D,Canada,away,True,Colombia,"8,0","46,7","1,0",,"1,0","100,0","1,0",,"2,0",,,"13,0","8,0","5,0","1,0","17,0","0,0",,,,"50,0","6,0","5,0","1,0","1,0",,"0,0",,"2,0","4,0",,,,,,,,,,,"0,0","24,2","5,8"
14784775,away,4-2-3-1,980580,Juan Portilla,J. Portilla,M,"27,0",True,Colombia,"7,0","79,0",0,0,0,1,0,"39,0","44,0","88,6","5,0","10,0","1,0",0,0,,,2025-10-15 00:00:00,Int. Friendly Games,Canada,4752,Colombia,4820,0,0,D,Canada,away,True,Colombia,"5,0","50,0","1,0","2,0","3,0","33,3","2,0","1,0","4,0","2,0",,"17,0","15,0","5,0","2,0","6,0","1,0",,,,"55,0",,,"2,0","1,0",,"0,0",,"2,0","1,0",,,,,,,,,"79,0",,"0,0","44,4","5,7"
14784775,away,4-2-3-1,221162,Juan Fernando Quintero,J. Quintero,M,"10,0",True,Colombia,"6,6","60,0",0,0,0,0,0,"25,0","31,0","80,6","1,0","3,0",,0,0,,,2025-10-15 00:00:00,Int. Friendly Games,Canada,4752,Colombia,4820,0,0,D,Canada,away,True,Colombia,"2,0","33,3",,,,,"1,0","1,0","5,0","4,0","2,0","17,0","13,0","1,0",,"10,0","1,0",,,,"38,0",,"1,0","1,0",,,"0,0",,,,,,,,,,,,"60,0",,"0,0","37,5","1,5"
14784775,away,4-2-3-1,877299,Jaminton Campaz,Jaminton Campaz,M,"8,0",True,Colombia,"6,4","45,0",0,0,0,0,0,"10,0","14,0","71,4","3,0","9,0",,0,0,,,2025-10-15 00:00:00,Int. Friendly Games,Canada,4752,Colombia,4820,0,0,D,Canada,away,True,Colombia,"6,0","33,3","1,0",,"1,0","100,0",,,,,"1,0","4,0","3,0","1,0","2,0","8,0","0,0",,,,"23,0","1,0","1,0","2,0","1,0",,"0,0",,"3,0","1,0",,,,,,,,,,,"0,0","20,0","2,0"
14784775,away,4-2-3-1,883537,Luis Díaz,L. Díaz,M,"14,0",True,Colombia,"6,9","60,0",0,0,0,1,0,"13,0","18,0","72,2","10,0","15,0",,0,0,,,2025-10-15 00:00:00,Int. Friendly Games,Canada,4752,Colombia,4820,0,0,D,Canada,away,True,Colombia,"5,0","66,7",,"1,0","1,0","0,0","3,0","2,0","1,0","1,0",,"9,0","8,0","3,0",,"12,0","1,0","1,0",,,"41,0","3,0","1,0","4,0","1,0",,"0,0",,,"6,0",,,,,,,,,"60,0",,"0,0","19,5","4,5"
14784775,away,4-2-3-1,887055,Cucho Hernández,C. Hernández,F,"19,0",True,Colombia,"6,6","60,0",0,0,0,0,1,"6,0","12,0","50,0","3,0","8,0",,0,0,,,2025-10-15 00:00:00,Int. Friendly Games,Canada,4752,Colombia,4820,0,0,D,Canada,away,True,Colombia,"5,0","37,5","3,0","1,0","4,0","75,0",,,"1,0",,,"9,0","3,0","2,0",,"8,0","0,0",,"1,0",,"14,0","2,0",,,,,"0,0",,"4,0",,,,,,,,,,,,"0,0","9,0","3,0"
14784775,away,4-2-3-1,107414,James Rodríguez,J. Rodríguez,M,"10,0",False,Colombia,"6,8","45,0",0,0,0,0,0,"33,0","36,0","91,7","1,0","2,0",,0,0,,,2025-10-15 00:00:00,Int. Friendly Games,Canada,4752,Colombia,4820,0,0,D,Canada,away,True,Colombia,"1,0","50,0",,"1,0","1,0","0,0",,,"4,0","3,0","1,0","21,0","18,0","1,0",,"5,0","0,0",,,,"40,0","1,0",,,,,"0,0",,,"1,0",,,,,,,,,,,"0,0","66,0","2,0"
14784775,away,4-2-3-1,981374,Kevin Serna,K. Serna,M,"90,0",False,Colombia,"6,4","30,0",0,0,0,0,0,"9,0","9,0","100,0","2,0","7,0",,0,0,,,2025-10-15 00:00:00,Int. Friendly Games,Canada,4752,Colombia,4820,0,0,D,Canada,away,True,Colombia,"5,0","28,6","1,0",,"1,0","100,0",,,"1,0","1,0",,"6,0","6,0","4,0","1,0","4,0","0,0",,,,"16,0",,"1,0","4,0","1,0",,"0,0",,,,,,,,,,,,,,"0,0","27,0","12,0"
14784775,away,4-2-3-1,1092769,Yáser Asprilla,Y. Asprilla,M,"22,0",False,Colombia,"6,2","30,0",0,0,1,0,0,"15,0","17,0","88,2","1,0","5,0",,0,0,,,2025-10-15 00:00:00,Int. Friendly Games,Canada,4752,Colombia,4820,0,0,D,Canada,away,True,Colombia,"4,0","20,0",,,,,,,"1,0",,"1,0","9,0","9,0",,,"8,0","1,0","1,0",,,"26,0","2,0","2,0","1,0","1,0",,"0,0",,"2,0",,,,,,,,,,"30,0","30,0","0,0","45,0","0,0"
14784775,away,4-2-3-1,560116,Rafael Borré,R. Borré,F,"19,0",False,Colombia,"6,1","30,0",0,0,0,1,0,"6,0","6,0","100,0",,"8,0",,0,0,,,2025-10-15 00:00:00,Int. Friendly Games,Canada,4752,Colombia,4820,0,0,D,Canada,away,True,Colombia,"8,0","0,0",,"3,0","3,0","0,0",,,,,"1,0","5,0","5,0","1,0",,"4,0","1,0","1,0",,,"12,0",,"3,0",,,,"0,0",,"2,0",,,,,,,,,,"30,0",,"0,0","18,0","3,0"
14784775,away,4-2-3-1,1066915,Kevin Castaño,K. Castaño,M,"22,0",False,Colombia,"6,7","12,0",0,0,0,0,1,"12,0","13,0","92,3",,"3,0",,0,0,,,2025-10-15 00:00:00,Int. Friendly Games,Canada,4752,Colombia,4820,0,0,D,Canada,away,True,Colombia,"3,0","0,0",,,,,,,,,"1,0","8,0","7,0",,,"3,0","0,0",,"1,0",,"17,0",,"2,0",,,,"0,0",,"1,0",,,,,,,,,,,,"0,0","90,0","0,0"
14784775,away,4-2-3-1,355796,Jefferson Lerma,J. Lerma,M,"8,0",False,Colombia,"6,7","11,0",0,0,0,0,0,"12,0","15,0","80,0","1,0","1,0","2,0",0,0,,,2025-10-15 00:00:00,Int. Friendly Games,Canada,4752,Colombia,4820,0,0,D,Canada,away,True,Colombia,,"100,0","1,0",,"1,0","100,0",,,"2,0","1,0",,"8,0","5,0","2,0","1,0","4,0","0,0",,,,"19,0","1,0",,,,,"0,0",,"1,0",,,,,,,,,,,,"0,0","98,2","16,4"
14784775,away,4-2-3-1,33596,David Ospina,D. Ospina,G,"1,0",False,Colombia,,,0,0,0,0,0,,,,,,,0,0,,,2025-10-15 00:00:00,Int. Friendly Games,Canada,4752,Colombia,4820,0,0,D,Canada,away,True,Colombia,,,,,,,,,,,,,,,,,"0,0",,,,,,,,,,,,,,,,,,,,,,,,,,
14784775,away,4-2-3-1,876190,Kevin Mier,K. Mier,G,"23,0",False,Colombia,,,0,0,0,0,0,,,,,,,0,0,,,2025-10-15 00:00:00,Int. Friendly Games,Canada,4752,Colombia,4820,0,0,D,Canada,away,True,Colombia,,,,,,,,,,,,,,,,,"0,0",,,,,,,,,,,,,,,,,,,,,,,,,,
14784775,away,4-2-3-1,824511,Álvaro Angulo,Á. Angulo,D,"77,0",False,Colombia,,,0,0,0,0,0,,,,,,,0,0,,,2025-10-15 00:00:00,Int. Friendly Games,Canada,4752,Colombia,4820,0,0,D,Canada,away,True,Colombia,,,,,,,,,,,,,,,,,"0,0",,,,,,,,,,,,,,,,,,,,,,,,,,
14784775,away,4-2-3-1,1014835,Yerson Mosquera,Y. Mosquera,D,"15,0",False,Colombia,,,0,0,0,0,0,,,,,,,0,0,,,2025-10-15 00:00:00,Int. Friendly Games,Canada,4752,Colombia,4820,0,0,D,Canada,away,True,Colombia,,,,,,,,,,,,,,,,,"0,0",,,,,,,,,,,,,,,,,,,,,,,,,,
14784775,away,4-2-3-1,931705,Willer Ditta,W. Ditta,D,"4,0",False,Colombia,,,0,0,0,0,0,,,,,,,0,0,,,2025-10-15 00:00:00,Int. Friendly Games,Canada,4752,Colombia,4820,0,0,D,Canada,away,True,Colombia,,,,,,,,,,,,,,,,,"0,0",,,,,,,,,,,,,,,,,,,,,,,,,,
14784775,away,4-2-3-1,870360,Daniel Muñoz,D. Muñoz,M,"2,0",False,Colombia,,,0,0,0,0,0,,,,,,,0,0,,,2025-10-15 00:00:00,Int. Friendly Games,Canada,4752,Colombia,4820,0,0,D,Canada,away,True,Colombia,,,,,,,,,,,,,,,,,"0,0",,,,,,,,,,,,,,,,,,,,,,,,,,
14784775,away,4-2-3-1,925125,Johan Carbonero,J. Carbonero,F,"7,0",False,Colombia,,,0,0,0,0,0,,,,,,,0,0,,,2025-10-15 00:00:00,Int. Friendly Games,Canada,4752,Colombia,4820,0,0,D,Canada,away,True,Colombia,,,,,,,,,,,,,,,,,"0,0",,,,,,,,,,,,,,,,,,,,,,,,,,
14784775,away,4-2-3-1,914213,Luis Javier Suárez,L. J. Suárez ,F,"97,0",False,Colombia,,,0,0,0,0,0,,,,,,,0,0,,,2025-10-15 00:00:00,Int. Friendly Games,Canada,4752,Colombia,4820,0,0,D,Canada,away,True,Colombia,,,,,,,,,,,,,,,,,"0,0",,,,,,,,,,,,,,,,,,,,,,,,,,
14784774,home,4-2-3-1,830240,Luis Malagón,L. Malagón,G,"1,0",True,Mexico,"5,8","90,0",0,0,0,0,0,"24,0","27,0","88,9",,,,0,0,,,2025-10-12 01:00:00,Int. Friendly Games,Mexico,4781,Colombia,4820,0,4,W,Mexico,away,False,Colombia,,,,,,,,,,,,,,,,,"0,0",,,,,,,,,,,,,,,,,,,,,,,,"0,0","24,0","0,0"
14784774,home,4-2-3-1,832868,Jorge Sánchez,J. Sánchez,D,"35,0",True,Mexico,"6,0","90,0",0,0,0,0,0,"35,0","42,0","83,3","4,0",,"1,0",0,0,,,2025-10-12 01:00:00,Int. Friendly Games,Mexico,4781,Colombia,4820,0,4,W,Mexico,away,False,Colombia,,,,,,,,,,,,,,,,,"0,0",,,,,,,,,,,,,,,,,,,,,,,,"0,0","35,0","0,0"
14784774,home,4-2-3-1,818406,César Montes,C. Montes,D,"23,0",True,Mexico,"6,1","90,0",0,0,0,0,0,"70,0","79,0","88,6","2,0",,,0,0,,,2025-10-12 01:00:00,Int. Friendly Games,Mexico,4781,Colombia,4820,0,4,W,Mexico,away,False,Colombia,,,,,,,,,,,,,,,,,"0,0",,,,,,,,,,,,,,,,,,,,,,,,"0,0","70,0","0,0"
14784774,home,4-2-3-1,889785,Johan Vásquez,J. Vásquez,D,"22,0",True,Mexico,"6,5","90,0",0,0,0,0,0,"64,0","70,0","91,4","4,0",,"3,0",0,0,,,2025-10-12 01:00:00,Int. Friendly Games,Mexico,4781,Colombia,4820,0,4,W,Mexico,away,False,Colombia,,,,,,,,,,,,,,,,,"0,0",,,,,,,,,,,,,,,,,,,,,,,,"0,0","64,0","0,0"
14784774,home,4-2-3-1,770253,Jesús Gallardo,J. Gallardo,D,"20,0",True,Mexico,"6,8","90,0",0,0,0,1,0,"36,0","40,0","90,0","6,0",,"1,0",0,0,,,2025-10-12 01:00:00,Int. Friendly Games,Mexico,4781,Colombia,4820,0,4,W,Mexico,away,False,Colombia,,,,,,,,,,,,,,,,,"1,0",,,,,,,,,,,,,,,,,,,,,,"90,0",,"0,0","36,0","0,0"
14784774,home,4-2-3-1,944068,Erik Lira,E. Lira,D,"6,0",True,Mexico,"6,5","77,0",0,0,0,0,0,"43,0","53,0","81,1","5,0",,,0,0,,,2025-10-12 01:00:00,Int. Friendly Games,Mexico,4781,Colombia,4820,0,4,W,Mexico,away,False,Colombia,,,,,,,,,,,,,,,,,"0,0",,,,,,,,,,,,,,,,,,,,,,,,"0,0","50,3","0,0"
14784774,home,4-2-3-1,942167,Marcel Ruíz,M. Ruíz,M,"14,0",True,Mexico,"6,5","57,0",0,0,0,0,0,"25,0","33,0","75,8","6,0",,,0,0,,,2025-10-12 01:00:00,Int. Friendly Games,Mexico,4781,Colombia,4820,0,4,W,Mexico,away,False,Colombia,,,,,,,,,,,,,,,,,"0,0",,,,,,,,,,,,,,,,,,,,,,,,"0,0","39,5","0,0"
14784774,home,4-2-3-1,874535,Diego Lainez,D. Lainez,M,"16,0",True,Mexico,"6,3","57,0",0,0,0,0,0,"17,0","20,0","85,0","2,0",,,0,0,,,2025-10-12 01:00:00,Int. Friendly Games,Mexico,4781,Colombia,4820,0,4,W,Mexico,away,False,Colombia,,,,,,,,,,,,,,,,,"0,0",,,,,,,,,,,,,,,,,,,,,,,,"0,0","26,8","0,0"
14784774,home,4-2-3-1,850404,Orbelín Pineda,O. Pineda,M,"13,0",True,Mexico,"6,0","57,0",0,0,1,0,0,"9,0","12,0","75,0",,,,0,0,,,2025-10-12 01:00:00,Int. Friendly Games,Mexico,4781,Colombia,4820,0,4,W,Mexico,away,False,Colombia,,,,,,,,,,,,,,,,,"1,0",,,,,,,,,,,,,,,,,,,,,,"57,0","57,0","0,0","14,2","0,0"
14784774,home,4-2-3-1,815637,Alexis Vega,A. Vega,M,"9,0",True,Mexico,"6,4","67,0",0,0,0,0,1,"13,0","15,0","86,7","3,0",,,0,0,,,2025-10-12 01:00:00,Int. Friendly Games,Mexico,4781,Colombia,4820,0,4,W,Mexico,away,False,Colombia,,,,,,,,,,,,,,,,,"0,0",,,,,,,,,,,,,,,,,,,,,,,,"0,0","17,5","0,0"
14784774,home,4-2-3-1,892141,Santiago Giménez,S. Giménez,F,"7,0",True,Mexico,"6,5","67,0",0,0,0,1,1,"4,0","6,0","66,7",,,,0,0,,,2025-10-12 01:00:00,Int. Friendly Games,Mexico,4781,Colombia,4820,0,4,W,Mexico,away,False,Colombia,,,,,,,,,,,,,,,,,"1,0",,,,,,,,,,,,,,,,,,,,,,"67,0",,"0,0","5,4","0,0"
14784774,home,4-2-3-1,1172773,Luis Romo,L. Romo,D,"7,0",False,Mexico,"6,4","33,0",0,0,0,0,0,"24,0","30,0","80,0","1,0",,,0,0,,,2025-10-12 01:00:00,Int. Friendly Games,Mexico,4781,Colombia,4820,0,4,W,Mexico,away,False,Colombia,,,,,,,,,,,,,,,,,"0,0",,,,,,,,,,,,,,,,,,,,,,,,"0,0","65,5","0,0"
14784774,home,4-2-3-1,845322,Erick Sánchez,E. Sánchez,M,"28,0",False,Mexico,"6,5","33,0",0,0,0,0,1,"14,0","17,0","82,4","2,0",,,0,0,,,2025-10-12 01:00:00,Int. Friendly Games,Mexico,4781,Colombia,4820,0,4,W,Mexico,away,False,Colombia,,,,,,,,,,,,,,,,,"0,0",,,,,,,,,,,,,,,,,,,,,,,,"0,0","38,2","0,0"
14784774,home,4-2-3-1,385320,Hirving Lozano,H. Lozano,F,"11,0",False,Mexico,"7,1","33,0",0,0,1,0,1,"7,0","10,0","70,0","3,0",,,0,0,,,2025-10-12 01:00:00,Int. Friendly Games,Mexico,4781,Colombia,4820,0,4,W,Mexico,away,False,Colombia,,,,,,,,,,,,,,,,,"1,0",,,,,,,,,,,,,,,,,,,,,,"33,0","33,0","0,0","19,1","0,0"
14784774,home,4-2-3-1,843114,Julián Quiñones,J. Quiñones,F,"33,0",False,Mexico,"6,7","23,0",0,0,0,0,2,"8,0","10,0","80,0","2,0",,,0,0,,,2025-10-12 01:00:00,Int. Friendly Games,Mexico,4781,Colombia,4820,0,4,W,Mexico,away,False,Colombia,,,,,,,,,,,,,,,,,"0,0",,,,,,,,,,,,,,,,,,,,,,,,"0,0","31,3","0,0"
14784774,home,4-2-3-1,822606,Germán Berterame,G. Berterame,F,"19,0",False,Mexico,"6,3","23,0",0,0,0,1,0,"3,0","4,0","75,0",,,,0,0,,,2025-10-12 01:00:00,Int. Friendly Games,Mexico,4781,Colombia,4820,0,4,W,Mexico,away,False,Colombia,,,,,,,,,,,,,,,,,"1,0",,,,,,,,,,,,,,,,,,,,,,"23,0",,"0,0","11,7","0,0"
14784774,home,4-2-3-1,845849,Carlos Rodríguez,C. Rodríguez,M,"19,0",False,Mexico,"6,6","13,0",0,0,0,1,0,"13,0","13,0","100,0",,,,0,0,,,2025-10-12 01:00:00,Int. Friendly Games,Mexico,4781,Colombia,4820,0,4,W,Mexico,away,False,Colombia,,,,,,,,,,,,,,,,,"1,0",,,,,,,,,,,,,,,,,,,,,,"13,0",,"0,0","90,0","0,0"
14784774,home,4-2-3-1,990408,Raúl Rangel,R. Rangel,G,"1,0",False,Mexico,,,0,0,0,0,0,,,,,,,0,0,,,2025-10-12 01:00:00,Int. Friendly Games,Mexico,4781,Colombia,4820,0,4,W,Mexico,away,False,Colombia,,,,,,,,,,,,,,,,,"0,0",,,,,,,,,,,,,,,,,,,,,,,,,,
14784774,home,4-2-3-1,840519,Carlos Acevedo,C. Acevedo,G,"1,0",False,Mexico,,,0,0,0,0,0,,,,,,,0,0,,,2025-10-12 01:00:00,Int. Friendly Games,Mexico,4781,Colombia,4820,0,4,W,Mexico,away,False,Colombia,,,,,,,,,,,,,,,,,"0,0",,,,,,,,,,,,,,,,,,,,,,,,,,
14784774,home,4-2-3-1,989236,Israel Reyes,I. Reyes,D,"3,0",False,Mexico,,,0,0,0,0,0,,,,,,,0,0,,,2025-10-12 01:00:00,Int. Friendly Games,Mexico,4781,Colombia,4820,0,4,W,Mexico,away,False,Colombia,,,,,,,,,,,,,,,,,"0,0",,,,,,,,,,,,,,,,,,,,,,,,,,
14784774,home,4-2-3-1,1638685,Mateo Chávez,M. Chávez,D,"15,0",False,Mexico,,,0,0,0,0,0,,,,,,,0,0,,,2025-10-12 01:00:00,Int. Friendly Games,Mexico,4781,Colombia,4820,0,4,W,Mexico,away,False,Colombia,,,,,,,,,,,,,,,,,"0,0",,,,,,,,,,,,,,,,,,,,,,,,,,
14784774,home,4-2-3-1,993076,Ramón Juárez,R. Juárez,D,"29,0",False,Mexico,,,0,0,0,0,0,,,,,,,0,0,,,2025-10-12 01:00:00,Int. Friendly Games,Mexico,4781,Colombia,4820,0,4,W,Mexico,away,False,Colombia,,,,,,,,,,,,,,,,,"0,0",,,,,,,,,,,,,,,,,,,,,,,,,,
14784774,home,4-2-3-1,929848,Kevin Álvarez,K. Álvarez,D,"5,0",False,Mexico,,,0,0,0,0,0,,,,,,,0,0,,,2025-10-12 01:00:00,Int. Friendly Games,Mexico,4781,Colombia,4820,0,4,W,Mexico,away,False,Colombia,,,,,,,,,,,,,,,,,"0,0",,,,,,,,,,,,,,,,,,,,,,,,,,
14784774,home,4-2-3-1,905257,César Huerta,C. Huerta,M,"21,0",False,Mexico,,,0,0,0,0,0,,,,,,,0,0,,,2025-10-12 01:00:00,Int. Friendly Games,Mexico,4781,Colombia,4820,0,4,W,Mexico,away,False,Colombia,,,,,,,,,,,,,,,,,"0,0",,,,,,,,,,,,,,,,,,,,,,,,,,
14784774,home,4-2-3-1,905247,Alexis Gutiérrez,A. Gutiérrez,M,"20,0",False,Mexico,,,0,0,0,0,0,,,,,,,0,0,,,2025-10-12 01:00:00,Int. Friendly Games,Mexico,4781,Colombia,4820,0,4,W,Mexico,away,False,Colombia,,,,,,,,,,,,,,,,,"0,0",,,,,,,,,,,,,,,,,,,,,,,,,,
14784774,away,4-2-3-1,33596,David Ospina,D. Ospina,G,"1,0",True,Colombia,"7,2","90,0",0,0,0,0,0,"18,0","33,0","54,5",,,,0,0,,,2025-10-12 01:00:00,Int. Friendly Games,Mexico,4781,Colombia,4820,0,4,W,Mexico,away,True,Colombia,,,,,,,,,"20,0","5,0",,"14,0","3,0","12,0","1,0","16,0","0,0",,,,"41,0",,,,,,"0,0",,,,,"2,0",,,,,,,,,"0,0","18,0","12,0"
14784774,away,4-2-3-1,870360,Daniel Muñoz,D. Muñoz,M,"2,0",True,Colombia,"6,9","90,0",0,0,0,0,0,"26,0","35,0","74,3","4,0","9,0","2,0",0,0,,,2025-10-12 01:00:00,Int. Friendly Games,Mexico,4781,Colombia,4820,0,4,W,Mexico,away,True,Colombia,"5,0","44,4","2,0",,"2,0","100,0","1,0","1,0","3,0","1,0","3,0","16,0","10,0","5,0","1,0","17,0","0,0",,,,"57,0","1,0","2,0",,,,"0,0",,"3,0","1,0",,,,,,,,,,,"0,0","26,0","5,0"
14784774,away,4-2-3-1,931705,Willer Ditta,W. Ditta,D,"4,0",True,Colombia,"7,5","90,0",0,0,0,0,0,"23,0","26,0","88,5","4,0","5,0","2,0",0,0,,,2025-10-12 01:00:00,Int. Friendly Games,Mexico,4781,Colombia,4820,0,4,W,Mexico,away,True,Colombia,"1,0","80,0","1,0",,"1,0","100,0","2,0","2,0","2,0",,,"4,0","3,0","1,0","5,0","3,0","0,0",,,,"39,0",,,,,,"0,0",,"1,0","1,0",,,,,,,,,,,"0,0","23,0","1,0"
14784774,away,4-2-3-1,818481,Jhon Lucumí,J. Lucumí,D,"26,0",True,Colombia,"7,6","90,0",1,0,1,0,0,"32,0","40,0","80,0","1,0","1,0",,0,0,,,2025-10-12 01:00:00,Int. Friendly Games,Mexico,4781,Colombia,4820,0,4,W,Mexico,away,True,Colombia,,"100,0",,,,,"1,0","1,0","7,0","2,0",,"7,0","3,0","2,0","1,0","9,0","1,0",,,,"47,0","1,0",,,,,"0,0",,,,,,,,,,,,"90,0","90,0","1,0","32,0","2,0"
14784774,away,4-2-3-1,824511,Álvaro Angulo,Á. Angulo,D,"77,0",True,Colombia,"7,8","90,0",0,0,0,0,0,"28,0","33,0","84,8","6,0","7,0","4,0",0,0,,,2025-10-12 01:00:00,Int. Friendly Games,Mexico,4781,Colombia,4820,0,4,W,Mexico,away,True,Colombia,"1,0","85,7","1,0",,"1,0","100,0","3,0","3,0","3,0","2,0",,"13,0","10,0","2,0","5,0","13,0","0,0",,,,"63,0","1,0",,,,,"0,0",,"1,0","2,0",,,,,,,,,,,"0,0","28,0","2,0"
14784774,away,4-2-3-1,355796,Jefferson Lerma,J. Lerma,M,"8,0",True,Colombia,"7,2","86,0",1,0,1,0,0,"21,0","34,0","61,8","5,0","12,0","3,0",0,0,,,2025-10-12 01:00:00,Int. Friendly Games,Mexico,4781,Colombia,4820,0,4,W,Mexico,away,True,Colombia,"7,0","41,7","2,0","3,0","5,0","40,0","3,0",,"9,0","3,0",,"18,0","8,0","3,0","1,0","17,0","2,0",,,,"51,0","1,0","2,0",,,,"0,0",,"2,0",,,,,,,,,,"43,0","86,0","1,05","22,0","3,1"
14784774,away,4-2-3-1,1066915,Kevin Castaño,K. Castaño,M,"22,0",True,Colombia,"6,7","86,0",0,0,0,0,0,"38,0","44,0","86,4","4,0","8,0",,0,0,,,2025-10-12 01:00:00,Int. Friendly Games,Mexico,4781,Colombia,4820,0,4,W,Mexico,away,True,Colombia,"4,0","50,0","2,0",,"2,0","100,0","2,0","1,0","4,0","2,0",,"21,0","18,0","5,0","2,0","9,0","0,0",,,,"54,0","1,0","1,0","1,0",,,"0,0",,"2,0",,,,,,,,,,,,"0,0","39,8","5,2"
14784774,away,4-2-3-1,981374,Kevin Serna,K. Serna,M,"90,0",True,Colombia,"6,7","65,0",0,0,0,0,0,"9,0","11,0","81,8","3,0","8,0",,0,0,,,2025-10-12 01:00:00,Int. Friendly Games,Mexico,4781,Colombia,4820,0,4,W,Mexico,away,True,Colombia,"5,0","37,5","1,0","2,0","3,0","33,3","1,0","1,0",,,"2,0","5,0","4,0","5,0",,"8,0","0,0",,,,"24,0","2,0","2,0",,,,"0,0",,"1,0","1,0","1,0",,,,,,,,,,"0,0","12,5","6,9"
14784774,away,4-2-3-1,107414,James Rodríguez,J. Rodríguez,M,"10,0",True,Colombia,"9,1","69,0",0,2,0,2,2,"24,0","27,0","88,9","4,0","5,0","1,0",0,0,,,2025-10-12 01:00:00,Int. Friendly Games,Mexico,4781,Colombia,4820,0,4,W,Mexico,away,True,Colombia,"1,0","80,0",,"1,0","1,0","0,0","3,0","2,0","9,0","9,0","5,0","19,0","18,0","2,0",,"9,0","2,0",,"2,0",,"42,0","2,0",,,,,"0,0",,,"1,0",,,,,,,,,"34,5",,"2,61","31,3","2,6"
14784774,away,4-2-3-1,883537,Luis Díaz,L. Díaz,M,"14,0",True,Colombia,"7,3","66,0",1,0,1,0,1,"20,0","24,0","83,3","3,0","8,0",,0,0,,,2025-10-12 01:00:00,Int. Friendly Games,Mexico,4781,Colombia,4820,0,4,W,Mexico,away,True,Colombia,"5,0","37,5",,,,,,,"3,0","2,0","1,0","16,0","12,0","4,0",,"11,0","1,0",,,,"36,0","3,0","1,0","3,0","1,0",,"0,0",,"2,0","2,0",,,,,,,,,"66,0","66,0","1,36","27,3","5,5"
14784774,away,4-2-3-1,914213,Luis Javier Suárez,L. J. Suárez ,F,"97,0",True,Colombia,"6,5","69,0",0,0,0,0,0,"5,0","7,0","71,4","4,0","11,0",,0,0,,,2025-10-12 01:00:00,Int. Friendly Games,Mexico,4781,Colombia,4820,0,4,W,Mexico,away,True,Colombia,"7,0","36,4","2,0","2,0","4,0","50,0",,,,,"1,0","2,0","1,0","1,0","2,0","8,0","0,0",,,,"18,0","3,0",,"3,0","1,0",,"0,0",,"3,0","1,0",,,,,,,,,,,"0,0","6,5","1,3"
14784774,away,4-2-3-1,877299,Jaminton Campaz,Jaminton Campaz,M,"8,0",False,Colombia,"6,6","25,0",0,0,0,0,0,"2,0","3,0","66,7",,,"1,0",0,0,,,2025-10-12 01:00:00,Int. Friendly Games,Mexico,4781,Colombia,4820,0,4,W,Mexico,away,True,Colombia,,,,,,,,,,,,"2,0","1,0","1,0",,"1,0","0,0",,,,"4,0",,,,,,"0,0",,,,,,,,,,,,,,"0,0","7,2","3,6"
14784774,away,4-2-3-1,925125,Johan Carbonero,J. Carbonero,F,"7,0",False,Colombia,"7,3","24,0",1,0,1,0,0,"3,0","4,0","75,0","2,0","4,0",,0,0,,,2025-10-12 01:00:00,Int. Friendly Games,Mexico,4781,Colombia,4820,0,4,W,Mexico,away,True,Colombia,"2,0","50,0",,,,,,,"1,0",,,"3,0","2,0",,,"2,0","1,0",,,,"9,0","1,0",,"1,0","1,0",,"0,0",,"2,0","1,0",,,,,,,,,"24,0","24,0","3,75","11,2","0,0"
14784774,away,4-2-3-1,221162,Juan Fernando Quintero,J. Quintero,M,"10,0",False,Colombia,"7,1","21,0",0,1,0,0,1,"5,0","7,0","71,4","1,0","1,0",,0,0,,,2025-10-12 01:00:00,Int. Friendly Games,Mexico,4781,Colombia,4820,0,4,W,Mexico,away,True,Colombia,,"100,0","1,0",,"1,0","100,0",,,"2,0","1,0",,"4,0","2,0",,,"2,0","0,0",,"1,0",,"7,0",,,,,,"0,0",,,,,,,,,,,,,,"4,29","21,4","0,0"
14784774,away,4-2-3-1,560116,Rafael Borré,R. Borré,F,"19,0",False,Colombia,"6,5","21,0",0,0,0,0,0,"2,0","3,0","66,7","2,0","4,0",,0,0,,,2025-10-12 01:00:00,Int. Friendly Games,Mexico,4781,Colombia,4820,0,4,W,Mexico,away,True,Colombia,"2,0","50,0","1,0","2,0","3,0","33,3",,,"1,0",,,"1,0","1,0",,,"1,0","0,0",,,,"4,0",,,,,,"0,0",,,"1,0","1,0",,,,,,,,,,"0,0","8,6","0,0"
14784774,away,4-2-3-1,980580,Juan Portilla,J. Portilla,M,"27,0",False,Colombia,,"4,0",0,0,0,0,0,,"1,0",,"1,0","1,0",,0,0,,,2025-10-12 01:00:00,Int. Friendly Games,Mexico,4781,Colombia,4820,0,4,W,Mexico,away,True,Colombia,,"100,0",,,,,"1,0","1,0",,,,,,"1,0",,"1,0","0,0",,,,"2,0",,,,,,"0,0",,,,,,,,,,,,,,"0,0","0,0","22,5"
14784774,away,4-2-3-1,1015292,Richard Ríos,R. Ríos,M,"20,0",False,Colombia,,"4,0",0,0,0,0,0,"1,0","1,0","100,0",,,,0,0,,,2025-10-12 01:00:00,Int. Friendly Games,Mexico,4781,Colombia,4820,0,4,W,Mexico,away,True,Colombia,,,,,,,,,,,,,,,,,"0,0",,,,"1,0",,,,,,"0,0",,,,,,,,,,,,,,"0,0","22,5","0,0"
14784774,away,4-2-3-1,926238,Álvaro Montero,Á. Montero,G,"12,0",False,Colombia,,,0,0,0,0,0,,,,,,,0,0,,,2025-10-12 01:00:00,Int. Friendly Games,Mexico,4781,Colombia,4820,0,4,W,Mexico,away,True,Colombia,,,,,,,,,,,,,,,,,"0,0",,,,,,,,,,,,,,,,,,,,,,,,,,
14784774,away,4-2-3-1,876190,Kevin Mier,K. Mier,G,"23,0",False,Colombia,,,0,0,0,0,0,,,,,,,0,0,,,2025-10-12 01:00:00,Int. Friendly Games,Mexico,4781,Colombia,4820,0,4,W,Mexico,away,True,Colombia,,,,,,,,,,,,,,,,,"0,0",,,,,,,,,,,,,,,,,,,,,,,,,,
14784774,away,4-2-3-1,344847,Johan Mojica,J. Mojica,D,"22,0",False,Colombia,,,0,0,0,0,0,,,,,,,0,0,,,2025-10-12 01:00:00,Int. Friendly Games,Mexico,4781,Colombia,4820,0,4,W,Mexico,away,True,Colombia,,,,,,,,,,,,,,,,,"0,0",,,,,,,,,,,,,,,,,,,,,,,,,,
14784774,away,4-2-3-1,1014835,Yerson Mosquera,Y. Mosquera,D,"15,0",False,Colombia,,,0,0,0,0,0,,,,,,,0,0,,,2025-10-12 01:00:00,Int. Friendly Games,Mexico,4781,Colombia,4820,0,4,W,Mexico,away,True,Colombia,,,,,,,,,,,,,,,,,"0,0",,,,,,,,,,,,,,,,,,,,,,,,,,
14784774,away,4-2-3-1,870013,Andrés Román,A. Román,D,"6,0",False,Colombia,,,0,0,0,0,0,,,,,,,0,0,,,2025-10-12 01:00:00,Int. Friendly Games,Mexico,4781,Colombia,4820,0,4,W,Mexico,away,True,Colombia,,,,,,,,,,,,,,,,,"0,0",,,,,,,,,,,,,,,,,,,,,,,,,,
14784774,away,4-2-3-1,566102,Davinson Sánchez,D. Sánchez,D,"6,0",False,Colombia,,,0,0,0,0,0,,,,,,,0,0,,,2025-10-12 01:00:00,Int. Friendly Games,Mexico,4781,Colombia,4820,0,4,W,Mexico,away,True,Colombia,,,,,,,,,,,,,,,,,"0,0",,,,,,,,,,,,,,,,,,,,,,,,,,
14784774,away,4-2-3-1,1092769,Yáser Asprilla,Y. Asprilla,M,"22,0",False,Colombia,,,0,0,0,0,0,,,,,,,0,0,,,2025-10-12 01:00:00,Int. Friendly Games,Mexico,4781,Colombia,4820,0,4,W,Mexico,away,True,Colombia,,,,,,,,,,,,,,,,,"0,0",,,,,,,,,,,,,,,,,,,,,,,,,,
14784774,away,4-2-3-1,887055,Cucho Hernández,C. Hernández,F,"19,0",False,Colombia,,,0,0,0,0,0,,,,,,,0,0,,,2025-10-12 01:00:00,Int. Friendly Games,Mexico,4781,Colombia,4820,0,4,W,Mexico,away,True,Colombia,,,,,,,,,,,,,,,,,"0,0",,,,,,,,,,,,,,,,,,,,,,,,,,
14169223,home,4-4-2,108832,Rafael Romo,R. Romo,G,"22,0",True,Venezuela,"5,9","90,0",0,0,0,0,0,"7,0","14,0","50,0","1,0",,,0,0,,,2025-09-09 23:30:00,"World Cup Qualification, CONMEBOL",Venezuela,4722,Colombia,4820,3,6,W,Venezuela,away,False,Colombia,,,,,,,,,,,,,,,,,"0,0",,,,,,,,,,,,,,,,,,,,,,,,"0,0","7,0","0,0"
14169223,home,4-4-2,1116388,Jon Aramburu,J. Aramburu,D,"2,0",True,Venezuela,"6,6","90,0",0,0,0,0,2,"23,0","28,0","82,1","5,0",,"3,0",0,0,,,2025-09-09 23:30:00,"World Cup Qualification, CONMEBOL",Venezuela,4722,Colombia,4820,3,6,W,Venezuela,away,False,Colombia,,,,,,,,,,,,,,,,,"0,0",,,,,,,,,,,,,,,,,,,,,,,,"0,0","23,0","0,0"
14169223,home,4-4-2,881215,Nahuel Ferraresi,N. Ferraresi,D,"5,0",True,Venezuela,"5,9","90,0",0,0,0,0,0,"20,0","24,0","83,3","4,0",,"1,0",0,0,,,2025-09-09 23:30:00,"World Cup Qualification, CONMEBOL",Venezuela,4722,Colombia,4820,3,6,W,Venezuela,away,False,Colombia,,,,,,,,,,,,,,,,,"0,0",,,,,,,,,,,,,,,,,,,,,,,,"0,0","20,0","0,0"
14169223,home,4-4-2,147358,Wilker Ángel,W. Ángel,D,,True,Venezuela,"5,7","90,0",0,0,0,0,0,"15,0","19,0","78,9","2,0",,"2,0",0,0,,,2025-09-09 23:30:00,"World Cup Qualification, CONMEBOL",Venezuela,4722,Colombia,4820,3,6,W,Venezuela,away,False,Colombia,,,,,,,,,,,,,,,,,"0,0",,,,,,,,,,,,,,,,,,,,,,,,"0,0","15,0","0,0"
14169223,home,4-4-2,946472,Miguel Navarro,M. Navarro,D,"29,0",True,Venezuela,"6,1","63,0",0,0,0,0,0,"18,0","23,0","78,3","3,0",,"2,0",0,0,,,2025-09-09 23:30:00,"World Cup Qualification, CONMEBOL",Venezuela,4722,Colombia,4820,3,6,W,Venezuela,away,False,Colombia,,,,,,,,,,,,,,,,,"0,0",,,,,,,,,,,,,,,,,,,,,,,,"0,0","25,7","0,0"
14169223,home,4-4-2,805047,Eduard Bello,E. Bello,M,"18,0",True,Venezuela,"6,6","63,0",0,0,0,0,1,"12,0","19,0","63,2","8,0",,,0,0,,,2025-09-09 23:30:00,"World Cup Qualification, CONMEBOL",Venezuela,4722,Colombia,4820,3,6,W,Venezuela,away,False,Colombia,,,,,,,,,,,,,,,,,"0,0",,,,,,,,,,,,,,,,,,,,,,,,"0,0","17,1","0,0"
14169223,home,4-4-2,1106549,Telasco Segovia,T. Segovia,M,"8,0",True,Venezuela,"7,3","74,0",1,0,2,0,0,"32,0","37,0","86,5","3,0",,"2,0",0,0,,,2025-09-09 23:30:00,"World Cup Qualification, CONMEBOL",Venezuela,4722,Colombia,4820,3,6,W,Venezuela,away,False,Colombia,,,,,,,,,,,,,,,,,"2,0",,,,,,,,,,,,,,,,,,,,,,"37,0","37,0","1,22","38,9","0,0"
14169223,home,4-4-2,979325,José Martínez,J. Martínez,M,,True,Venezuela,"6,3","90,0",0,0,0,0,0,"32,0","42,0","76,2","3,0",,"1,0",0,0,,,2025-09-09 23:30:00,"World Cup Qualification, CONMEBOL",Venezuela,4722,Colombia,4820,3,6,W,Venezuela,away,False,Colombia,,,,,,,,,,,,,,,,,"0,0",,,,,,,,,,,,,,,,,,,,,,,,"0,0","32,0","0,0"
14169223,home,4-4-2,789960,Yeferson Soteldo,Y. Soteldo,M,"7,0",True,Venezuela,"6,6","90,0",0,0,0,1,2,"21,0","24,0","87,5","3,0",,"1,0",0,0,,,2025-09-09 23:30:00,"World Cup Qualification, CONMEBOL",Venezuela,4722,Colombia,4820,3,6,W,Venezuela,away,False,Colombia,,,,,,,,,,,,,,,,,"1,0",,,,,,,,,,,,,,,,,,,,,,"90,0",,"0,0","21,0","0,0"
14169223,home,4-4-2,35532,Salomón Rondón,S. Rondón,F,"23,0",True,Venezuela,"8,1","90,0",1,1,1,0,2,"8,0","10,0","80,0","6,0",,,0,0,,,2025-09-09 23:30:00,"World Cup Qualification, CONMEBOL",Venezuela,4722,Colombia,4820,3,6,W,Venezuela,away,False,Colombia,,,,,,,,,,,,,,,,,"1,0",,,,,,,,,,,,,,,,,,,,,,"90,0","90,0","2,0","8,0","0,0"
14169223,home,4-4-2,133990,Josef Martínez,J. Martínez,F,"30,0",True,Venezuela,"7,4","69,0",1,0,2,1,0,"4,0","6,0","66,7","3,0",,,0,0,,,2025-09-09 23:30:00,"World Cup Qualification, CONMEBOL",Venezuela,4722,Colombia,4820,3,6,W,Venezuela,away,False,Colombia,,,,,,,,,,,,,,,,,"3,0",,,,,,,,,,,,,,,,,,,,,,"23,0","34,5","1,3","5,2","0,0"
14169223,home,4-4-2,796929,Jhon Murillo,J. Murillo,M,"7,0",False,Venezuela,"6,8","27,0",0,0,0,0,0,"10,0","10,0","100,0","3,0",,"1,0",0,0,,,2025-09-09 23:30:00,"World Cup Qualification, CONMEBOL",Venezuela,4722,Colombia,4820,3,6,W,Venezuela,away,False,Colombia,,,,,,,,,,,,,,,,,"0,0",,,,,,,,,,,,,,,,,,,,,,,,"0,0","33,3","0,0"
14169223,home,4-4-2,1188972,Kevin Kelsy,K. Kelsy,F,"19,0",False,Venezuela,"6,5","27,0",0,0,2,0,0,"2,0","5,0","40,0","2,0",,,0,0,,,2025-09-09 23:30:00,"World Cup Qualification, CONMEBOL",Venezuela,4722,Colombia,4820,3,6,W,Venezuela,away,False,Colombia,,,,,,,,,,,,,,,,,"2,0",,,,,,,,,,,,,,,,,,,,,,"13,5","13,5","0,0","6,7","0,0"
14169223,home,4-4-2,874739,Jefferson Savarino,J. Savarino,M,"11,0",False,Venezuela,"6,9","21,0",0,0,1,0,0,"10,0","13,0","76,9","3,0",,,0,0,,,2025-09-09 23:30:00,"World Cup Qualification, CONMEBOL",Venezuela,4722,Colombia,4820,3,6,W,Venezuela,away,False,Colombia,,,,,,,,,,,,,,,,,"1,0",,,,,,,,,,,,,,,,,,,,,,"21,0","21,0","0,0","42,9","0,0"
14169223,home,4-4-2,878938,Cristian Cásseres Jr.,C. Cásseres Jr.,M,"23,0",False,Venezuela,"6,5","16,0",0,0,0,0,1,"9,0","13,0","69,2",,,,0,0,,,2025-09-09 23:30:00,"World Cup Qualification, CONMEBOL",Venezuela,4722,Colombia,4820,3,6,W,Venezuela,away,False,Colombia,,,,,,,,,,,,,,,,,"0,0",,,,,,,,,,,,,,,,,,,,,,,,"0,0","50,6","0,0"
14169223,home,4-4-2,796930,Wuilker Faríñez,W. Faríñez,G,"1,0",False,Venezuela,,,0,0,0,0,0,,,,,,,0,0,,,2025-09-09 23:30:00,"World Cup Qualification, CONMEBOL",Venezuela,4722,Colombia,4820,3,6,W,Venezuela,away,False,Colombia,,,,,,,,,,,,,,,,,"0,0",,,,,,,,,,,,,,,,,,,,,,,,,,
14169223,home,4-4-2,33628,Alain Baroja,A. Baroja,G,"1,0",False,Venezuela,,,0,0,0,0,0,,,,,,,0,0,,,2025-09-09 23:30:00,"World Cup Qualification, CONMEBOL",Venezuela,4722,Colombia,4820,3,6,W,Venezuela,away,False,Colombia,,,,,,,,,,,,,,,,,"0,0",,,,,,,,,,,,,,,,,,,,,,,,,,
14169223,home,4-4-2,846353,Christian Makoun,C. Makoun,D,"4,0",False,Venezuela,,,0,0,0,0,0,,,,,,,0,0,,,2025-09-09 23:30:00,"World Cup Qualification, CONMEBOL",Venezuela,4722,Colombia,4820,3,6,W,Venezuela,away,False,Colombia,,,,,,,,,,,,,,,,,"0,0",,,,,,,,,,,,,,,,,,,,,,,,,,
14169223,home,4-4-2,881221,Josua Mejías,J. Mejías,D,"4,0",False,Venezuela,,,0,0,0,0,0,,,,,,,0,0,,,2025-09-09 23:30:00,"World Cup Qualification, CONMEBOL",Venezuela,4722,Colombia,4820,3,6,W,Venezuela,away,False,Colombia,,,,,,,,,,,,,,,,,"0,0",,,,,,,,,,,,,,,,,,,,,,,,,,
14169223,home,4-4-2,46798,Tomás Rincón,T. Rincón,M,"8,0",False,Venezuela,,,0,0,0,0,0,,,,,,,0,0,,,2025-09-09 23:30:00,"World Cup Qualification, CONMEBOL",Venezuela,4722,Colombia,4820,3,6,W,Venezuela,away,False,Colombia,,,,,,,,,,,,,,,,,"0,0",,,,,,,,,,,,,,,,,,,,,,,,,,
14169223,home,4-4-2,1477498,Gleiker Mendoza,G. Mendoza,M,"7,0",False,Venezuela,,,0,0,0,0,0,,,,,,,0,0,,,2025-09-09 23:30:00,"World Cup Qualification, CONMEBOL",Venezuela,4722,Colombia,4820,3,6,W,Venezuela,away,False,Colombia,,,,,,,,,,,,,,,,,"0,0",,,,,,,,,,,,,,,,,,,,,,,,,,
14169223,home,4-4-2,108152,Alexander González,A. González,M,"21,0",False,Venezuela,,,0,0,0,0,0,,,,,,,0,0,,,2025-09-09 23:30:00,"World Cup Qualification, CONMEBOL",Venezuela,4722,Colombia,4820,3,6,W,Venezuela,away,False,Colombia,,,,,,,,,,,,,,,,,"0,0",,,,,,,,,,,,,,,,,,,,,,,,,,
14169223,home,4-4-2,893673,Jorge Yriarte,J. Yriarte,M,"15,0",False,Venezuela,,,0,0,0,0,0,,,,,,,0,0,,,2025-09-09 23:30:00,"World Cup Qualification, CONMEBOL",Venezuela,4722,Colombia,4820,3,6,W,Venezuela,away,False,Colombia,,,,,,,,,,,,,,,,,"0,0",,,,,,,,,,,,,,,,,,,,,,,,,,
14169223,away,4-3-3,876190,Kevin Mier,K. Mier,G,"23,0",True,Colombia,"6,4","90,0",0,0,0,0,0,"22,0","30,0","73,3",,,,0,0,,,2025-09-09 23:30:00,"World Cup Qualification, CONMEBOL",Venezuela,4722,Colombia,4820,3,6,W,Venezuela,away,True,Colombia,,,,,,,,,"11,0","3,0",,"9,0","2,0","4,0","1,0","8,0","0,0",,,,"39,0",,,,,,"0,0",,,,,"5,0",,,,,,,,,"0,0","22,0","4,0"
14169223,away,4-3-3,870360,Daniel Muñoz,D. Muñoz,M,"2,0",True,Colombia,"6,4","90,0",0,0,0,0,0,"42,0","49,0","85,7","2,0","5,0","1,0",0,0,,,2025-09-09 23:30:00,"World Cup Qualification, CONMEBOL",Venezuela,4722,Colombia,4820,3,6,W,Venezuela,away,True,Colombia,"3,0","40,0","1,0","1,0","2,0","50,0","1,0","1,0","4,0","2,0","1,0","23,0","17,0","1,0","3,0","10,0","0,0",,,,"65,0","1,0",,,,,"0,0",,"2,0",,,,,,,,,,,,"0,0","42,0","1,0"
14169223,away,4-3-3,360396,Yerry Mina,Y. Mina,D,"26,0",True,Colombia,"6,8","90,0",1,0,1,0,0,"55,0","63,0","87,3","4,0","9,0",,0,0,,,2025-09-09 23:30:00,"World Cup Qualification, CONMEBOL",Venezuela,4722,Colombia,4820,3,6,W,Venezuela,away,True,Colombia,"5,0","44,4","3,0","1,0","4,0","75,0",,,"8,0","2,0",,"10,0","6,0","2,0","6,0","9,0","1,0",,,,"76,0",,"1,0",,,,"0,0",,"3,0","1,0",,,,,,,,,"90,0","90,0","1,0","55,0","2,0"
14169223,away,4-3-3,566102,Davinson Sánchez,D. Sánchez,D,"6,0",True,Colombia,"6,2","90,0",0,0,0,0,0,"59,0","67,0","88,1","2,0","4,0","1,0",0,0,,,2025-09-09 23:30:00,"World Cup Qualification, CONMEBOL",Venezuela,4722,Colombia,4820,3,6,W,Venezuela,away,True,Colombia,"2,0","50,0","1,0","1,0","2,0","50,0","1,0","1,0","9,0","5,0",,"18,0","12,0","2,0","4,0","9,0","0,0",,,,"78,0","1,0",,,,,"0,0",,"1,0",,,,,,,,,,,,"0,0","59,0","2,0"
14169223,away,4-3-3,824511,Álvaro Angulo,Á. Angulo,D,"77,0",True,Colombia,"6,0","90,0",0,0,0,0,0,"21,0","29,0","72,4","3,0","9,0","1,0",0,0,,,2025-09-09 23:30:00,"World Cup Qualification, CONMEBOL",Venezuela,4722,Colombia,4820,3,6,W,Venezuela,away,True,Colombia,"6,0","33,3","1,0","3,0","4,0","25,0","1,0","1,0","3,0","1,0","2,0","11,0","6,0","5,0","3,0","16,0","0,0",,,,"52,0",,"1,0","1,0",,,"0,0",,"1,0","1,0",,,,,,,,,,,"0,0","21,0","5,0"
14169223,away,4-3-3,1015292,Richard Ríos,R. Ríos,M,"20,0",True,Colombia,"7,2","90,0",0,1,0,0,3,"42,0","52,0","80,8","9,0","15,0","2,0",0,0,,,2025-09-09 23:30:00,"World Cup Qualification, CONMEBOL",Venezuela,4722,Colombia,4820,3,6,W,Venezuela,away,True,Colombia,"6,0","60,0","1,0","1,0","2,0","50,0","2,0","1,0","6,0","3,0","2,0","26,0","20,0","4,0","1,0","17,0","0,0",,"1,0",,"72,0","2,0","1,0","5,0","2,0",,"0,0",,"1,0","4,0",,,,,,,,,,,"1,0","42,0","4,0"
14169223,away,4-3-3,355796,Jefferson Lerma,J. Lerma,M,"8,0",True,Colombia,"6,7","86,0",0,0,0,1,1,"35,0","49,0","71,4","5,0","12,0","1,0",0,0,,,2025-09-09 23:30:00,"World Cup Qualification, CONMEBOL",Venezuela,4722,Colombia,4820,3,6,W,Venezuela,away,True,Colombia,"7,0","41,7","4,0","2,0","6,0","66,7","1,0","1,0","4,0","1,0",,"27,0","19,0","6,0","2,0","15,0","1,0",,,,"61,0",,,"1,0",,,"0,0",,"3,0",,,,,,,,,,"86,0",,"0,0","36,6","6,3"
14169223,away,4-3-3,1066915,Kevin Castaño,K. Castaño,M,"22,0",True,Colombia,"6,5","77,0",0,0,0,0,0,"45,0","49,0","91,8","4,0","9,0",,0,0,,,2025-09-09 23:30:00,"World Cup Qualification, CONMEBOL",Venezuela,4722,Colombia,4820,3,6,W,Venezuela,away,True,Colombia,"5,0","44,4","1,0","2,0","3,0","33,3","2,0","1,0",,,,"23,0","19,0","4,0","1,0","5,0","0,0",,,,"58,0","1,0",,,,,"0,0",,"2,0","1,0",,,,,,,,,,,"0,0","52,6","4,7"
14169223,away,4-3-3,107414,James Rodríguez,J. Rodríguez,M,"10,0",True,Colombia,"8,5","68,0",0,2,1,0,4,"35,0","37,0","94,6","1,0","2,0",,0,0,,,2025-09-09 23:30:00,"World Cup Qualification, CONMEBOL",Venezuela,4722,Colombia,4820,3,6,W,Venezuela,away,True,Colombia,"1,0","50,0",,,,,,,"2,0","2,0","4,0","25,0","22,0",,,"4,0","1,0",,"2,0",,"43,0",,,,,,"0,0",,,"1,0",,,,,,,,,"68,0","68,0","2,65","46,3","0,0"
14169223,away,4-3-3,914213,Luis Javier Suárez,L. J. Suárez ,F,"97,0",True,Colombia,"9,9","69,0",4,0,4,0,0,"13,0","16,0","81,2","1,0","4,0",,0,0,,,2025-09-09 23:30:00,"World Cup Qualification, CONMEBOL",Venezuela,4722,Colombia,4820,3,6,W,Venezuela,away,True,Colombia,"3,0","25,0",,"2,0","2,0","0,0",,,,,,"9,0","6,0","3,0",,"6,0","4,0",,,,"25,0","3,0",,,,,"0,0",,"1,0","1,0",,,,,,,,,"17,2","17,2","5,22","17,0","3,9"
14169223,away,4-3-3,883537,Luis Díaz,L. Díaz,M,"14,0",True,Colombia,"7,6","90,0",0,1,2,1,1,"29,0","34,0","85,3","9,0","19,0","1,0",0,0,,,2025-09-09 23:30:00,"World Cup Qualification, CONMEBOL",Venezuela,4722,Colombia,4820,3,6,W,Venezuela,away,True,Colombia,"10,0","47,4","2,0","1,0","3,0","66,7","1,0","1,0","6,0","4,0",,"25,0","21,0","8,0",,"16,0","4,0",,,,"61,0","4,0","4,0","5,0","2,0",,"0,0",,"2,0","4,0",,,,,,,,,"22,5","45,0","1,0","29,0","8,0"
14169223,away,4-3-3,221162,Juan Fernando Quintero,J. Quintero,M,"10,0",False,Colombia,"7,2","22,0",0,1,0,0,2,"16,0","21,0","76,2",,,,0,0,,,2025-09-09 23:30:00,"World Cup Qualification, CONMEBOL",Venezuela,4722,Colombia,4820,3,6,W,Venezuela,away,True,Colombia,,,,,,,,,"5,0","2,0",,"13,0","9,0",,,"6,0","0,0",,"1,0",,"22,0","1,0",,,,,"0,0",,,,,,,,,,,,,,"4,09","65,5","0,0"
14169223,away,4-3-3,281253,Jhon Córdoba,J. Córdoba,F,"9,0",False,Colombia,"7,4","21,0",1,0,1,0,0,"2,0","3,0","66,7","2,0","3,0",,0,0,,,2025-09-09 23:30:00,"World Cup Qualification, CONMEBOL",Venezuela,4722,Colombia,4820,3,6,W,Venezuela,away,True,Colombia,"1,0","66,7",,"1,0","1,0","0,0",,,,,,"1,0",,,"1,0","1,0","1,0",,,,"7,0",,,"1,0","1,0",,"0,0",,,"1,0",,,,,,,,,"21,0","21,0","4,29","8,6","0,0"
14169223,away,4-3-3,844096,Jhon Arias,J. Arias,M,"11,0",False,Colombia,"7,0","13,0",0,0,0,1,1,"11,0","11,0","100,0","2,0","2,0",,0,0,,,2025-09-09 23:30:00,"World Cup Qualification, CONMEBOL",Venezuela,4722,Colombia,4820,3,6,W,Venezuela,away,True,Colombia,,"100,0",,,,,"1,0",,,,,"7,0","7,0","2,0","1,0","1,0","1,0",,,,"16,0","1,0",,"1,0","1,0",,"0,0",,,,,,,,,,,,"13,0",,"0,0","76,2","13,8"
14169223,away,4-3-3,980580,Juan Portilla,J. Portilla,M,"27,0",False,Colombia,,"4,0",0,0,0,0,0,"5,0","7,0","71,4","1,0","1,0",,0,0,,,2025-09-09 23:30:00,"World Cup Qualification, CONMEBOL",Venezuela,4722,Colombia,4820,3,6,W,Venezuela,away,True,Colombia,,"100,0","1,0",,"1,0","100,0",,,,,,"2,0","1,0","1,0",,"2,0","0,0",,,,"7,0",,,,,,"0,0",,,,,,,,,,,,,,"0,0","112,5","22,5"
14169223,away,4-3-3,125787,Camilo Vargas,C. Vargas,G,"12,0",False,Colombia,,,0,0,0,0,0,,,,,,,0,0,,,2025-09-09 23:30:00,"World Cup Qualification, CONMEBOL",Venezuela,4722,Colombia,4820,3,6,W,Venezuela,away,True,Colombia,,,,,,,,,,,,,,,,,"0,0",,,,,,,,,,,,,,,,,,,,,,,,,,
14169223,away,4-3-3,33596,David Ospina,D. Ospina,G,"1,0",False,Colombia,,,0,0,0,0,0,,,,,,,0,0,,,2025-09-09 23:30:00,"World Cup Qualification, CONMEBOL",Venezuela,4722,Colombia,4820,3,6,W,Venezuela,away,True,Colombia,,,,,,,,,,,,,,,,,"0,0",,,,,,,,,,,,,,,,,,,,,,,,,,
14169223,away,4-3-3,818481,Jhon Lucumí,J. Lucumí,D,"26,0",False,Colombia,,,0,0,0,0,0,,,,,,,0,0,,,2025-09-09 23:30:00,"World Cup Qualification, CONMEBOL",Venezuela,4722,Colombia,4820,3,6,W,Venezuela,away,True,Colombia,,,,,,,,,,,,,,,,,"0,0",,,,,,,,,,,,,,,,,,,,,,,,,,
14169223,away,4-3-3,344847,Johan Mojica,J. Mojica,D,"22,0",False,Colombia,,,0,0,0,0,0,,,,,,,0,0,,,2025-09-09 23:30:00,"World Cup Qualification, CONMEBOL",Venezuela,4722,Colombia,4820,3,6,W,Venezuela,away,True,Colombia,,,,,,,,,,,,,,,,,"0,0",,,,,,,,,,,,,,,,,,,,,,,,,,
14169223,away,4-3-3,158583,Santiago Arias,S. Arias,D,"4,0",False,Colombia,,,0,0,0,0,0,,,,,,,0,0,,,2025-09-09 23:30:00,"World Cup Qualification, CONMEBOL",Venezuela,4722,Colombia,4820,3,6,W,Venezuela,away,True,Colombia,,,,,,,,,,,,,,,,,"0,0",,,,,,,,,,,,,,,,,,,,,,,,,,
14169223,away,4-3-3,972587,Marino Hinestroza,M. Hinestroza,M,"18,0",False,Colombia,,,0,0,0,0,0,,,,,,,0,0,,,2025-09-09 23:30:00,"World Cup Qualification, CONMEBOL",Venezuela,4722,Colombia,4820,3,6,W,Venezuela,away,True,Colombia,,,,,,,,,,,,,,,,,"0,0",,,,,,,,,,,,,,,,,,,,,,,,,,
14169223,away,4-3-3,877299,Jaminton Campaz,Jaminton Campaz,M,"8,0",False,Colombia,,,0,0,0,0,0,,,,,,,0,0,,,2025-09-09 23:30:00,"World Cup Qualification, CONMEBOL",Venezuela,4722,Colombia,4820,3,6,W,Venezuela,away,True,Colombia,,,,,,,,,,,,,,,,,"0,0",,,,,,,,,,,,,,,,,,,,,,,,,,
14169223,away,4-3-3,31715,Dayro Moreno,D. Moreno,F,"17,0",False,Colombia,,,0,0,0,0,0,,,,,,,0,0,,,2025-09-09 23:30:00,"World Cup Qualification, CONMEBOL",Venezuela,4722,Colombia,4820,3,6,W,Venezuela,away,True,Colombia,,,,,,,,,,,,,,,,,"0,0",,,,,,,,,,,,,,,,,,,,,,,,,,
14169217,home,4-2-3-1,125787,Camilo Vargas,C. Vargas,G,"12,0",True,Colombia,"7,4","90,0",0,0,0,0,0,"24,0","29,0","82,8","1,0","1,0",,0,0,,,2025-09-04 23:30:00,"World Cup Qualification, CONMEBOL",Colombia,4820,Bolivia,4746,3,0,W,Bolivia,home,True,Colombia,,"100,0",,,,,,,"11,0","6,0",,"4,0","1,0","5,0","1,0","5,0","0,0",,,,"35,0",,,,,,"0,0",,,"1,0",,"3,0",,,,,,,,,"0,0","24,0","5,0"
14169217,home,4-2-3-1,158583,Santiago Arias,S. Arias,D,"4,0",True,Colombia,"7,5","90,0",0,1,0,0,2,"56,0","59,0","94,9","3,0","6,0","1,0",0,0,,,2025-09-04 23:30:00,"World Cup Qualification, CONMEBOL",Colombia,4820,Bolivia,4746,3,0,W,Bolivia,home,True,Colombia,"3,0","50,0","2,0",,"2,0","100,0",,,"3,0","3,0","2,0","31,0","28,0","4,0","2,0","7,0","0,0",,,,"78,0","2,0","1,0",,,,"0,0",,,"1,0",,,,,,,,,,,"1,0","56,0","4,0"
14169217,home,4-2-3-1,566102,Davinson Sánchez,D. Sánchez,D,"6,0",True,Colombia,"7,5","90,0",0,0,1,0,1,"68,0","75,0","90,7","2,0","4,0","1,0",0,0,,,2025-09-04 23:30:00,"World Cup Qualification, CONMEBOL",Colombia,4820,Bolivia,4746,3,0,W,Bolivia,home,True,Colombia,"2,0","50,0",,,,,"2,0","1,0","11,0","7,0",,"35,0","29,0","3,0","3,0","8,0","1,0","1,0","1,0",,"85,0","1,0",,,,,"0,0",,"1,0",,,,,,,,,,"90,0","90,0","0,0","68,0","3,0"
14169217,home,4-2-3-1,818481,Jhon Lucumí,J. Lucumí,D,"26,0",True,Colombia,"7,5","90,0",0,0,0,0,0,"66,0","69,0","95,7","2,0","3,0","3,0",0,0,,,2025-09-04 23:30:00,"World Cup Qualification, CONMEBOL",Colombia,4820,Bolivia,4746,3,0,W,Bolivia,home,True,Colombia,"1,0","66,7",,,,,"1,0","1,0","8,0","6,0",,"34,0","32,0","4,0","4,0","3,0","0,0",,,,"79,0",,,"1,0","1,0",,"0,0",,"1,0",,,,,,,,,,,,"0,0","66,0","4,0"
14169217,home,4-2-3-1,344847,Johan Mojica,J. Mojica,D,"22,0",True,Colombia,"7,0","90,0",0,0,0,0,0,"45,0","50,0","90,0","1,0","3,0",,0,0,,,2025-09-04 23:30:00,"World Cup Qualification, CONMEBOL",Colombia,4820,Bolivia,4746,3,0,W,Bolivia,home,True,Colombia,"2,0","33,3",,"1,0","1,0","0,0","1,0","1,0","4,0","2,0","3,0","32,0","25,0","2,0",,"8,0","0,0",,,,"63,0","1,0",,,,,"0,0",,"1,0",,,,,,,,,,,,"0,0","45,0","2,0"
14169217,home,4-2-3-1,1015292,Richard Ríos,R. Ríos,M,"20,0",True,Colombia,"7,2","90,0",0,0,1,0,0,"25,0","30,0","83,3","6,0","12,0","1,0",0,0,,,2025-09-04 23:30:00,"World Cup Qualification, CONMEBOL",Colombia,4820,Bolivia,4746,3,0,W,Bolivia,home,True,Colombia,"6,0","50,0",,"1,0","1,0","0,0","5,0","5,0","2,0","2,0","1,0","12,0","8,0","8,0",,"10,0","1,0",,,,"47,0","2,0",,"1,0",,,"0,0",,"2,0","1,0",,,,,,,,,"90,0","90,0","0,0","25,0","8,0"
14169217,home,4-2-3-1,355796,Jefferson Lerma,J. Lerma,M,"8,0",True,Colombia,"7,1","82,0",0,0,0,1,0,"33,0","38,0","86,8","3,0","3,0","1,0",0,0,,,2025-09-04 23:30:00,"World Cup Qualification, CONMEBOL",Colombia,4820,Bolivia,4746,3,0,W,Bolivia,home,True,Colombia,,"100,0",,,,,"3,0","1,0","3,0","2,0",,"19,0","15,0","2,0","2,0","6,0","1,0",,,,"48,0","1,0",,,,,"0,0",,,,,,,,,,,,"82,0",,"0,0","36,2","2,2"
14169217,home,4-2-3-1,107414,James Rodríguez,J. Rodríguez,M,"10,0",True,Colombia,"8,5","61,0",1,0,2,0,3,"40,0","47,0","85,1","1,0","2,0",,0,0,,,2025-09-04 23:30:00,"World Cup Qualification, CONMEBOL",Colombia,4820,Bolivia,4746,3,0,W,Bolivia,home,True,Colombia,"1,0","50,0",,,,,,,"14,0","10,0","7,0","43,0","33,0","2,0",,"11,0","2,0",,"1,0",,"59,0",,,,,,"0,0",,"1,0","1,0",,,,,,,,,"30,5","30,5","1,48","59,0","3,0"
14169217,home,4-2-3-1,844096,Jhon Arias,J. Arias,M,"11,0",True,Colombia,"7,2","61,0",0,0,1,0,0,"14,0","19,0","73,7","3,0","3,0",,0,0,,,2025-09-04 23:30:00,"World Cup Qualification, CONMEBOL",Colombia,4820,Bolivia,4746,3,0,W,Bolivia,home,True,Colombia,,"100,0","1,0",,"1,0","100,0","2,0","1,0","1,0","1,0","4,0","19,0","11,0","4,0",,"10,0","1,0",,,,"29,0","2,0",,,,,"0,0",,,,,,,,,,,,"61,0","61,0","0,0","20,7","5,9"
14169217,home,4-2-3-1,883537,Luis Díaz,L. Díaz,M,"14,0",True,Colombia,"8,0","87,0",0,1,1,1,2,"26,0","32,0","81,2","11,0","20,0",,0,0,,,2025-09-04 23:30:00,"World Cup Qualification, CONMEBOL",Colombia,4820,Bolivia,4746,3,0,W,Bolivia,home,True,Colombia,"9,0","55,0","2,0","1,0","3,0","66,7","1,0","1,0","3,0","3,0","3,0","32,0","24,0","3,0",,"19,0","2,0",,"1,0",,"62,0","4,0","2,0","10,0","6,0",,"0,0",,"2,0","2,0",,,,,,,,,"43,5","87,0","1,03","26,9","3,1"
14169217,home,4-2-3-1,281253,Jhon Córdoba,J. Córdoba,F,"9,0",True,Colombia,"7,2","82,0",1,0,1,2,0,"4,0","4,0","100,0","2,0","8,0",,0,0,,,2025-09-04 23:30:00,"World Cup Qualification, CONMEBOL",Colombia,4820,Bolivia,4746,3,0,W,Bolivia,home,True,Colombia,"6,0","25,0","1,0","2,0","3,0","33,3",,,,,,"3,0","3,0","1,0",,"3,0","3,0","1,0",,,"12,0",,"2,0","1,0",,,"0,0",,"2,0","1,0","1,0",,,,,,,,"27,3","82,0","1,1","4,4","1,1"
14169217,home,4-2-3-1,221162,Juan Fernando Quintero,J. Quintero,M,"10,0",False,Colombia,"8,0","29,0",1,1,1,0,1,"14,0","17,0","82,4",,,,0,0,,,2025-09-04 23:30:00,"World Cup Qualification, CONMEBOL",Colombia,4820,Bolivia,4746,3,0,W,Bolivia,home,True,Colombia,,,,,,,,,"6,0","4,0",,"13,0","10,0","1,0",,"4,0","1,0",,,,"19,0","1,0",,,,,"0,0",,,,,,,,,,,,"29,0","29,0","6,21","43,4","3,1"
14169217,home,4-2-3-1,877299,Jaminton Campaz,Jaminton Campaz,M,"8,0",False,Colombia,"6,7","29,0",0,0,0,0,0,"8,0","9,0","88,9","2,0","3,0",,0,0,,,2025-09-04 23:30:00,"World Cup Qualification, CONMEBOL",Colombia,4820,Bolivia,4746,3,0,W,Bolivia,home,True,Colombia,"1,0","66,7",,,,,,,,,,"7,0","6,0","2,0",,"3,0","0,0",,,,"16,0","1,0","1,0","2,0","2,0",,"0,0",,,,,,,,,,,,,,"0,0","24,8","6,2"
14169217,home,4-2-3-1,980580,Juan Portilla,J. Portilla,M,"27,0",False,Colombia,"6,5","8,0",0,0,0,0,0,"7,0","8,0","87,5",,,,0,0,,,2025-09-04 23:30:00,"World Cup Qualification, CONMEBOL",Colombia,4820,Bolivia,4746,3,0,W,Bolivia,home,True,Colombia,,,,,,,,,,,,"5,0","4,0",,,"1,0","0,0",,,,"8,0",,,,,,"0,0",,,,,,,,,,,,,,"0,0","78,8","0,0"
14169217,home,4-2-3-1,31715,Dayro Moreno,D. Moreno,F,"17,0",False,Colombia,"6,7","8,0",0,0,0,0,1,"4,0","4,0","100,0",,,,0,0,,,2025-09-04 23:30:00,"World Cup Qualification, CONMEBOL",Colombia,4820,Bolivia,4746,3,0,W,Bolivia,home,True,Colombia,,,,,,,,,,,,"4,0","4,0",,,,"0,0",,,,"4,0",,,,,,"0,0",,,,,,,,,,,,,,"0,0","45,0","0,0"
14169217,home,4-2-3-1,972587,Marino Hinestroza,M. Hinestroza,M,"18,0",False,Colombia,,"3,0",0,0,0,0,0,"3,0","3,0","100,0","1,0","2,0",,0,0,,,2025-09-04 23:30:00,"World Cup Qualification, CONMEBOL",Colombia,4820,Bolivia,4746,3,0,W,Bolivia,home,True,Colombia,"1,0","50,0",,,,,"1,0","1,0",,,,"1,0","1,0",,,,"0,0",,,,"4,0",,,,,,"0,0",,,,,,,,,,,,,,"0,0","90,0","0,0"
14169217,home,4-2-3-1,33596,David Ospina,D. Ospina,G,"1,0",False,Colombia,,,0,0,0,0,0,,,,,,,0,0,,,2025-09-04 23:30:00,"World Cup Qualification, CONMEBOL",Colombia,4820,Bolivia,4746,3,0,W,Bolivia,home,True,Colombia,,,,,,,,,,,,,,,,,"0,0",,,,,,,,,,,,,,,,,,,,,,,,,,
14169217,home,4-2-3-1,876190,Kevin Mier,K. Mier,G,"23,0",False,Colombia,,,0,0,0,0,0,,,,,,,0,0,,,2025-09-04 23:30:00,"World Cup Qualification, CONMEBOL",Colombia,4820,Bolivia,4746,3,0,W,Bolivia,home,True,Colombia,,,,,,,,,,,,,,,,,"0,0",,,,,,,,,,,,,,,,,,,,,,,,,,
14169217,home,4-2-3-1,824511,Álvaro Angulo,Á. Angulo,D,"77,0",False,Colombia,,,0,0,0,0,0,,,,,,,0,0,,,2025-09-04 23:30:00,"World Cup Qualification, CONMEBOL",Colombia,4820,Bolivia,4746,3,0,W,Bolivia,home,True,Colombia,,,,,,,,,,,,,,,,,"0,0",,,,,,,,,,,,,,,,,,,,,,,,,,
14169217,home,4-2-3-1,360396,Yerry Mina,Y. Mina,D,"26,0",False,Colombia,,,0,0,0,0,0,,,,,,,0,0,,,2025-09-04 23:30:00,"World Cup Qualification, CONMEBOL",Colombia,4820,Bolivia,4746,3,0,W,Bolivia,home,True,Colombia,,,,,,,,,,,,,,,,,"0,0",,,,,,,,,,,,,,,,,,,,,,,,,,
14169217,home,4-2-3-1,870013,Andrés Román,A. Román,D,"6,0",False,Colombia,,,0,0,0,0,0,,,,,,,0,0,,,2025-09-04 23:30:00,"World Cup Qualification, CONMEBOL",Colombia,4820,Bolivia,4746,3,0,W,Bolivia,home,True,Colombia,,,,,,,,,,,,,,,,,"0,0",,,,,,,,,,,,,,,,,,,,,,,,,,
14169217,home,4-2-3-1,590392,Jorge Carrascal,J. Carrascal,M,"15,0",False,Colombia,,,0,0,0,0,0,,,,,,,0,0,,,2025-09-04 23:30:00,"World Cup Qualification, CONMEBOL",Colombia,4820,Bolivia,4746,3,0,W,Bolivia,home,True,Colombia,,,,,,,,,,,,,,,,,"0,0",,,,,,,,,,,,,,,,,,,,,,,,,,
14169217,home,4-2-3-1,914213,Luis Javier Suárez,L. J. Suárez ,F,"97,0",False,Colombia,,,0,0,0,0,0,,,,,,,0,0,,,2025-09-04 23:30:00,"World Cup Qualification, CONMEBOL",Colombia,4820,Bolivia,4746,3,0,W,Bolivia,home,True,Colombia,,,,,,,,,,,,,,,,,"0,0",,,,,,,,,,,,,,,,,,,,,,,,,,
14169217,away,4-3-3,47452,Carlos Lampe,C. Lampe,G,"1,0",True,Bolivia,"6,9","90,0",0,0,0,0,0,"11,0","18,0","61,1","1,0",,,0,0,,,2025-09-04 23:30:00,"World Cup Qualification, CONMEBOL",Colombia,4820,Bolivia,4746,3,0,W,Bolivia,home,False,Colombia,,,,,,,,,,,,,,,,,"0,0",,,,,,,,,,,,,,,,,,,,,,,,"0,0","11,0","0,0"
14169217,away,4-3-3,1114079,Diego Medina,D. Medina,D,"2,0",True,Bolivia,"6,5","68,0",0,0,0,0,0,"13,0","14,0","92,9","1,0",,"1,0",0,0,,,2025-09-04 23:30:00,"World Cup Qualification, CONMEBOL",Colombia,4820,Bolivia,4746,3,0,W,Bolivia,home,False,Colombia,,,,,,,,,,,,,,,,,"0,0",,,,,,,,,,,,,,,,,,,,,,,,"0,0","17,2","0,0"
14169217,away,4-3-3,876304,Luis Haquín,L. Haquín,D,"5,0",True,Bolivia,"6,7","90,0",0,0,0,0,0,"30,0","34,0","88,2","4,0",,"2,0",0,0,,,2025-09-04 23:30:00,"World Cup Qualification, CONMEBOL",Colombia,4820,Bolivia,4746,3,0,W,Bolivia,home,False,Colombia,,,,,,,,,,,,,,,,,"0,0",,,,,,,,,,,,,,,,,,,,,,,,"0,0","30,0","0,0"
14169217,away,4-3-3,1035650,Efraín Morales,E. Morales,D,"24,0",True,Bolivia,"6,4","90,0",0,0,0,0,0,"15,0","15,0","100,0","4,0",,"2,0",0,0,,,2025-09-04 23:30:00,"World Cup Qualification, CONMEBOL",Colombia,4820,Bolivia,4746,3,0,W,Bolivia,home,False,Colombia,,,,,,,,,,,,,,,,,"0,0",,,,,,,,,,,,,,,,,,,,,,,,"0,0","15,0","0,0"
14169217,away,4-3-3,815445,José Sagredo,J. Sagredo,D,"4,0",True,Bolivia,"6,4","76,0",0,0,0,0,1,"17,0","25,0","68,0","2,0",,"2,0",0,0,,,2025-09-04 23:30:00,"World Cup Qualification, CONMEBOL",Colombia,4820,Bolivia,4746,3,0,W,Bolivia,home,False,Colombia,,,,,,,,,,,,,,,,,"0,0",,,,,,,,,,,,,,,,,,,,,,,,"0,0","20,1","0,0"
14169217,away,4-3-3,1441657,Robson Matheus,R. Matheus,M,"14,0",True,Bolivia,"6,5","76,0",0,0,0,0,1,"22,0","26,0","84,6","4,0",,,0,0,,,2025-09-04 23:30:00,"World Cup Qualification, CONMEBOL",Colombia,4820,Bolivia,4746,3,0,W,Bolivia,home,False,Colombia,,,,,,,,,,,,,,,,,"0,0",,,,,,,,,,,,,,,,,,,,,,,,"0,0","26,1","0,0"
14169217,away,4-3-3,1159649,Ervin Vaca,E. Vaca,M,"6,0",True,Bolivia,"6,3","90,0",0,0,0,0,0,"37,0","41,0","90,2","2,0",,,0,0,,,2025-09-04 23:30:00,"World Cup Qualification, CONMEBOL",Colombia,4820,Bolivia,4746,3,0,W,Bolivia,home,False,Colombia,,,,,,,,,,,,,,,,,"0,0",,,,,,,,,,,,,,,,,,,,,,,,"0,0","37,0","0,0"
14169217,away,4-3-3,964296,Gabriel Villamil,G. Villamil,M,"15,0",True,Bolivia,"6,7","77,0",0,0,1,1,1,"17,0","19,0","89,5",,,"1,0",0,0,,,2025-09-04 23:30:00,"World Cup Qualification, CONMEBOL",Colombia,4820,Bolivia,4746,3,0,W,Bolivia,home,False,Colombia,,,,,,,,,,,,,,,,,"2,0",,,,,,,,,,,,,,,,,,,,,,"38,5","77,0","0,0","19,9","0,0"
14169217,away,4-3-3,1424737,Moisés Paniagua,M. Paniagua,M,"40,0",True,Bolivia,"6,3","68,0",0,0,0,0,0,"3,0","9,0","33,3",,,"1,0",0,0,,,2025-09-04 23:30:00,"World Cup Qualification, CONMEBOL",Colombia,4820,Bolivia,4746,3,0,W,Bolivia,home,False,Colombia,,,,,,,,,,,,,,,,,"0,0",,,,,,,,,,,,,,,,,,,,,,,,"0,0","4,0","0,0"
14169217,away,4-3-3,1159656,Miguelito,Miguelito,M,"30,0",True,Bolivia,"6,6","90,0",0,0,0,2,0,"18,0","20,0","90,0","3,0",,,0,0,,,2025-09-04 23:30:00,"World Cup Qualification, CONMEBOL",Colombia,4820,Bolivia,4746,3,0,W,Bolivia,home,False,Colombia,,,,,,,,,,,,,,,,,"2,0",,,,,,,,,,,,,,,,,,,,,,"45,0",,"0,0","18,0","0,0"
14169217,away,4-3-3,986778,Roberto Fernández,R. Fernández,D,"21,0",True,Bolivia,"7,0","90,0",0,0,1,0,3,"13,0","19,0","68,4","6,0",,,0,0,,,2025-09-04 23:30:00,"World Cup Qualification, CONMEBOL",Colombia,4820,Bolivia,4746,3,0,W,Bolivia,home,False,Colombia,,,,,,,,,,,,,,,,,"1,0",,,,,,,,,,,,,,,,,,,,,,"90,0","90,0","0,0","13,0","0,0"
14169217,away,4-3-3,1390571,Yomar Rocha,Y. Rocha,D,"2,0",False,Bolivia,"6,1","22,0",0,0,0,0,0,"6,0","8,0","75,0","3,0",,,0,0,,,2025-09-04 23:30:00,"World Cup Qualification, CONMEBOL",Colombia,4820,Bolivia,4746,3,0,W,Bolivia,home,False,Colombia,,,,,,,,,,,,,,,,,"0,0",,,,,,,,,,,,,,,,,,,,,,,,"0,0","24,5","0,0"
14169217,away,4-3-3,808183,Carmelo Algarañaz,C. Algarañaz,F,"11,0",False,Bolivia,"6,4","22,0",0,0,0,0,0,"4,0","4,0","100,0",,,,0,0,,,2025-09-04 23:30:00,"World Cup Qualification, CONMEBOL",Colombia,4820,Bolivia,4746,3,0,W,Bolivia,home,False,Colombia,,,,,,,,,,,,,,,,,"0,0",,,,,,,,,,,,,,,,,,,,,,,,"0,0","16,4","0,0"
14169217,away,4-3-3,878344,Henry Vaca,H. Vaca,M,"19,0",False,Bolivia,"6,4","14,0",0,0,0,0,0,"5,0","5,0","100,0","1,0",,,0,0,,,2025-09-04 23:30:00,"World Cup Qualification, CONMEBOL",Colombia,4820,Bolivia,4746,3,0,W,Bolivia,home,False,Colombia,,,,,,,,,,,,,,,,,"0,0",,,,,,,,,,,,,,,,,,,,,,,,"0,0","32,1","0,0"
14169217,away,4-3-3,877535,Carlos Melgar,C. Melgar,M,"80,0",False,Bolivia,"6,3","14,0",0,0,0,0,1,"9,0","9,0","100,0",,,,0,0,,,2025-09-04 23:30:00,"World Cup Qualification, CONMEBOL",Colombia,4820,Bolivia,4746,3,0,W,Bolivia,home,False,Colombia,,,,,,,,,,,,,,,,,"0,0",,,,,,,,,,,,,,,,,,,,,,,,"0,0","57,9","0,0"
14169217,away,4-3-3,824930,Moisés Villarroel,M. Villarroel,M,"8,0",False,Bolivia,"6,7","13,0",0,0,1,0,0,"8,0","9,0","88,9","1,0",,,0,0,,,2025-09-04 23:30:00,"World Cup Qualification, CONMEBOL",Colombia,4820,Bolivia,4746,3,0,W,Bolivia,home,False,Colombia,,,,,,,,,,,,,,,,,"1,0",,,,,,,,,,,,,,,,,,,,,,"13,0","13,0","0,0","55,4","0,0"
14169217,away,4-3-3,873729,Rodrigo Banegas,R. Banegas,G,"1,0",False,Bolivia,,,0,0,0,0,0,,,,,,,0,0,,,2025-09-04 23:30:00,"World Cup Qualification, CONMEBOL",Colombia,4820,Bolivia,4746,3,0,W,Bolivia,home,False,Colombia,,,,,,,,,,,,,,,,,"0,0",,,,,,,,,,,,,,,,,,,,,,,,,,
14169217,away,4-3-3,331437,Guillermo Viscarra,G. Viscarra,G,"23,0",False,Bolivia,,,0,0,0,0,0,,,,,,,0,0,,,2025-09-04 23:30:00,"World Cup Qualification, CONMEBOL",Colombia,4820,Bolivia,4746,3,0,W,Bolivia,home,False,Colombia,,,,,,,,,,,,,,,,,"0,0",,,,,,,,,,,,,,,,,,,,,,,,,,
14169217,away,4-3-3,1082952,Leonardo Zabala,L. Zabala,D,"30,0",False,Bolivia,,,0,0,0,0,0,,,,,,,0,0,,,2025-09-04 23:30:00,"World Cup Qualification, CONMEBOL",Colombia,4820,Bolivia,4746,3,0,W,Bolivia,home,False,Colombia,,,,,,,,,,,,,,,,,"0,0",,,,,,,,,,,,,,,,,,,,,,,,,,
14169217,away,4-3-3,1510240,Diego Arroyo,D. Arroyo,D,"3,0",False,Bolivia,,,0,0,0,0,0,,,,,,,0,0,,,2025-09-04 23:30:00,"World Cup Qualification, CONMEBOL",Colombia,4820,Bolivia,4746,3,0,W,Bolivia,home,False,Colombia,,,,,,,,,,,,,,,,,"0,0",,,,,,,,,,,,,,,,,,,,,,,,,,
14169217,away,4-3-3,1994823,Oscar Lopez,Ó. López,M,,False,Bolivia,,,0,0,0,0,0,,,,,,,0,0,,,2025-09-04 23:30:00,"World Cup Qualification, CONMEBOL",Colombia,4820,Bolivia,4746,3,0,W,Bolivia,home,False,Colombia,,,,,,,,,,,,,,,,,"0,0",,,,,,,,,,,,,,,,,,,,,,,,,,
14169217,away,4-3-3,1495631,Héctor Cuellar,H. Cuellar,M,"13,0",False,Bolivia,,,0,0,0,0,0,,,,,,,0,0,,,2025-09-04 23:30:00,"World Cup Qualification, CONMEBOL",Colombia,4820,Bolivia,4746,3,0,W,Bolivia,home,False,Colombia,,,,,,,,,,,,,,,,,"0,0",,,,,,,,,,,,,,,,,,,,,,,,,,
14169217,away,4-3-3,1525129,Enzo Monteiro,E. Monteiro,F,"9,0",False,Bolivia,,,0,0,0,0,0,,,,,,,0,0,,,2025-09-04 23:30:00,"World Cup Qualification, CONMEBOL",Colombia,4820,Bolivia,4746,3,0,W,Bolivia,home,False,Colombia,,,,,,,,,,,,,,,,,"0,0",,,,,,,,,,,,,,,,,,,,,,,,,,
13856224,home,4-3-3,158263,Emiliano Martínez,E. Martínez,G,"23,0",True,Argentina,"7,5","90,0",0,0,0,0,0,"22,0","25,0","88,0","1,0",,,0,0,,,2025-06-11 00:00:00,"World Cup Qualification, CONMEBOL",Argentina,4819,Colombia,4820,1,1,D,Argentina,away,False,Colombia,,,,,,,,,,,,,,,,,"0,0",,,,,,,,,,,,,,,,,,,,,,,,"0,0","22,0","0,0"
13856224,home,4-3-3,831799,Nahuel Molina,N. Molina,D,"16,0",True,Argentina,"6,3","45,0",0,0,0,0,0,"15,0","17,0","88,2","1,0",,,0,0,,,2025-06-11 00:00:00,"World Cup Qualification, CONMEBOL",Argentina,4819,Colombia,4820,1,1,D,Argentina,away,False,Colombia,,,,,,,,,,,,,,,,,"0,0",,,,,,,,,,,,,,,,,,,,,,,,"0,0","30,0","0,0"
13856224,home,4-3-3,829932,Cristian Romero,C. Romero,D,"17,0",True,Argentina,"7,0","90,0",0,0,0,0,0,"66,0","69,0","95,7","4,0",,"5,0",0,0,,,2025-06-11 00:00:00,"World Cup Qualification, CONMEBOL",Argentina,4819,Colombia,4820,1,1,D,Argentina,away,False,Colombia,,,,,,,,,,,,,,,,,"0,0",,,,,,,,,,,,,,,,,,,,,,,,"0,0","66,0","0,0"
13856224,home,4-3-3,74915,Nicolás Otamendi,N. Otamendi,D,"30,0",True,Argentina,"7,1","90,0",0,0,0,1,0,"64,0","69,0","92,8","7,0",,"1,0",0,0,,,2025-06-11 00:00:00,"World Cup Qualification, CONMEBOL",Argentina,4819,Colombia,4820,1,1,D,Argentina,away,False,Colombia,,,,,,,,,,,,,,,,,"1,0",,,,,,,,,,,,,,,,,,,,,,"90,0",,"0,0","64,0","0,0"
13856224,home,4-3-3,860307,Facundo Medina,F. Medina,D,"32,0",True,Argentina,"6,8","78,0",0,0,0,0,0,"39,0","45,0","86,7","3,0",,,0,0,,,2025-06-11 00:00:00,"World Cup Qualification, CONMEBOL",Argentina,4819,Colombia,4820,1,1,D,Argentina,away,False,Colombia,,,,,,,,,,,,,,,,,"0,0",,,,,,,,,,,,,,,,,,,,,,,,"0,0","45,0","0,0"
13856224,home,4-3-3,249399,Rodrigo De Paul,R. De Paul,M,"7,0",True,Argentina,"6,9","45,0",0,0,0,0,0,"38,0","41,0","92,7","5,0",,"1,0",0,0,,,2025-06-11 00:00:00,"World Cup Qualification, CONMEBOL",Argentina,4819,Colombia,4820,1,1,D,Argentina,away,False,Colombia,,,,,,,,,,,,,,,,,"0,0",,,,,,,,,,,,,,,,,,,,,,,,"0,0","76,0","0,0"
13856224,home,4-3-3,255389,Leandro Paredes,L. Paredes,M,"5,0",True,Argentina,"7,6","90,0",0,0,0,0,1,"100,0","101,0","99,0","6,0",,,0,0,,,2025-06-11 00:00:00,"World Cup Qualification, CONMEBOL",Argentina,4819,Colombia,4820,1,1,D,Argentina,away,False,Colombia,,,,,,,,,,,,,,,,,"0,0",,,,,,,,,,,,,,,,,,,,,,,,"0,0","100,0","0,0"
13856224,home,4-3-3,974505,Enzo Fernández,E. Fernández,M,"8,0",True,Argentina,"6,0","70,0",0,0,0,1,0,"52,0","56,0","92,9","1,0",,"1,0",0,0,,,2025-06-11 00:00:00,"World Cup Qualification, CONMEBOL",Argentina,4819,Colombia,4820,1,1,D,Argentina,away,False,Colombia,,,,,,,,,,,,,,,,,"1,0",,,,,,,,,,,,,,,,,,,,,,"70,0",,"0,0","66,9","0,0"
13856224,home,4-3-3,12994,Lionel Messi,L. Messi,F,"10,0",True,Argentina,"8,2","78,0",0,0,0,3,1,"43,0","54,0","79,6","12,0",,"1,0",0,0,,,2025-06-11 00:00:00,"World Cup Qualification, CONMEBOL",Argentina,4819,Colombia,4820,1,1,D,Argentina,away,False,Colombia,,,,,,,,,,,,,,,,,"3,0",,,,,,,,,,,,,,,,,,,,,,"26,0",,"0,0","49,6","0,0"
13856224,home,4-3-3,944656,Julián Alvarez,J. Álvarez,F,"19,0",True,Argentina,"6,8","90,0",0,0,1,0,1,"26,0","30,0","86,7","2,0",,,0,0,,,2025-06-11 00:00:00,"World Cup Qualification, CONMEBOL",Argentina,4819,Colombia,4820,1,1,D,Argentina,away,False,Colombia,,,,,,,,,,,,,,,,,"1,0",,,,,,,,,,,,,,,,,,,,,,"90,0","90,0","0,0","26,0","0,0"
13856224,home,4-3-3,944660,Thiago Almada,T. Almada,M,"11,0",True,Argentina,"8,1","89,0",1,0,1,0,3,"54,0","59,0","91,5","5,0",,"1,0",0,0,,,2025-06-11 00:00:00,"World Cup Qualification, CONMEBOL",Argentina,4819,Colombia,4820,1,1,D,Argentina,away,False,Colombia,,,,,,,,,,,,,,,,,"1,0",,,,,,,,,,,,,,,,,,,,,,"89,0","89,0","1,01","54,6","0,0"
13856224,home,4-3-3,901325,Nicolás González,N. González,M,"23,0",False,Argentina,"7,1","45,0",0,0,1,1,1,"10,0","10,0","100,0","1,0",,"3,0",0,0,,,2025-06-11 00:00:00,"World Cup Qualification, CONMEBOL",Argentina,4819,Colombia,4820,1,1,D,Argentina,away,False,Colombia,,,,,,,,,,,,,,,,,"2,0",,,,,,,,,,,,,,,,,,,,,,"22,5","45,0","0,0","20,0","0,0"
13856224,home,4-3-3,1099352,Giuliano Simeone,G. Simeone,M,"20,0",False,Argentina,"6,9","45,0",0,0,0,0,0,"15,0","19,0","78,9","4,0",,,0,0,,,2025-06-11 00:00:00,"World Cup Qualification, CONMEBOL",Argentina,4819,Colombia,4820,1,1,D,Argentina,away,False,Colombia,,,,,,,,,,,,,,,,,"0,0",,,,,,,,,,,,,,,,,,,,,,,,"0,0","30,0","0,0"
13856224,home,4-3-3,873189,Juan Foyth,J. Foyth,D,"8,0",False,Argentina,"6,5","12,0",0,0,0,0,0,"4,0","5,0","80,0","1,0",,,0,0,,,2025-06-11 00:00:00,"World Cup Qualification, CONMEBOL",Argentina,4819,Colombia,4820,1,1,D,Argentina,away,False,Colombia,,,,,,,,,,,,,,,,,"0,0",,,,,,,,,,,,,,,,,,,,,,,,"0,0","30,0","0,0"
13856224,home,4-3-3,822600,Exequiel Palacios,E. Palacios,M,"25,0",False,Argentina,"6,8","12,0",0,1,0,0,1,"5,0","6,0","83,3",,,,0,0,,,2025-06-11 00:00:00,"World Cup Qualification, CONMEBOL",Argentina,4819,Colombia,4820,1,1,D,Argentina,away,False,Colombia,,,,,,,,,,,,,,,,,"0,0",,,,,,,,,,,,,,,,,,,,,,,,"7,5","37,5","0,0"
13856224,home,4-3-3,928236,Leonardo Balerdi,L. Balerdi,D,"5,0",False,Argentina,,"1,0",0,0,0,0,0,,,,,,,0,0,,,2025-06-11 00:00:00,"World Cup Qualification, CONMEBOL",Argentina,4819,Colombia,4820,1,1,D,Argentina,away,False,Colombia,,,,,,,,,,,,,,,,,"0,0",,,,,,,,,,,,,,,,,,,,,,,,"0,0","0,0","0,0"
13856224,home,4-3-3,128383,Gerónimo Rulli,G. Rulli,G,"1,0",False,Argentina,,,0,0,0,0,0,,,,,,,0,0,,,2025-06-11 00:00:00,"World Cup Qualification, CONMEBOL",Argentina,4819,Colombia,4820,1,1,D,Argentina,away,False,Colombia,,,,,,,,,,,,,,,,,"0,0",,,,,,,,,,,,,,,,,,,,,,,,,,
13856224,home,4-3-3,249859,Walter Benítez,W. Benítez,G,"44,0",False,Argentina,,,0,0,0,0,0,,,,,,,0,0,,,2025-06-11 00:00:00,"World Cup Qualification, CONMEBOL",Argentina,4819,Colombia,4820,1,1,D,Argentina,away,False,Colombia,,,,,,,,,,,,,,,,,"0,0",,,,,,,,,,,,,,,,,,,,,,,,,,
13856224,home,4-3-3,1127057,Valentín Barco,V. Barco,M,"32,0",False,Argentina,,,0,0,0,0,0,,,,,,,0,0,,,2025-06-11 00:00:00,"World Cup Qualification, CONMEBOL",Argentina,4819,Colombia,4820,1,1,D,Argentina,away,False,Colombia,,,,,,,,,,,,,,,,,"0,0",,,,,,,,,,,,,,,,,,,,,,,,,,
13856224,home,4-3-3,1171451,Nico Paz,N. Paz,M,"10,0",False,Argentina,,,0,0,0,0,0,,,,,,,0,0,,,2025-06-11 00:00:00,"World Cup Qualification, CONMEBOL",Argentina,4819,Colombia,4820,1,1,D,Argentina,away,False,Colombia,,,,,,,,,,,,,,,,,"0,0",,,,,,,,,,,,,,,,,,,,,,,,,,
13856224,home,4-3-3,823984,Lautaro Martínez,L. Martínez,F,"10,0",False,Argentina,,,0,0,0,0,0,,,,,,,0,0,,,2025-06-11 00:00:00,"World Cup Qualification, CONMEBOL",Argentina,4819,Colombia,4820,1,1,D,Argentina,away,False,Colombia,,,,,,,,,,,,,,,,,"0,0",,,,,,,,,,,,,,,,,,,,,,,,,,
13856224,home,4-3-3,316152,Ángel Correa,Á. Correa,F,"7,0",False,Argentina,,,0,0,0,0,0,,,,,,,0,0,,,2025-06-11 00:00:00,"World Cup Qualification, CONMEBOL",Argentina,4819,Colombia,4820,1,1,D,Argentina,away,False,Colombia,,,,,,,,,,,,,,,,,"0,0",,,,,,,,,,,,,,,,,,,,,,,,,,
13856224,home,4-3-3,1403559,Franco Mastantuono,F. Mastantuono,F,"30,0",False,Argentina,,,0,0,0,0,0,,,,,,,0,0,,,2025-06-11 00:00:00,"World Cup Qualification, CONMEBOL",Argentina,4819,Colombia,4820,1,1,D,Argentina,away,False,Colombia,,,,,,,,,,,,,,,,,"0,0",,,,,,,,,,,,,,,,,,,,,,,,,,
13856224,away,4-3-3,876190,Kevin Mier,K. Mier,G,"23,0",True,Colombia,"6,7","90,0",0,0,0,0,0,"23,0","35,0","65,7",,,,0,0,,,2025-06-11 00:00:00,"World Cup Qualification, CONMEBOL",Argentina,4819,Colombia,4820,1,1,D,Argentina,away,True,Colombia,,,,,,,,,"15,0","3,0",,"11,0","2,0","3,0","1,0","12,0","0,0",,,,"40,0",,,,,,"0,0",,,,,"2,0",,,,,,,,,"0,0","23,0","3,0"
13856224,away,4-3-3,870360,Daniel Muñoz,D. Muñoz,M,"2,0",True,Colombia,"6,5","90,0",0,0,0,0,1,"16,0","21,0","76,2","4,0","9,0",,0,0,,,2025-06-11 00:00:00,"World Cup Qualification, CONMEBOL",Argentina,4819,Colombia,4820,1,1,D,Argentina,away,True,Colombia,"5,0","44,4","1,0",,"1,0","100,0",,,"1,0",,,"11,0","9,0","4,0","4,0","7,0","0,0",,,,"36,0","1,0","1,0","1,0","1,0",,"0,0",,"4,0","2,0",,,,,,,,,,,"0,0","16,0","4,0"
13856224,away,4-3-3,566102,Davinson Sánchez,D. Sánchez,D,"6,0",True,Colombia,"7,0","90,0",0,0,0,0,1,"37,0","44,0","84,1","5,0","8,0","2,0",0,0,,,2025-06-11 00:00:00,"World Cup Qualification, CONMEBOL",Argentina,4819,Colombia,4820,1,1,D,Argentina,away,True,Colombia,"3,0","62,5",,,,,"4,0","3,0","6,0","1,0",,"14,0","10,0","3,0","5,0","8,0","0,0",,,,"60,0",,"1,0",,,,"0,0",,"1,0","1,0",,,,,,,,,,,"0,0","37,0","3,0"
13856224,away,4-3-3,818481,Jhon Lucumí,J. Lucumí,D,"26,0",True,Colombia,"6,7","90,0",0,0,0,0,0,"48,0","52,0","92,3","1,0","3,0","1,0",0,0,,,2025-06-11 00:00:00,"World Cup Qualification, CONMEBOL",Argentina,4819,Colombia,4820,1,1,D,Argentina,away,True,Colombia,"2,0","33,3","1,0","2,0","3,0","33,3",,,"6,0","3,0",,"13,0","9,0","2,0","6,0","4,0","1,0",,,,"60,0",,,,,,"0,0",,,,,,,,,,,,"90,0",,"0,0","48,0","2,0"
13856224,away,4-3-3,822110,Deiver Machado,D. Machado,D,"27,0",True,Colombia,"6,6","90,0",0,0,0,1,1,"25,0","29,0","86,2","2,0","8,0",,0,0,,,2025-06-11 00:00:00,"World Cup Qualification, CONMEBOL",Argentina,4819,Colombia,4820,1,1,D,Argentina,away,True,Colombia,"6,0","25,0","1,0","1,0","2,0","50,0",,,"2,0","1,0","1,0","17,0","14,0","1,0","3,0","8,0","1,0","1,0","1,0",,"49,0","1,0","1,0",,,,"0,0",,,"1,0",,,,,,,,,"90,0",,"0,0","25,0","1,0"
13856224,away,4-3-3,1015292,Richard Ríos,R. Ríos,M,"20,0",True,Colombia,"6,5","90,0",0,0,1,1,0,"18,0","23,0","78,3","4,0","10,0",,0,0,,,2025-06-11 00:00:00,"World Cup Qualification, CONMEBOL",Argentina,4819,Colombia,4820,1,1,D,Argentina,away,True,Colombia,"6,0","40,0","1,0","1,0","2,0","50,0","1,0",,"3,0","3,0",,"8,0","7,0","2,0","4,0","11,0","2,0","1,0",,"1,0","42,0","2,0","3,0","1,0",,,"0,0",,"1,0","2,0",,,,,,,,,"45,0","90,0","0,0","18,0","2,0"
13856224,away,4-3-3,355796,Jefferson Lerma,J. Lerma,M,"8,0",True,Colombia,"6,8","90,0",0,0,0,0,0,"40,0","41,0","97,6","3,0","9,0",,0,0,,,2025-06-11 00:00:00,"World Cup Qualification, CONMEBOL",Argentina,4819,Colombia,4820,1,1,D,Argentina,away,True,Colombia,"6,0","33,3","1,0","2,0","3,0","33,3","1,0","1,0","5,0","5,0",,"22,0","21,0","4,0","2,0","2,0","0,0",,,,"48,0",,"1,0",,,,"0,0",,"3,0","1,0",,,,,,,,,,,"0,0","40,0","4,0"
13856224,away,4-3-3,1066915,Kevin Castaño,K. Castaño,M,"22,0",True,Colombia,"7,1","73,0",0,1,0,0,1,"29,0","32,0","90,6","4,0","9,0","1,0",0,0,,,2025-06-11 00:00:00,"World Cup Qualification, CONMEBOL",Argentina,4819,Colombia,4820,1,1,D,Argentina,away,True,Colombia,"5,0","44,4",,,,,"2,0","2,0",,,,"16,0","16,0","3,0",,"4,0","0,0",,"1,0",,"43,0",,,"1,0",,,"0,0",,"1,0","2,0",,,,,,,,,,,"1,23","35,8","3,7"
13856224,away,4-3-3,107414,James Rodríguez,J. Rodríguez,M,"10,0",True,Colombia,"7,0","73,0",0,0,0,0,2,"19,0","24,0","79,2","3,0","4,0",,0,0,,,2025-06-11 00:00:00,"World Cup Qualification, CONMEBOL",Argentina,4819,Colombia,4820,1,1,D,Argentina,away,True,Colombia,"1,0","75,0","1,0",,"1,0","100,0","1,0",,"1,0","1,0","5,0","20,0","13,0","3,0","2,0","11,0","0,0",,"1,0",,"36,0",,"1,0",,,,"0,0",,,"1,0",,,,,,,,,,,"0,0","23,4","3,7"
13856224,away,4-3-3,883537,Luis Díaz,L. Díaz,M,"14,0",True,Colombia,"8,1","90,0",1,0,2,0,2,"12,0","15,0","80,0","12,0","18,0","1,0",0,0,,,2025-06-11 00:00:00,"World Cup Qualification, CONMEBOL",Argentina,4819,Colombia,4820,1,1,D,Argentina,away,True,Colombia,"6,0","66,7","2,0","1,0","3,0","66,7","2,0","2,0","1,0","1,0","1,0","11,0","8,0","6,0","1,0","10,0","5,0","1,0","1,0",,"42,0","3,0",,"9,0","5,0",,"0,0",,"1,0","3,0","1,0",,,,,,,,"18,0","45,0","1,0","12,0","6,0"
13856224,away,4-3-3,877299,Jaminton Campaz,Jaminton Campaz,M,"8,0",True,Colombia,"6,3","57,0",0,0,0,0,1,"14,0","18,0","77,8","1,0","10,0","1,0",0,0,,,2025-06-11 00:00:00,"World Cup Qualification, CONMEBOL",Argentina,4819,Colombia,4820,1,1,D,Argentina,away,True,Colombia,"9,0","10,0",,"1,0","1,0","0,0",,,,,"1,0","13,0","10,0","5,0","1,0","10,0","0,0",,,,"31,0","1,0","2,0","2,0",,,"0,0",,,"1,0",,,,,,,,,,,"0,0","22,1","7,9"
13856224,away,4-3-3,870013,Andrés Román,A. Román,D,"6,0",False,Colombia,"6,4","33,0",0,0,1,0,0,"1,0","1,0","100,0",,"1,0",,0,0,,,2025-06-11 00:00:00,"World Cup Qualification, CONMEBOL",Argentina,4819,Colombia,4820,1,1,D,Argentina,away,True,Colombia,"1,0","0,0",,,,,,,,,,"1,0","1,0",,,"1,0","1,0","1,0",,,"3,0","1,0",,,,,"0,0",,"1,0",,,,,,,,,,"33,0","33,0","0,0","2,7","0,0"
13856224,away,4-3-3,844096,Jhon Arias,J. Arias,M,"11,0",False,Colombia,"6,4","17,0",0,0,1,0,0,"5,0","6,0","83,3","1,0","4,0",,0,0,,,2025-06-11 00:00:00,"World Cup Qualification, CONMEBOL",Argentina,4819,Colombia,4820,1,1,D,Argentina,away,True,Colombia,"3,0","25,0",,,,,,,,,"2,0","5,0","2,0",,,"5,0","1,0",,,,"13,0",,"1,0","1,0",,,"0,0",,,"1,0",,,,,,,,,"17,0","17,0","0,0","26,5","0,0"
13856224,away,4-3-3,818936,Rafael Carrascal,R. Carrascal,M,"15,0",False,Colombia,"6,7","17,0",0,0,0,0,0,"4,0","4,0","100,0","1,0","1,0",,0,0,,,2025-06-11 00:00:00,"World Cup Qualification, CONMEBOL",Argentina,4819,Colombia,4820,1,1,D,Argentina,away,True,Colombia,,"100,0",,,,,,,,,,"4,0","4,0","1,0","1,0","2,0","0,0",,,,"9,0","2,0",,,,,"0,0",,,"1,0",,,,,,,,,,,"0,0","21,2","5,3"
13856224,away,4-3-3,125787,Camilo Vargas,C. Vargas,G,"12,0",False,Colombia,,,0,0,0,0,0,,,,,,,0,0,,,2025-06-11 00:00:00,"World Cup Qualification, CONMEBOL",Argentina,4819,Colombia,4820,1,1,D,Argentina,away,True,Colombia,,,,,,,,,,,,,,,,,"0,0",,,,,,,,,,,,,,,,,,,,,,,,,,
13856224,away,4-3-3,33596,David Ospina,D. Ospina,G,"1,0",False,Colombia,,,0,0,0,0,0,,,,,,,0,0,,,2025-06-11 00:00:00,"World Cup Qualification, CONMEBOL",Argentina,4819,Colombia,4820,1,1,D,Argentina,away,True,Colombia,,,,,,,,,,,,,,,,,"0,0",,,,,,,,,,,,,,,,,,,,,,,,,,
13856224,away,4-3-3,831038,Cristián Borja,C. Borja,D,"26,0",False,Colombia,,,0,0,0,0,0,,,,,,,0,0,,,2025-06-11 00:00:00,"World Cup Qualification, CONMEBOL",Argentina,4819,Colombia,4820,1,1,D,Argentina,away,True,Colombia,,,,,,,,,,,,,,,,,"0,0",,,,,,,,,,,,,,,,,,,,,,,,,,
13856224,away,4-3-3,360396,Yerry Mina,Y. Mina,D,"26,0",False,Colombia,,,0,0,0,0,0,,,,,,,0,0,,,2025-06-11 00:00:00,"World Cup Qualification, CONMEBOL",Argentina,4819,Colombia,4820,1,1,D,Argentina,away,True,Colombia,,,,,,,,,,,,,,,,,"0,0",,,,,,,,,,,,,,,,,,,,,,,,,,
13856224,away,4-3-3,972587,Marino Hinestroza,M. Hinestroza,M,"18,0",False,Colombia,,,0,0,0,0,0,,,,,,,0,0,,,2025-06-11 00:00:00,"World Cup Qualification, CONMEBOL",Argentina,4819,Colombia,4820,1,1,D,Argentina,away,True,Colombia,,,,,,,,,,,,,,,,,"0,0",,,,,,,,,,,,,,,,,,,,,,,,,,
13856224,away,4-3-3,590392,Jorge Carrascal,J. Carrascal,M,"15,0",False,Colombia,,,0,0,0,0,0,,,,,,,0,0,,,2025-06-11 00:00:00,"World Cup Qualification, CONMEBOL",Argentina,4819,Colombia,4820,1,1,D,Argentina,away,True,Colombia,,,,,,,,,,,,,,,,,"0,0",,,,,,,,,,,,,,,,,,,,,,,,,,
13856224,away,4-3-3,1174889,Gustavo Puerta,G. Puerta,M,"19,0",False,Colombia,,,0,0,0,0,0,,,,,,,0,0,,,2025-06-11 00:00:00,"World Cup Qualification, CONMEBOL",Argentina,4819,Colombia,4820,1,1,D,Argentina,away,True,Colombia,,,,,,,,,,,,,,,,,"0,0",,,,,,,,,,,,,,,,,,,,,,,,,,
13856224,away,4-3-3,887055,Cucho Hernández,C. Hernández,F,"19,0",False,Colombia,,,0,0,0,0,0,,,,,,,0,0,,,2025-06-11 00:00:00,"World Cup Qualification, CONMEBOL",Argentina,4819,Colombia,4820,1,1,D,Argentina,away,True,Colombia,,,,,,,,,,,,,,,,,"0,0",,,,,,,,,,,,,,,,,,,,,,,,,,
13856224,away,4-3-3,914213,Luis Javier Suárez,L. J. Suárez ,F,"97,0",False,Colombia,,,0,0,0,0,0,,,,,,,0,0,,,2025-06-11 00:00:00,"World Cup Qualification, CONMEBOL",Argentina,4819,Colombia,4820,1,1,D,Argentina,away,True,Colombia,,,,,,,,,,,,,,,,,"0,0",,,,,,,,,,,,,,,,,,,,,,,,,,
16118858,home,4-2-3-1,263651,Juan Musso,J. Musso,G,"1,0",True,Argentina,"6,5","81,0",0,0,0,0,0,"10,0","13,0","76,9",,,,0,0,,,2026-06-07 00:00:00,Int. Friendly Games,Argentina,4819,Honduras,4827,2,0,W,Honduras,home,True,Argentina,,,,,,,,,"3,0",,,"1,0",,"2,0",,"3,0","0,0",,,,"13,0",,,,,"5,0","28,1","0,0",,,,,,,"-0,01","0,0","0,0",,,,"0,0","11,1","2,2"
16118858,home,4-2-3-1,1106603,Agustín Giay,A. Giay,D,"4,0",True,Argentina,"7,1","90,0",0,0,0,0,2,"50,0","53,0","94,3","4,0","9,0",,0,0,,,2026-06-07 00:00:00,Int. Friendly Games,Argentina,4819,Honduras,4827,2,0,W,Honduras,home,True,Argentina,"5,0","44,4",,"1,0","1,0","0,0","3,0","2,0","3,0","3,0","2,0","33,0","30,0","1,0","1,0","5,0","0,0",,,,"72,0",,,"1,0",,"14,0","105,1","1,0","3,0","1,0",,,,,"0,16","0,04","0,18",,,,"0,0","50,0","1,0"
16118858,home,4-2-3-1,74915,Nicolás Otamendi,N. Otamendi,D,"30,0",True,Argentina,"7,1","86,0",0,0,0,1,0,"58,0","61,0","95,1","2,0","4,0","2,0",0,0,,,2026-06-07 00:00:00,Int. Friendly Games,Argentina,4819,Honduras,4827,2,0,W,Honduras,home,True,Argentina,"2,0","50,0","1,0","2,0","3,0","33,3","1,0",,"3,0","2,0",,"24,0","21,0","3,0","1,0","3,0","1,0",,,,"69,0",,,,,"29,0","246,6","1,0",,,,,,"-0,05","0,12","0,18","0,19",,"86,0",,"0,0","60,7","3,1"
16118858,home,4-2-3-1,859999,Lisandro Martínez,L. Martínez,D,"6,0",True,Argentina,"7,1","63,0",0,0,0,1,0,"63,0","63,0","100,0","2,0","4,0",,0,0,,,2026-06-07 00:00:00,Int. Friendly Games,Argentina,4819,Honduras,4827,2,0,W,Honduras,home,True,Argentina,"2,0","50,0","2,0","1,0","3,0","66,7",,,"1,0","1,0",,"30,0","30,0","4,0","2,0",,"1,0",,,,"66,0",,,,,"23,0","173,8","0,0","1,0",,,,,"-0,19","0,26","0,22","0,19",,"63,0",,"0,0","90,0","5,7"
16118858,home,4-2-3-1,158243,Nicolás Tagliafico,N. Tagliafico,D,"3,0",True,Argentina,"7,3","45,0",0,0,0,0,0,"22,0","23,0","95,7","3,0","3,0",,0,0,,,2026-06-07 00:00:00,Int. Friendly Games,Argentina,4819,Honduras,4827,2,0,W,Honduras,home,True,Argentina,,"100,0","1,0",,"1,0","100,0",,,"1,0","1,0",,"14,0","13,0","1,0","1,0","2,0","0,0",,,,"32,0","1,0",,,,"5,0","19,0","0,0",,"2,0",,,,,"-0,02","0,08","0,13",,,,"0,0","44,0","2,0"
16118858,home,4-2-3-1,1127057,Valentín Barco,V. Barco,M,"32,0",True,Argentina,"7,1","45,0",0,0,0,0,1,"51,0","55,0","92,7","4,0","7,0","1,0",0,0,,,2026-06-07 00:00:00,Int. Friendly Games,Argentina,4819,Honduras,4827,2,0,W,Honduras,home,True,Argentina,"3,0","57,1",,,,,"1,0","1,0","2,0","1,0",,"37,0","33,0","4,0",,"6,0","0,0",,,,"66,0","1,0",,"1,0",,"26,0","144,0","0,0","2,0","3,0",,,,,"0,3","0,09","0,2",,,,"0,0","102,0","8,0"
16118858,home,4-2-3-1,822600,Exequiel Palacios,E. Palacios,M,"25,0",True,Argentina,"7,3","81,0",0,0,0,0,1,"114,0","115,0","99,1","2,0","6,0","1,0",0,0,,,2026-06-07 00:00:00,Int. Friendly Games,Argentina,4819,Honduras,4827,2,0,W,Honduras,home,True,Argentina,"4,0","33,3","1,0",,"1,0","100,0",,,"2,0","2,0",,"81,0","80,0","5,0",,"3,0","0,0",,,,"120,0",,"1,0","1,0",,"38,0","256,6","0,0","1,0","1,0",,,,,"0,42","0,19","-0,04",,,,"0,0","126,7","5,6"
16118858,home,4-2-3-1,798835,Giovani Lo Celso,G. Lo Celso,M,"20,0",True,Argentina,"7,8","62,0",0,0,1,1,2,"51,0","59,0","86,4","1,0","4,0",,0,0,,,2026-06-07 00:00:00,Int. Friendly Games,Argentina,4819,Honduras,4827,2,0,W,Honduras,home,True,Argentina,"3,0","25,0",,,,,,,"2,0","1,0","3,0","47,0","40,0",,,"14,0","4,0",,,"1,0","73,0","1,0","1,0","1,0",,"22,0","197,2","2,0",,"1,0",,,,"-0,52","0,97","0,27","-0,06",,"15,5","62,0","0,0","74,0","0,0"
16118858,home,4-2-3-1,944660,Thiago Almada,T. Almada,M,"11,0",True,Argentina,"7,9","62,0",0,0,1,1,2,"60,0","62,0","96,8","1,0","4,0",,0,0,,,2026-06-07 00:00:00,Int. Friendly Games,Argentina,4819,Honduras,4827,2,0,W,Honduras,home,True,Argentina,"3,0","25,0",,,,,"1,0","1,0","2,0","2,0","1,0","48,0","46,0","1,0",,"5,0","2,0",,,,"70,0",,"2,0","1,0",,"20,0","157,1","1,0",,,,,,"0,21","0,68","0,2","0,13",,"31,0","62,0","0,0","87,1","1,5"
16118858,home,4-2-3-1,1099352,Giuliano Simeone,G. Simeone,M,"20,0",True,Argentina,"9,0","82,0",1,0,3,1,5,"31,0","33,0","93,9","3,0","11,0",,0,0,,,2026-06-07 00:00:00,Int. Friendly Games,Argentina,4819,Honduras,4827,2,0,W,Honduras,home,True,Argentina,"8,0","27,3","1,0","1,0","2,0","50,0","1,0","1,0",,,"2,0","25,0","24,0","2,0",,"10,0","4,0","1,0",,,"53,0","2,0","1,0","6,0","1,0","15,0","118,7","4,0","1,0",,,,,"0,27","0,6","0,43","0,14",,"20,5","27,3","1,1","34,0","2,2"
16118858,home,4-2-3-1,823984,Lautaro Martínez,L. Martínez,F,"10,0",True,Argentina,"7,2","63,0",1,1,2,0,2,"26,0","30,0","86,7","4,0","13,0",,0,0,,,2026-06-07 00:00:00,Int. Friendly Games,Argentina,4819,Honduras,4827,2,0,W,Honduras,home,True,Argentina,"9,0","30,8","1,0",,"1,0","100,0","2,0","2,0",,,,"24,0","21,0","4,0",,"10,0","3,0",,"1,0",,"44,0",,"3,0","4,0","1,0","10,0","90,6","2,0","2,0",,,,,"0,29","0,07","0,22","-0,03",,"21,0","31,5","2,86","37,1","5,7"
16118858,home,4-2-3-1,860307,Facundo Medina,F. Medina,D,"32,0",False,Argentina,"7,1","45,0",0,0,0,0,1,"34,0","35,0","97,1","3,0","6,0",,0,0,,,2026-06-07 00:00:00,Int. Friendly Games,Argentina,4819,Honduras,4827,2,0,W,Honduras,home,True,Argentina,"3,0","50,0","1,0",,"1,0","100,0","1,0","1,0","2,0","1,0",,"20,0","19,0","4,0","1,0","2,0","1,0",,,,"43,0",,,,,"10,0","70,3","0,0","2,0","1,0",,,,"-0,14","0,3","0,02","-0,03",,"45,0",,"0,0","68,0","8,0"
16118858,home,4-2-3-1,249399,Rodrigo De Paul,R. De Paul,M,"7,0",False,Argentina,"8,0","45,0",0,0,0,0,0,"85,0","90,0","94,4",,"1,0",,0,0,,,2026-06-07 00:00:00,Int. Friendly Games,Argentina,4819,Honduras,4827,2,0,W,Honduras,home,True,Argentina,"1,0","0,0",,,,,,,"2,0","1,0","3,0","75,0","70,0","1,0",,"7,0","1,0",,,,"96,0",,,,,"38,0","290,4","3,0","1,0",,,,,"-0,04","0,81","0,4","-0,03",,"45,0",,"0,0","170,0","2,0"
16118858,home,4-2-3-1,974505,Enzo Fernández,E. Fernández,M,"8,0",False,Argentina,"6,9","28,0",0,0,0,0,0,"26,0","28,0","92,9","2,0","3,0",,0,0,,,2026-06-07 00:00:00,Int. Friendly Games,Argentina,4819,Honduras,4827,2,0,W,Honduras,home,True,Argentina,"1,0","66,7",,,,,,,"2,0","2,0",,"23,0","21,0","1,0",,"3,0","0,0",,,,"31,0",,"1,0",,,"14,0","108,3","1,0",,"2,0",,,,,"0,08","0,21","0,0",,,,"0,0","83,6","3,2"
16118858,home,4-2-3-1,895324,Alexis Mac Allister,A. Mac Allister,M,"10,0",False,Argentina,"6,8","28,0",0,0,0,1,0,"14,0","16,0","87,5","2,0","3,0",,0,0,,,2026-06-07 00:00:00,Int. Friendly Games,Argentina,4819,Honduras,4827,2,0,W,Honduras,home,True,Argentina,"1,0","66,7",,"1,0","1,0","0,0","2,0","1,0","2,0","1,0","1,0","9,0","8,0","1,0",,"4,0","1,0",,,,"23,0","1,0",,,,"9,0","61,6","0,0",,,,,,"-0,47","0,09","0,06","0,25",,"28,0",,"0,0","45,0","3,2"
16118858,home,4-2-3-1,829932,Cristian Romero,C. Romero,D,"17,0",False,Argentina,"6,9","27,0",0,0,0,1,0,"28,0","29,0","96,6","1,0","2,0",,0,0,,,2026-06-07 00:00:00,Int. Friendly Games,Argentina,4819,Honduras,4827,2,0,W,Honduras,home,True,Argentina,"1,0","50,0","1,0",,"1,0","100,0",,,"1,0",,,"17,0","16,0","1,0",,"1,0","1,0",,,,"30,0",,,,,"18,0","125,3","0,0",,,,,,"-0,18","0,23","0,14","-0,04",,"27,0",,"0,0","93,3","3,3"
16118858,home,4-2-3-1,1094179,José Manuel López,J. López,F,"42,0",False,Argentina,"6,2","27,0",0,0,0,0,0,"3,0","3,0","100,0",,"2,0",,0,0,,,2026-06-07 00:00:00,Int. Friendly Games,Argentina,4819,Honduras,4827,2,0,W,Honduras,home,True,Argentina,"2,0","0,0",,"1,0","1,0","0,0",,,,,,"3,0","3,0",,,"4,0","0,0",,,,"8,0","3,0",,,,"2,0","12,9","0,0","1,0",,,,,,"-0,09","0,0","0,0",,,,"0,0","10,0","0,0"
16118858,home,4-2-3-1,1485255,Santiago Beltrán,S. Beltrán,G,"41,0",False,Argentina,"6,5","9,0",0,0,0,0,0,,,,,,,0,0,,,2026-06-07 00:00:00,Int. Friendly Games,Argentina,4819,Honduras,4827,2,0,W,Honduras,home,True,Argentina,,,,,,,,,,,,,,"1,0",,,"0,0",,,,"2,0",,,,,,"0,0",,,,,,,,"0,0",,"0,14",,,,"0,0","0,0","10,0"
16118858,home,4-2-3-1,2050771,Tomás Aranda,T. Aranda,M,"36,0",False,Argentina,"6,8","9,0",0,0,1,0,1,"10,0","11,0","90,9","1,0","1,0",,0,0,,,2026-06-07 00:00:00,Int. Friendly Games,Argentina,4819,Honduras,4827,2,0,W,Honduras,home,True,Argentina,,"100,0",,,,,,,,,"1,0","9,0","9,0","1,0",,"1,0","1,0",,,,"16,0",,,,,"6,0","60,7","2,0",,"1,0",,,,"-0,09","0,14","0,11","0,14",,"9,0","9,0","0,0","100,0","10,0"
16118858,home,4-2-3-1,973564,Nicolás Capaldo,N. Capaldo,D,"24,0",False,Argentina,"6,4","8,0",0,0,0,0,1,"6,0","6,0","100,0",,"2,0",,0,0,,,2026-06-07 00:00:00,Int. Friendly Games,Argentina,4819,Honduras,4827,2,0,W,Honduras,home,True,Argentina,"2,0","0,0",,,,,,,,,,"4,0","4,0","1,0",,"1,0","0,0",,,,"8,0","1,0",,,,"1,0","8,8","0,0","2,0",,"1,0",,,,"-0,05","0,0","0,0",,,,"0,0","67,5","11,2"
16118858,home,4-2-3-1,2173803,Joaquín Freitas,J. Freitas,F,"35,0",False,Argentina,"6,4","9,0",0,0,0,0,0,"4,0","4,0","100,0",,,,0,0,,,2026-06-07 00:00:00,Int. Friendly Games,Argentina,4819,Honduras,4827,2,0,W,Honduras,home,True,Argentina,,,,,,,,,,,"1,0","3,0","3,0",,,"1,0","0,0",,,,"5,0",,,,,"1,0","16,0","0,0",,,,,,,"-0,05","-0,48","0,0",,,,"0,0","40,0","0,0"
16118858,home,4-2-3-1,128383,Gerónimo Rulli,G. Rulli,G,"1,0",False,Argentina,,,0,0,0,0,0,,,,,,,0,0,,,2026-06-07 00:00:00,Int. Friendly Games,Argentina,4819,Honduras,4827,2,0,W,Honduras,home,True,Argentina,,,,,,,,,,,,,,,,,"0,0",,,,,,,,,,,,,,,,,,,,,,,,,,
16118858,home,4-2-3-1,2048634,Ignacio Ovando,I. Ovando,D,"46,0",False,Argentina,,,0,0,0,0,0,,,,,,,0,0,,,2026-06-07 00:00:00,Int. Friendly Games,Argentina,4819,Honduras,4827,2,0,W,Honduras,home,True,Argentina,,,,,,,,,,,,,,,,,"0,0",,,,,,,,,,,,,,,,,,,,,,,,,,
16118858,home,4-2-3-1,2199217,Simon Escobar,S. Escobar,D,"18,0",False,Argentina,,,0,0,0,0,0,,,,,,,0,0,,,2026-06-07 00:00:00,Int. Friendly Games,Argentina,4819,Honduras,4827,2,0,W,Honduras,home,True,Argentina,,,,,,,,,,,,,,,,,"0,0",,,,,,,,,,,,,,,,,,,,,,,,,,
16118858,home,4-2-3-1,901325,Nicolás González,N. González,M,"23,0",False,Argentina,,,0,0,0,0,0,,,,,,,0,0,,,2026-06-07 00:00:00,Int. Friendly Games,Argentina,4819,Honduras,4827,2,0,W,Honduras,home,True,Argentina,,,,,,,,,,,,,,,,,"0,0",,,,,,,,,,,,,,,,,,,,,,,,,,
16118858,home,4-2-3-1,12994,Lionel Messi,L. Messi,F,"10,0",False,Argentina,,,0,0,0,0,0,,,,,,,0,0,,,2026-06-07 00:00:00,Int. Friendly Games,Argentina,4819,Honduras,4827,2,0,W,Honduras,home,True,Argentina,,,,,,,,,,,,,,,,,"0,0",,,,,,,,,,,,,,,,,,,,,,,,,,
16118858,away,4-2-3-1,964813,Edrick Menjívar,E. Menjívar,G,"1,0",True,Honduras,"8,3","81,0",0,0,0,0,0,"9,0","18,0","50,0","1,0",,,0,0,,,2026-06-07 00:00:00,Int. Friendly Games,Argentina,4819,Honduras,4827,2,0,W,Honduras,home,False,Argentina,,,,,,,,,,,,,,,,,"0,0",,,,,,,,,,,,,,,,,,,,,,,,"0,0","10,0","0,0"
16118858,away,4-2-3-1,910873,Cristopher Meléndez,C. Meléndez,D,"35,0",True,Honduras,"6,0","81,0",0,0,0,0,0,"14,0","17,0","82,4","3,0",,"2,0",0,0,,,2026-06-07 00:00:00,Int. Friendly Games,Argentina,4819,Honduras,4827,2,0,W,Honduras,home,False,Argentina,,,,,,,,,,,,,,,,,"0,0",,,,,,,,,,,,,,,,,,,,,,,,"0,0","15,6","0,0"
16118858,away,4-2-3-1,1476210,Giancarlos Sacaza,G. Sacaza,D,"34,0",True,Honduras,"6,9","79,0",0,0,0,0,0,"25,0","27,0","92,6","2,0",,"1,0",0,0,,,2026-06-07 00:00:00,Int. Friendly Games,Argentina,4819,Honduras,4827,2,0,W,Honduras,home,False,Argentina,,,,,,,,,,,,,,,,,"0,0",,,,,,,,,,,,,,,,,,,,,,,,"0,0","28,5","0,0"
16118858,away,4-2-3-1,822001,Denil Maldonado,D. Maldonado,D,"3,0",True,Honduras,"6,5","62,0",0,0,0,0,0,"27,0","29,0","93,1",,,"2,0",0,0,,,2026-06-07 00:00:00,Int. Friendly Games,Argentina,4819,Honduras,4827,2,0,W,Honduras,home,False,Argentina,,,,,,,,,,,,,,,,,"0,0",,,,,,,,,,,,,,,,,,,,,,,,"0,0","39,2","0,0"
16118858,away,4-2-3-1,985148,Joseph Rosales,J. Rosales,M,"30,0",True,Honduras,"7,2","78,0",0,0,0,0,0,"29,0","32,0","90,6","12,0",,"3,0",0,0,,,2026-06-07 00:00:00,Int. Friendly Games,Argentina,4819,Honduras,4827,2,0,W,Honduras,home,False,Argentina,,,,,,,,,,,,,,,,,"0,0",,,,,,,,,,,,,,,,,,,,,,,,"0,0","33,5","0,0"
16118858,away,4-2-3-1,1083832,Kervin Arriaga,K. Arriaga,M,"16,0",True,Honduras,"6,7","62,0",0,0,0,0,0,"34,0","38,0","89,5","3,0",,"2,0",0,0,,,2026-06-07 00:00:00,Int. Friendly Games,Argentina,4819,Honduras,4827,2,0,W,Honduras,home,False,Argentina,,,,,,,,,,,,,,,,,"0,0",,,,,,,,,,,,,,,,,,,,,,,,"0,0","49,4","0,0"
16118858,away,4-2-3-1,1012531,Edwin Rodríguez,E. Rodríguez,M,"8,0",True,Honduras,"6,3","62,0",0,0,0,1,0,"24,0","26,0","92,3","2,0",,,0,0,,,2026-06-07 00:00:00,Int. Friendly Games,Argentina,4819,Honduras,4827,2,0,W,Honduras,home,False,Argentina,,,,,,,,,,,,,,,,,"1,0",,,,,,,,,,,,,,,,,,,,,,"62,0",,"0,0","34,8","0,0"
16118858,away,4-2-3-1,1908241,Dereck Moncada,D. Moncada,M,"18,0",True,Honduras,"6,7","62,0",0,0,0,0,1,"6,0","7,0","85,7","5,0",,,0,0,,,2026-06-07 00:00:00,Int. Friendly Games,Argentina,4819,Honduras,4827,2,0,W,Honduras,home,False,Argentina,,,,,,,,,,,,,,,,,"0,0",,,,,,,,,,,,,,,,,,,,,,,,"0,0","8,7","0,0"
16118858,away,4-2-3-1,905421,Luis Palma,L. Palma,M,"77,0",True,Honduras,"6,4","81,0",0,0,0,1,0,"12,0","18,0","66,7","2,0",,,0,0,,,2026-06-07 00:00:00,Int. Friendly Games,Argentina,4819,Honduras,4827,2,0,W,Honduras,home,False,Argentina,,,,,,,,,,,,,,,,,"1,0",,,,,,,,,,,,,,,,,,,,,,"81,0",,"0,0","13,3","0,0"
16118858,away,4-2-3-1,837742,Rigoberto Rivas,R. Rivas,M,"99,0",True,Honduras,"6,7","78,0",0,0,0,0,0,"13,0","16,0","81,2","7,0",,"1,0",0,0,,,2026-06-07 00:00:00,Int. Friendly Games,Argentina,4819,Honduras,4827,2,0,W,Honduras,home,False,Argentina,,,,,,,,,,,,,,,,,"0,0",,,,,,,,,,,,,,,,,,,,,,,,"0,0","15,0","0,0"
16118858,away,4-2-3-1,1014264,Jorge Benguché,J. Benguché,F,"9,0",True,Honduras,"6,4","45,0",0,0,0,0,1,"1,0","3,0","33,3","1,0",,,0,0,,,2026-06-07 00:00:00,Int. Friendly Games,Argentina,4819,Honduras,4827,2,0,W,Honduras,home,False,Argentina,,,,,,,,,,,,,,,,,"0,0",,,,,,,,,,,,,,,,,,,,,,,,"0,0","2,0","0,0"
16118858,away,4-2-3-1,1403110,Keyrol Figueroa,K. Figueroa,F,"9,0",False,Honduras,"6,8","45,0",0,0,0,0,0,"5,0","6,0","83,3","5,0",,,0,0,,,2026-06-07 00:00:00,Int. Friendly Games,Argentina,4819,Honduras,4827,2,0,W,Honduras,home,False,Argentina,,,,,,,,,,,,,,,,,"0,0",,,,,,,,,,,,,,,,,,,,,,,,"0,0","10,0","0,0"
16118858,away,4-2-3-1,1102720,Luis Vega,L. Vega,D,"4,0",False,Honduras,"6,7","28,0",0,0,0,0,0,"5,0","7,0","71,4","2,0",,,0,0,,,2026-06-07 00:00:00,Int. Friendly Games,Argentina,4819,Honduras,4827,2,0,W,Honduras,home,False,Argentina,,,,,,,,,,,,,,,,,"0,0",,,,,,,,,,,,,,,,,,,,,,,,"0,0","16,1","0,0"
16118858,away,4-2-3-1,881098,José Reyes,J. Reyes,M,"23,0",False,Honduras,"6,6","28,0",0,0,0,0,1,"9,0","12,0","75,0",,,,0,0,,,2026-06-07 00:00:00,Int. Friendly Games,Argentina,4819,Honduras,4827,2,0,W,Honduras,home,False,Argentina,,,,,,,,,,,,,,,,,"0,0",,,,,,,,,,,,,,,,,,,,,,,,"0,0","28,9","0,0"
16118858,away,4-2-3-1,1383990,Exon Arzú,E. Arzú,M,"16,0",False,Honduras,"6,4","28,0",0,0,0,0,0,"2,0","4,0","50,0","1,0",,,0,0,,,2026-06-07 00:00:00,Int. Friendly Games,Argentina,4819,Honduras,4827,2,0,W,Honduras,home,False,Argentina,,,,,,,,,,,,,,,,,"0,0",,,,,,,,,,,,,,,,,,,,,,,,"0,0","6,4","0,0"
16118858,away,4-2-3-1,1131700,David Ruíz,D. Ruíz,M,"41,0",False,Honduras,"6,5","28,0",0,0,0,0,1,"10,0","14,0","71,4",,,,0,0,,,2026-06-07 00:00:00,Int. Friendly Games,Argentina,4819,Honduras,4827,2,0,W,Honduras,home,False,Argentina,,,,,,,,,,,,,,,,,"0,0",,,,,,,,,,,,,,,,,,,,,,,,"0,0","32,1","0,0"
16118858,away,4-2-3-1,1102718,José Aguilera,J. Aguilera,D,"19,0",False,Honduras,"6,6","12,0",0,0,0,0,0,"3,0","3,0","100,0","1,0",,,0,0,,,2026-06-07 00:00:00,Int. Friendly Games,Argentina,4819,Honduras,4827,2,0,W,Honduras,home,False,Argentina,,,,,,,,,,,,,,,,,"0,0",,,,,,,,,,,,,,,,,,,,,,,,"0,0","22,5","0,0"
16118858,away,4-2-3-1,1102716,Jeffry Miranda,J. Miranda,M,,False,Honduras,"6,5","12,0",0,0,0,0,0,"2,0","2,0","100,0",,,"2,0",0,0,,,2026-06-07 00:00:00,Int. Friendly Games,Argentina,4819,Honduras,4827,2,0,W,Honduras,home,False,Argentina,,,,,,,,,,,,,,,,,"0,0",,,,,,,,,,,,,,,,,,,,,,,,"0,0","15,0","0,0"
16118858,away,4-2-3-1,2063292,Clinton Bennett,C. Bennett,D,"40,0",False,Honduras,"6,7","11,0",0,0,0,0,0,"5,0","5,0","100,0","1,0",,,0,0,,,2026-06-07 00:00:00,Int. Friendly Games,Argentina,4819,Honduras,4827,2,0,W,Honduras,home,False,Argentina,,,,,,,,,,,,,,,,,"0,0",,,,,,,,,,,,,,,,,,,,,,,,"0,0","40,9","0,0"
16118858,away,4-2-3-1,1898479,Luis Ortiz,L. Ortiz,G,"22,0",False,Honduras,"6,7","9,0",0,0,0,0,0,"4,0","6,0","66,7",,,,0,0,,,2026-06-07 00:00:00,Int. Friendly Games,Argentina,4819,Honduras,4827,2,0,W,Honduras,home,False,Argentina,,,,,,,,,,,,,,,,,"0,0",,,,,,,,,,,,,,,,,,,,,,,,"0,0","40,0","0,0"
16118858,away,4-2-3-1,1384019,Kevin Güity,K. Güity,D,"15,0",False,Honduras,"6,8","9,0",0,0,0,0,0,"4,0","7,0","57,1","2,0",,"1,0",0,0,,,2026-06-07 00:00:00,Int. Friendly Games,Argentina,4819,Honduras,4827,2,0,W,Honduras,home,False,Argentina,,,,,,,,,,,,,,,,,"0,0",,,,,,,,,,,,,,,,,,,,,,,,"0,0","40,0","0,0"
16118858,away,4-2-3-1,2616808,Cristián Canales,C. Canales,D,,False,Honduras,"6,7","9,0",0,0,0,0,0,"4,0","4,0","100,0",,,,0,0,,,2026-06-07 00:00:00,Int. Friendly Games,Argentina,4819,Honduras,4827,2,0,W,Honduras,home,False,Argentina,,,,,,,,,,,,,,,,,"0,0",,,,,,,,,,,,,,,,,,,,,,,,"0,0","40,0","0,0"
16118858,away,4-2-3-1,1012527,Alex Güity,A. Güity,G,"28,0",False,Honduras,,,0,0,0,0,0,,,,,,,0,0,,,2026-06-07 00:00:00,Int. Friendly Games,Argentina,4819,Honduras,4827,2,0,W,Honduras,home,False,Argentina,,,,,,,,,,,,,,,,,"0,0",,,,,,,,,,,,,,,,,,,,,,,,,,
16118858,away,4-2-3-1,821990,Jorge Álvarez,J. Álvarez,M,"23,0",False,Honduras,,,0,0,0,0,0,,,,,,,0,0,,,2026-06-07 00:00:00,Int. Friendly Games,Argentina,4819,Honduras,4827,2,0,W,Honduras,home,False,Argentina,,,,,,,,,,,,,,,,,"0,0",,,,,,,,,,,,,,,,,,,,,,,,,,
15884050,home,4-3-3,158263,Emiliano Martínez,E. Martínez,G,"23,0",True,Argentina,"6,7","74,0",0,0,0,0,0,"13,0","14,0","92,9",,,,0,0,,,2026-03-31 23:30:00,Int. Friendly Games,Argentina,4819,Zambia,4720,5,0,W,Zambia,home,True,Argentina,,,,,,,,,"2,0","1,0",,,,"3,0",,"1,0","0,0",,,,"17,0",,,,,"6,0","39,9","0,0",,,,"1,0","0,0263",,"-0,01","0,01","-0,01","0,03",,,"0,0","15,8","3,6"
15884050,home,4-3-3,831799,Nahuel Molina,N. Molina,D,"16,0",True,Argentina,"6,9","90,0",0,0,0,0,0,"59,0","65,0","90,8","1,0","5,0","2,0",0,0,,,2026-03-31 23:30:00,Int. Friendly Games,Argentina,4819,Zambia,4720,5,0,W,Zambia,home,True,Argentina,"4,0","20,0",,,,,"1,0","1,0","2,0","2,0","3,0","35,0","33,0","6,0","2,0","9,0","0,0",,,,"84,0","1,0",,,,"18,0","105,1","0,0","2,0",,"1,0",,,,"0,15","0,08","-0,04",,,,"0,0","59,0","6,0"
15884050,home,4-3-3,829932,Cristian Romero,C. Romero,D,"17,0",True,Argentina,"8,1","90,0",0,0,0,0,0,"96,0","97,0","99,0","7,0","8,0","1,0",0,0,,,2026-03-31 23:30:00,Int. Friendly Games,Argentina,4819,Zambia,4720,5,0,W,Zambia,home,True,Argentina,"1,0","87,5","1,0","1,0","2,0","50,0","6,0","5,0","3,0","2,0",,"38,0","38,0","7,0","2,0","1,0","0,0",,,,"107,0",,,,,"25,0","174,4","2,0",,,,,,,"0,33","0,17","0,4",,,,"0,0","96,0","7,0"
15884050,home,4-3-3,74915,Nicolás Otamendi,N. Otamendi,D,"30,0",True,Argentina,"8,0","69,0",1,0,1,0,0,"78,0","82,0","95,1","1,0","1,0",,0,0,,,2026-03-31 23:30:00,Int. Friendly Games,Argentina,4819,Zambia,4720,5,0,W,Zambia,home,True,Argentina,,"100,0",,,,,"1,0","1,0","5,0","5,0",,"34,0","33,0","2,0","3,0","4,0","1,0",,,,"88,0",,,,,"38,0","279,8","0,0",,,,,,"0,32","0,22","0,22","0,32",,"69,0","69,0","1,3","101,7","2,6"
15884050,home,4-3-3,158243,Nicolás Tagliafico,N. Tagliafico,D,"3,0",True,Argentina,"6,7","54,0",0,0,0,0,0,"36,0","36,0","100,0","1,0","1,0",,0,0,,,2026-03-31 23:30:00,Int. Friendly Games,Argentina,4819,Zambia,4720,5,0,W,Zambia,home,True,Argentina,,"100,0",,,,,"1,0",,,,"1,0","23,0","23,0","1,0",,"1,0","0,0",,,,"39,0",,,,,"9,0","45,9","0,0",,,,,,,"-0,09","-0,52","0,0",,,,"0,0","60,0","1,7"
15884050,home,4-3-3,895324,Alexis Mac Allister,A. Mac Allister,M,"10,0",True,Argentina,"6,9","53,0",0,1,0,0,1,"50,0","57,0","87,7","1,0","3,0",,0,0,,,2026-03-31 23:30:00,Int. Friendly Games,Argentina,4819,Zambia,4720,5,0,W,Zambia,home,True,Argentina,"2,0","33,3",,"1,0","1,0","0,0","1,0",,"1,0",,,"37,0","30,0",,"1,0","9,0","0,0",,"1,0",,"65,0","2,0",,,,"12,0","110,9","2,0",,,,,,,"0,25","0,17","0,15",,,,"1,7","84,9","0,0"
15884050,home,4-3-3,255389,Leandro Paredes,L. Paredes,M,"5,0",True,Argentina,"7,8","54,0",0,0,0,0,1,"100,0","101,0","99,0",,,,0,0,,,2026-03-31 23:30:00,Int. Friendly Games,Argentina,4819,Zambia,4720,5,0,W,Zambia,home,True,Argentina,,,,,,,,,"6,0","6,0",,"70,0","69,0","3,0","1,0","3,0","0,0",,,,"104,0",,,,,"28,0","154,0","0,0",,,,,,,"0,57","0,19","0,17",,,,"0,0","166,7","5,0"
15884050,home,4-3-3,974505,Enzo Fernández,E. Fernández,M,"8,0",True,Argentina,"7,4","74,0",0,0,1,0,0,"90,0","93,0","96,8","3,0","6,0","1,0",0,0,,,2026-03-31 23:30:00,Int. Friendly Games,Argentina,4819,Zambia,4720,5,0,W,Zambia,home,True,Argentina,"3,0","50,0",,,,,"1,0","1,0","6,0","6,0",,"49,0","47,0","4,0",,"5,0","1,0",,,,"101,0",,,"1,0",,"28,0","222,1","3,0","1,0","2,0",,,,"-0,09","0,29","0,26","-0,02",,"74,0","74,0","0,0","109,5","4,9"
15884050,home,4-3-3,12994,Lionel Messi,L. Messi,F,"10,0",True,Argentina,"8,9","90,0",1,0,1,1,3,"63,0","75,0","84,0","6,0","15,0",,0,0,,,2026-03-31 23:30:00,Int. Friendly Games,Argentina,4819,Zambia,4720,5,0,W,Zambia,home,True,Argentina,"9,0","40,0",,"1,0","1,0","0,0",,,"8,0","5,0","1,0","59,0","47,0","1,0",,"23,0","3,0",,,,"98,0","3,0","1,0","10,0","5,0","24,0","165,4","3,0",,"1,0","2,0",,,"0,44","1,0","0,26","-0,1",,"30,0","90,0","1,0","63,0","1,0"
15884050,home,4-3-3,944656,Julián Alvarez,J. Álvarez,F,"19,0",True,Argentina,"7,3","70,0",1,0,1,0,1,"29,0","33,0","87,9","1,0","2,0",,0,0,,,2026-03-31 23:30:00,Int. Friendly Games,Argentina,4819,Zambia,4720,5,0,W,Zambia,home,True,Argentina,"1,0","50,0",,,,,,,,,"1,0","26,0","22,0","3,0",,"6,0","1,0",,,,"38,0",,,"2,0","1,0","12,0","85,2","1,0",,,,,,"0,49","-0,27","0,02","0,14",,"70,0","70,0","1,29","37,3","3,9"
15884050,home,4-3-3,944660,Thiago Almada,T. Almada,M,"11,0",True,Argentina,"7,7","74,0",0,1,0,0,1,"62,0","68,0","91,2","3,0","4,0",,0,0,,,2026-03-31 23:30:00,Int. Friendly Games,Argentina,4819,Zambia,4720,5,0,W,Zambia,home,True,Argentina,"1,0","75,0",,,,,"1,0","1,0","2,0","1,0","1,0","52,0","47,0","3,0",,"8,0","0,0",,,,"75,0",,,"1,0","1,0","29,0","188,9","3,0",,"1,0",,,,,"0,39","0,28","-0,06",,,,"1,22","75,4","3,6"
15884050,home,4-3-3,249399,Rodrigo De Paul,R. De Paul,M,"7,0",False,Argentina,"6,9","37,0",0,0,0,0,0,"48,0","51,0","94,1","1,0","2,0",,0,0,,,2026-03-31 23:30:00,Int. Friendly Games,Argentina,4819,Zambia,4720,5,0,W,Zambia,home,True,Argentina,"1,0","50,0",,,,,"1,0",,"3,0","2,0",,"27,0","25,0","1,0","1,0","3,0","1,0",,,,"54,0",,,,,"14,0","78,4","0,0",,,,,,"-0,23","0,29","-0,49","-0,03",,"37,0",,"0,0","116,8","2,4"
15884050,home,4-3-3,901325,Nicolás González,N. González,M,"23,0",False,Argentina,"7,0","36,0",0,1,0,0,1,"18,0","21,0","85,7","1,0","1,0","1,0",0,0,,,2026-03-31 23:30:00,Int. Friendly Games,Argentina,4819,Zambia,4720,5,0,W,Zambia,home,True,Argentina,,"100,0","1,0",,"1,0","100,0",,,"1,0",,,"12,0","10,0","1,0","1,0","3,0","0,0",,"1,0",,"27,0",,,,,"4,0","42,7","0,0",,,,,,,"0,4","-0,57","0,16",,,,"2,5","45,0","2,5"
15884050,home,4-3-3,1127057,Valentín Barco,V. Barco,M,"32,0",False,Argentina,"7,8","36,0",1,0,1,0,1,"22,0","24,0","91,7","5,0","7,0",,0,0,,,2026-03-31 23:30:00,Int. Friendly Games,Argentina,4819,Zambia,4720,5,0,W,Zambia,home,True,Argentina,"2,0","71,4",,,,,"2,0",,"1,0","1,0","1,0","12,0","11,0",,,"3,0","1,0",,,,"31,0",,,,,"13,0","114,7","0,0","1,0","3,0",,,,"0,44","0,11","0,05","-0,06",,"36,0","36,0","2,5","55,0","0,0"
15884050,home,4-3-3,795297,Lucas Martínez Quarta,L. Martinez Quarta,D,"28,0",False,Argentina,"6,7","21,0",0,0,0,0,0,"21,0","22,0","95,5",,"2,0",,0,0,,,2026-03-31 23:30:00,Int. Friendly Games,Argentina,4819,Zambia,4720,5,0,W,Zambia,home,True,Argentina,"2,0","0,0",,"1,0","1,0","0,0",,,"2,0","1,0",,"5,0","4,0",,"1,0","2,0","0,0",,,,"25,0","1,0",,,,"9,0","58,8","0,0","1,0",,,,,,"0,06","0,0","0,17",,,,"0,0","90,0","0,0"
15884050,home,4-3-3,1099352,Giuliano Simeone,G. Simeone,M,"20,0",False,Argentina,"6,5","20,0",0,0,0,0,0,"2,0","2,0","100,0","2,0","4,0",,0,0,,,2026-03-31 23:30:00,Int. Friendly Games,Argentina,4819,Zambia,4720,5,0,W,Zambia,home,True,Argentina,"2,0","50,0",,,,,"1,0","1,0",,,,"2,0","2,0","1,0",,"1,0","0,0",,,,"6,0",,,"1,0",,"2,0","28,2","0,0","1,0","1,0",,,,,"-0,04","-0,46","0,14",,,,"0,0","9,0","4,5"
15884050,home,4-3-3,263651,Juan Musso,J. Musso,G,"1,0",False,Argentina,"6,5","16,0",0,0,0,0,0,"9,0","9,0","100,0",,,,0,0,,,2026-03-31 23:30:00,Int. Friendly Games,Argentina,4819,Zambia,4720,5,0,W,Zambia,home,True,Argentina,,,,,,,,,,,,,,,,,"0,0",,,,"9,0",,,,,"1,0","7,5","0,0",,,,,,,"0,02","-0,01","0,0",,,,"0,0","50,6","0,0"
15884050,home,4-3-3,1171451,Nico Paz,N. Paz,M,"10,0",False,Argentina,"7,0","16,0",0,0,0,1,0,"11,0","12,0","91,7","1,0","1,0",,0,0,,,2026-03-31 23:30:00,Int. Friendly Games,Argentina,4819,Zambia,4720,5,0,W,Zambia,home,True,Argentina,,"100,0",,,,,,,"1,0","1,0",,"9,0","9,0","1,0",,"2,0","1,0",,,,"16,0","1,0",,"1,0","1,0","4,0","29,8","1,0",,,,,,"-0,08","0,25","0,18","-0,01",,"16,0",,"0,0","61,9","5,6"
15884050,home,4-3-3,1086286,Máximo Perrone,M. Perrone,M,"23,0",False,Argentina,"6,6","16,0",0,0,0,0,1,"19,0","20,0","95,0",,"1,0",,0,0,,,2026-03-31 23:30:00,Int. Friendly Games,Argentina,4819,Zambia,4720,5,0,W,Zambia,home,True,Argentina,"1,0","0,0",,,,,,,"2,0","1,0",,"10,0","10,0","1,0",,"3,0","0,0",,,,"22,0",,"1,0",,,"6,0","46,9","0,0",,,,,,,"0,12","-0,37","0,0",,,,"0,0","106,9","5,6"
15884050,home,4-3-3,128383,Gerónimo Rulli,G. Rulli,G,"1,0",False,Argentina,,,0,0,0,0,0,,,,,,,0,0,,,2026-03-31 23:30:00,Int. Friendly Games,Argentina,4819,Zambia,4720,5,0,W,Zambia,home,True,Argentina,,,,,,,,,,,,,,,,,"0,0",,,,,,,,,,,,,,,,,,,,,,,,,,
15884050,home,4-3-3,578560,Marcos Acuña,M. Acuña,D,"21,0",False,Argentina,,,0,0,0,0,0,,,,,,,0,0,,,2026-03-31 23:30:00,Int. Friendly Games,Argentina,4819,Zambia,4720,5,0,W,Zambia,home,True,Argentina,,,,,,,,,,,,,,,,,"0,0",,,,,,,,,,,,,,,,,,,,,,,,,,
15884050,home,4-3-3,1106603,Agustín Giay,A. Giay,D,"4,0",False,Argentina,,,0,0,0,0,0,,,,,,,0,0,,,2026-03-31 23:30:00,Int. Friendly Games,Argentina,4819,Zambia,4720,5,0,W,Zambia,home,True,Argentina,,,,,,,,,,,,,,,,,"0,0",,,,,,,,,,,,,,,,,,,,,,,,,,
15884050,home,4-3-3,822600,Exequiel Palacios,E. Palacios,M,"25,0",False,Argentina,,,0,0,0,0,0,,,,,,,0,0,,,2026-03-31 23:30:00,Int. Friendly Games,Argentina,4819,Zambia,4720,5,0,W,Zambia,home,True,Argentina,,,,,,,,,,,,,,,,,"0,0",,,,,,,,,,,,,,,,,,,,,,,,,,
15884050,home,4-3-3,1201395,Gianluca Prestianni,G. Prestianni,M,"25,0",False,Argentina,,,0,0,0,0,0,,,,,,,0,0,,,2026-03-31 23:30:00,Int. Friendly Games,Argentina,4819,Zambia,4720,5,0,W,Zambia,home,True,Argentina,,,,,,,,,,,,,,,,,"0,0",,,,,,,,,,,,,,,,,,,,,,,,,,
15884050,home,4-3-3,1403559,Franco Mastantuono,F. Mastantuono,F,"30,0",False,Argentina,,,0,0,0,0,0,,,,,,,0,0,,,2026-03-31 23:30:00,Int. Friendly Games,Argentina,4819,Zambia,4720,5,0,W,Zambia,home,True,Argentina,,,,,,,,,,,,,,,,,"0,0",,,,,,,,,,,,,,,,,,,,,,,,,,
15884050,home,4-3-3,1094179,José Manuel López,J. López,F,"42,0",False,Argentina,,,0,0,0,0,0,,,,,,,0,0,,,2026-03-31 23:30:00,Int. Friendly Games,Argentina,4819,Zambia,4720,5,0,W,Zambia,home,True,Argentina,,,,,,,,,,,,,,,,,"0,0",,,,,,,,,,,,,,,,,,,,,,,,,,
15884050,away,4-2-3-1,1881637,Willard Mwanza,W. Mwanza,G,"30,0",True,Zambia,"5,2","90,0",0,0,0,0,0,"21,0","24,0","87,5",,,,0,0,,,2026-03-31 23:30:00,Int. Friendly Games,Argentina,4819,Zambia,4720,5,0,W,Zambia,home,False,Argentina,,,,,,,,,,,,,,,,,"0,0",,,,,,,,,,,,,,,,,,,,,,,,"0,0","21,0","0,0"
15884050,away,4-2-3-1,2025052,Frederick Mwimanzi,F. Mwimanzi,D,,True,Zambia,"5,6","88,0",0,0,0,0,0,"17,0","22,0","77,3","1,0",,"1,0",0,0,,,2026-03-31 23:30:00,Int. Friendly Games,Argentina,4819,Zambia,4720,5,0,W,Zambia,home,False,Argentina,,,,,,,,,,,,,,,,,"0,0",,,,,,,,,,,,,,,,,,,,,,,,"0,0","17,4","0,0"
15884050,away,4-2-3-1,2171218,Tinklar Sinkala,T. Sinkala,F,,True,Zambia,"5,7","90,0",0,0,0,0,0,"29,0","32,0","90,6",,,,0,0,,,2026-03-31 23:30:00,Int. Friendly Games,Argentina,4819,Zambia,4720,5,0,W,Zambia,home,False,Argentina,,,,,,,,,,,,,,,,,"0,0",,,,,,,,,,,,,,,,,,,,,,,,"0,0","29,0","0,0"
15884050,away,4-2-3-1,1083196,Dominic Chanda,D. Chanda,D,"26,0",True,Zambia,"5,4","90,0",0,0,0,0,1,"28,0","32,0","87,5","3,0",,"4,0",0,0,,,2026-03-31 23:30:00,Int. Friendly Games,Argentina,4819,Zambia,4720,5,0,W,Zambia,home,False,Argentina,,,,,,,,,,,,,,,,,"0,0",,,,,,,,,,,,,,,,,,,,,,,,"0,0","28,0","0,0"
15884050,away,4-2-3-1,1183667,Obino Chisala,O. Chisala,M,"15,0",True,Zambia,"5,9","90,0",0,0,0,0,0,"30,0","41,0","73,2","5,0",,"2,0",0,0,,,2026-03-31 23:30:00,Int. Friendly Games,Argentina,4819,Zambia,4720,5,0,W,Zambia,home,False,Argentina,,,,,,,,,,,,,,,,,"0,0",,,,,,,,,,,,,,,,,,,,,,,,"0,0","30,0","0,0"
15884050,away,4-2-3-1,2079101,Wilson Chisala,W. Chisala,M,"12,0",True,Zambia,"6,4","88,0",0,0,0,0,0,"23,0","25,0","92,0","2,0",,"3,0",0,0,,,2026-03-31 23:30:00,Int. Friendly Games,Argentina,4819,Zambia,4720,5,0,W,Zambia,home,False,Argentina,,,,,,,,,,,,,,,,,"0,0",,,,,,,,,,,,,,,,,,,,,,,,"0,0","23,5","0,0"
15884050,away,4-2-3-1,1881596,David Simukonda,D. Simukonda,M,"36,0",True,Zambia,"6,1","90,0",0,0,0,0,0,"15,0","18,0","83,3","4,0",,"1,0",0,0,,,2026-03-31 23:30:00,Int. Friendly Games,Argentina,4819,Zambia,4720,5,0,W,Zambia,home,False,Argentina,,,,,,,,,,,,,,,,,"0,0",,,,,,,,,,,,,,,,,,,,,,,,"0,0","15,0","0,0"
15884050,away,4-2-3-1,1101288,Albert Kangwanda,A. Kangwanda,M,"11,0",True,Zambia,"5,5","77,0",0,0,0,1,0,"12,0","13,0","92,3","3,0",,"2,0",0,0,,,2026-03-31 23:30:00,Int. Friendly Games,Argentina,4819,Zambia,4720,5,0,W,Zambia,home,False,Argentina,,,,,,,,,,,,,,,,,"1,0",,,,,,,,,,,,,,,,,,,,,,"77,0",,"0,0","14,0","0,0"
15884050,away,4-2-3-1,2361688,Given Kalusa,G. Kalusa,M,,True,Zambia,"6,4","60,0",0,0,0,0,1,"6,0","8,0","75,0",,,"2,0",0,0,,,2026-03-31 23:30:00,Int. Friendly Games,Argentina,4819,Zambia,4720,5,0,W,Zambia,home,False,Argentina,,,,,,,,,,,,,,,,,"0,0",,,,,,,,,,,,,,,,,,,,,,,,"0,0","9,0","0,0"
15884050,away,4-2-3-1,876626,Fashion Sakala,F. Sakala,M,"10,0",True,Zambia,"6,3","61,0",0,0,0,0,0,"9,0","13,0","69,2","3,0",,,0,0,,,2026-03-31 23:30:00,Int. Friendly Games,Argentina,4819,Zambia,4720,5,0,W,Zambia,home,False,Argentina,,,,,,,,,,,,,,,,,"0,0",,,,,,,,,,,,,,,,,,,,,,,,"0,0","13,3","0,0"
15884050,away,4-2-3-1,1471569,Kingstone Mutandwa,K. Mutandwa,F,"7,0",True,Zambia,"6,5","60,0",0,0,1,0,0,"6,0","8,0","75,0","2,0",,"1,0",0,0,,,2026-03-31 23:30:00,Int. Friendly Games,Argentina,4819,Zambia,4720,5,0,W,Zambia,home,False,Argentina,,,,,,,,,,,,,,,,,"1,0",,,,,,,,,,,,,,,,,,,,,,"60,0","60,0","0,0","9,0","0,0"
15884050,away,4-2-3-1,1881647,Owen Tembo,O. Tembo,M,"19,0",False,Zambia,"6,2","30,0",0,0,0,0,0,"13,0","13,0","100,0",,,,0,0,,,2026-03-31 23:30:00,Int. Friendly Games,Argentina,4819,Zambia,4720,5,0,W,Zambia,home,False,Argentina,,,,,,,,,,,,,,,,,"0,0",,,,,,,,,,,,,,,,,,,,,,,,"0,0","39,0","0,0"
15884050,away,4-2-3-1,865057,Patson Daka,P. Daka,F,"20,0",False,Zambia,"6,7","30,0",0,0,0,0,0,"6,0","6,0","100,0","3,0",,"1,0",0,0,,,2026-03-31 23:30:00,Int. Friendly Games,Argentina,4819,Zambia,4720,5,0,W,Zambia,home,False,Argentina,,,,,,,,,,,,,,,,,"0,0",,,,,,,,,,,,,,,,,,,,,,,,"0,0","18,0","0,0"
15884050,away,4-2-3-1,1014513,Chanka Zimba,C. Zimba,F,"23,0",False,Zambia,"6,6","29,0",0,0,0,0,0,"1,0","2,0","50,0","2,0",,,0,0,,,2026-03-31 23:30:00,Int. Friendly Games,Argentina,4819,Zambia,4720,5,0,W,Zambia,home,False,Argentina,,,,,,,,,,,,,,,,,"0,0",,,,,,,,,,,,,,,,,,,,,,,,"0,0","3,1","0,0"
15884050,away,4-2-3-1,2129151,Pascal Phiri,P. Phiri,F,"35,0",False,Zambia,"6,5","13,0",0,0,0,0,0,"1,0","2,0","50,0","1,0",,,0,0,,,2026-03-31 23:30:00,Int. Friendly Games,Argentina,4819,Zambia,4720,5,0,W,Zambia,home,False,Argentina,,,,,,,,,,,,,,,,,"0,0",,,,,,,,,,,,,,,,,,,,,,,,"0,0","6,9","0,0"
15884050,away,4-2-3-1,1083169,Kondwani Chiboni,K. Chiboni,D,"4,0",False,Zambia,,"2,0",0,0,0,0,0,,,,,,,0,0,,,2026-03-31 23:30:00,Int. Friendly Games,Argentina,4819,Zambia,4720,5,0,W,Zambia,home,False,Argentina,,,,,,,,,,,,,,,,,"0,0",,,,,,,,,,,,,,,,,,,,,,,,"0,0","0,0","0,0"
15884050,away,4-2-3-1,1500631,Frederick Mulambia,F. Mulambia,F,"8,0",False,Zambia,,"2,0",0,0,0,0,0,,,,,,,0,0,,,2026-03-31 23:30:00,Int. Friendly Games,Argentina,4819,Zambia,4720,5,0,W,Zambia,home,False,Argentina,,,,,,,,,,,,,,,,,"0,0",,,,,,,,,,,,,,,,,,,,,,,,"0,0","0,0","0,0"
15884050,away,4-2-3-1,875095,Mangani Banda,M. Banda,G,"18,0",False,Zambia,,,0,0,0,0,0,,,,,,,0,0,,,2026-03-31 23:30:00,Int. Friendly Games,Argentina,4819,Zambia,4720,5,0,W,Zambia,home,False,Argentina,,,,,,,,,,,,,,,,,"0,0",,,,,,,,,,,,,,,,,,,,,,,,,,
15884050,away,4-2-3-1,1501670,Victor Chabu,V. Chabu,G,,False,Zambia,,,0,0,0,0,0,,,,,,,0,0,,,2026-03-31 23:30:00,Int. Friendly Games,Argentina,4819,Zambia,4720,5,0,W,Zambia,home,False,Argentina,,,,,,,,,,,,,,,,,"0,0",,,,,,,,,,,,,,,,,,,,,,,,,,
15884050,away,4-2-3-1,1881646,Owen Mwamba,O. Mwamba,D,,False,Zambia,,,0,0,0,0,0,,,,,,,0,0,,,2026-03-31 23:30:00,Int. Friendly Games,Argentina,4819,Zambia,4720,5,0,W,Zambia,home,False,Argentina,,,,,,,,,,,,,,,,,"0,0",,,,,,,,,,,,,,,,,,,,,,,,,,
15884050,away,4-2-3-1,1881591,Brian Chilimina,B. Chilimina,D,,False,Zambia,,,0,0,0,0,0,,,,,,,0,0,,,2026-03-31 23:30:00,Int. Friendly Games,Argentina,4819,Zambia,4720,5,0,W,Zambia,home,False,Argentina,,,,,,,,,,,,,,,,,"0,0",,,,,,,,,,,,,,,,,,,,,,,,,,
15884050,away,4-2-3-1,1124134,Prince Mumba,P. Mumba,M,"3,0",False,Zambia,,,0,0,0,0,0,,,,,,,0,0,,,2026-03-31 23:30:00,Int. Friendly Games,Argentina,4819,Zambia,4720,5,0,W,Zambia,home,False,Argentina,,,,,,,,,,,,,,,,,"0,0",,,,,,,,,,,,,,,,,,,,,,,,,,
15884050,away,4-2-3-1,2025060,Kelvin Mwanza,K. Mwanza,,,False,Zambia,,,0,0,0,0,0,,,,,,,0,0,,,2026-03-31 23:30:00,Int. Friendly Games,Argentina,4819,Zambia,4720,5,0,W,Zambia,home,False,Argentina,,,,,,,,,,,,,,,,,"0,0",,,,,,,,,,,,,,,,,,,,,,,,,,
15847002,home,4-3-3,158263,Emiliano Martínez,E. Martínez,G,"23,0",True,Argentina,"7,7","90,0",0,0,0,0,0,"18,0","19,0","94,7","1,0","1,0",,0,0,,,2026-03-27 23:15:00,Int. Friendly Games,Argentina,4819,Mauritania,4779,2,1,W,Mauritania,home,True,Argentina,,"100,0",,,,,"1,0","1,0","4,0","3,0",,"2,0","1,0","7,0",,"1,0","0,0",,,,"24,0",,,,,"2,0","9,2","0,0",,,,"3,0","0,755",,"0,08","0,0","-0,05","0,49",,,"0,0","18,0","7,0"
15847002,home,4-3-3,831799,Nahuel Molina,N. Molina,D,"16,0",True,Argentina,"7,0","69,0",0,1,0,0,2,"44,0","46,0","95,7",,"2,0",,0,0,,,2026-03-27 23:15:00,Int. Friendly Games,Argentina,4819,Mauritania,4779,2,1,W,Mauritania,home,True,Argentina,"2,0","0,0",,,,,,,,,"2,0","24,0","23,0","3,0",,"3,0","0,0",,"1,0",,"54,0",,,,,"13,0","58,7","0,0","1,0",,,,,,"0,35","0,05","-0,04",,,,"1,3","57,4","3,9"
15847002,home,4-3-3,829932,Cristian Romero,C. Romero,D,"17,0",True,Argentina,"7,2","90,0",0,0,0,0,0,"84,0","90,0","93,3","7,0","12,0","3,0",0,0,,,2026-03-27 23:15:00,Int. Friendly Games,Argentina,4819,Mauritania,4779,2,1,W,Mauritania,home,True,Argentina,"5,0","58,3","1,0","1,0","2,0","50,0","5,0","2,0","1,0",,,"43,0","39,0","6,0","1,0","7,0","0,0",,,,"104,0","1,0",,"1,0","1,0","37,0","275,0","1,0","3,0",,,,,,"0,41","0,25","-0,15",,,,"0,0","84,0","6,0"
15847002,home,4-3-3,830659,Marcos Senesi,M. Senesi,D,"5,0",True,Argentina,"6,9","90,0",0,0,0,0,0,"83,0","86,0","96,5","3,0","5,0",,0,0,,,2026-03-27 23:15:00,Int. Friendly Games,Argentina,4819,Mauritania,4779,2,1,W,Mauritania,home,True,Argentina,"2,0","60,0","1,0","1,0","2,0","50,0",,,"2,0","1,0",,"39,0","38,0","5,0","2,0","4,0","0,0",,,,"92,0","1,0",,,,"26,0","130,2","0,0","2,0","2,0",,,,,"0,42","0,12","-0,24",,,,"0,0","83,0","5,0"
15847002,home,4-3-3,578560,Marcos Acuña,M. Acuña,D,"21,0",True,Argentina,"7,1","69,0",0,0,0,0,0,"44,0","44,0","100,0","2,0","4,0",,0,0,,,2026-03-27 23:15:00,Int. Friendly Games,Argentina,4819,Mauritania,4779,2,1,W,Mauritania,home,True,Argentina,"2,0","50,0",,,,,"2,0","2,0","4,0","4,0",,"32,0","32,0","3,0",,"1,0","0,0",,,,"52,0",,,"1,0",,"10,0","49,3","0,0","1,0",,,,,,"0,14","-0,34","0,18",,,,"0,0","57,4","3,9"
15847002,home,4-3-3,974505,Enzo Fernández,E. Fernández,M,"8,0",True,Argentina,"7,8","56,0",1,0,2,0,0,"55,0","59,0","93,2","2,0","6,0",,0,0,,,2026-03-27 23:15:00,Int. Friendly Games,Argentina,4819,Mauritania,4779,2,1,W,Mauritania,home,True,Argentina,"4,0","33,3",,,,,"2,0","1,0","4,0","2,0","1,0","37,0","33,0","3,0",,"10,0","2,0",,,,"69,0","3,0","2,0",,,"19,0","137,5","1,0","2,0",,,,,"0,49","0,22","0,23","-0,06",,"28,0","28,0","1,61","88,4","4,8"
15847002,home,4-3-3,895324,Alexis Mac Allister,A. Mac Allister,M,"10,0",True,Argentina,"7,4","76,0",0,0,0,0,0,"53,0","54,0","98,1","5,0","9,0",,0,0,,,2026-03-27 23:15:00,Int. Friendly Games,Argentina,4819,Mauritania,4779,2,1,W,Mauritania,home,True,Argentina,"4,0","55,6","2,0",,"2,0","100,0","2,0","2,0","3,0","3,0",,"25,0","24,0","1,0","2,0","3,0","0,0",,,,"62,0",,,"1,0",,"14,0","67,6","0,0","2,0","1,0",,,,,"0,33","0,07","0,15",,,,"0,0","62,8","1,2"
15847002,home,4-3-3,944660,Thiago Almada,T. Almada,M,"11,0",True,Argentina,"6,8","75,0",0,0,0,0,1,"67,0","76,0","88,2","1,0","6,0",,0,0,,,2026-03-27 23:15:00,Int. Friendly Games,Argentina,4819,Mauritania,4779,2,1,W,Mauritania,home,True,Argentina,"5,0","16,7",,,,,,,"2,0","2,0","4,0","49,0","44,0","3,0",,"18,0","0,0",,,,"90,0","2,0","2,0","1,0",,"32,0","308,5","8,0","1,0","1,0",,,,,"-0,11","0,59","-0,05",,,,"0,0","80,4","3,6"
15847002,home,4-3-3,1171451,Nico Paz,N. Paz,M,"10,0",True,Argentina,"7,8","45,0",1,0,2,0,0,"30,0","32,0","93,8","7,0","10,0",,0,0,,,2026-03-27 23:15:00,Int. Friendly Games,Argentina,4819,Mauritania,4779,2,1,W,Mauritania,home,True,Argentina,"3,0","70,0",,,,,"4,0","3,0",,,"1,0","20,0","18,0","2,0",,"5,0","3,0",,,,"46,0","1,0",,"3,0","2,0","10,0","83,7","1,0","1,0","1,0",,,,"0,48","-0,13","0,06","-0,03",,"15,0","22,5","2,0","60,0","4,0"
15847002,home,4-3-3,944656,Julián Alvarez,J. Álvarez,F,"19,0",True,Argentina,"7,0","45,0",0,0,0,0,1,"17,0","22,0","77,3","2,0","2,0",,0,0,,,2026-03-27 23:15:00,Int. Friendly Games,Argentina,4819,Mauritania,4779,2,1,W,Mauritania,home,True,Argentina,,"100,0",,,,,"1,0","1,0","1,0","1,0",,"19,0","14,0","2,0",,"8,0","1,0",,,,"30,0","3,0",,"1,0","1,0","11,0","91,2","0,0",,,,,,"-0,1","0,33","0,12","0,0",,"45,0",,"0,0","34,0","4,0"
15847002,home,4-3-3,901325,Nicolás González,N. González,M,"23,0",True,Argentina,"6,7","45,0",0,0,0,0,1,"19,0","23,0","82,6","2,0","4,0",,0,0,,,2026-03-27 23:15:00,Int. Friendly Games,Argentina,4819,Mauritania,4779,2,1,W,Mauritania,home,True,Argentina,"2,0","50,0",,,,,,,,,"2,0","19,0","15,0","2,0",,"8,0","0,0",,,,"31,0","1,0",,"3,0","1,0","8,0","60,0","2,0",,"1,0",,,,,"0,2","0,12","0,14",,,,"0,0","38,0","4,0"
15847002,home,4-3-3,249399,Rodrigo De Paul,R. De Paul,M,"7,0",False,Argentina,"7,1","45,0",0,0,0,0,1,"42,0","49,0","85,7","1,0","2,0","1,0",0,0,,,2026-03-27 23:15:00,Int. Friendly Games,Argentina,4819,Mauritania,4779,2,1,W,Mauritania,home,True,Argentina,"1,0","50,0",,,,,,,"5,0","3,0","1,0","31,0","25,0","3,0","1,0","8,0","0,0",,,,"54,0",,,"1,0","1,0","25,0","231,8","1,0","1,0",,,,,,"0,21","0,5","-0,04",,,,"0,0","84,0","6,0"
15847002,home,4-3-3,12994,Lionel Messi,L. Messi,F,"10,0",False,Argentina,"7,5","45,0",0,0,0,0,0,"27,0","29,0","93,1","4,0","6,0",,0,0,,,2026-03-27 23:15:00,Int. Friendly Games,Argentina,4819,Mauritania,4779,2,1,W,Mauritania,home,True,Argentina,"2,0","66,7",,,,,,,"1,0","1,0",,"24,0","22,0","2,0",,"4,0","1,0",,,,"36,0",,"2,0","2,0","2,0","11,0","70,4","0,0",,"2,0","1,0",,,"-0,08","0,44","0,26","-0,01",,"45,0",,"0,0","54,0","4,0"
15847002,home,4-3-3,1403559,Franco Mastantuono,F. Mastantuono,F,"30,0",False,Argentina,"6,5","45,0",0,0,0,0,0,"16,0","17,0","94,1","2,0","5,0",,0,0,,,2026-03-27 23:15:00,Int. Friendly Games,Argentina,4819,Mauritania,4779,2,1,W,Mauritania,home,True,Argentina,"3,0","40,0",,,,,"1,0","1,0",,,,"14,0","13,0","1,0",,"4,0","0,0",,,,"22,0","1,0","1,0","2,0","1,0","5,0","34,4","0,0","1,0",,,,,,"-0,02","0,03","0,0",,,,"0,0","32,0","2,0"
15847002,home,4-3-3,1099352,Giuliano Simeone,G. Simeone,M,"20,0",False,Argentina,"6,5","34,0",0,0,0,0,0,"11,0","13,0","84,6","1,0","3,0",,0,0,,,2026-03-27 23:15:00,Int. Friendly Games,Argentina,4819,Mauritania,4779,2,1,W,Mauritania,home,True,Argentina,"2,0","33,3",,,,,"1,0",,,,,"7,0","5,0","1,0",,"3,0","0,0",,,,"16,0",,,"1,0",,"4,0","20,5","0,0","1,0",,"1,0",,,,"-0,11","-0,55","0,31",,,,"0,0","29,1","2,6"
15847002,home,4-3-3,1387300,Gabriel Rojas,G. Rojas,D,"27,0",False,Argentina,"6,3","21,0",0,0,0,0,0,"16,0","17,0","94,1","1,0","2,0","1,0",0,0,,,2026-03-27 23:15:00,Int. Friendly Games,Argentina,4819,Mauritania,4779,2,1,W,Mauritania,home,True,Argentina,"1,0","50,0",,,,,,,,,"1,0","10,0","9,0","1,0",,"2,0","0,0",,,,"24,0",,,,,"2,0","32,0","1,0","1,0","1,0",,,,,"-0,07","0,05","-0,18",,,,"0,0","68,6","4,3"
15847002,home,4-3-3,1106603,Agustín Giay,A. Giay,D,"4,0",False,Argentina,"6,2","21,0",0,0,0,0,0,"5,0","5,0","100,0",,,"1,0",0,0,,,2026-03-27 23:15:00,Int. Friendly Games,Argentina,4819,Mauritania,4779,2,1,W,Mauritania,home,True,Argentina,,,,,,,,,,,,"1,0","1,0",,,,"0,0",,,,"7,0",,,,,"1,0","3,8","0,0",,,,,,,"-0,03","0,01","-0,18",,,,"0,0","21,4","0,0"
15847002,home,4-3-3,1094179,José Manuel López,J. López,F,"42,0",False,Argentina,"6,4","15,0",0,0,0,0,0,"2,0","5,0","40,0","1,0","2,0",,0,0,,,2026-03-27 23:15:00,Int. Friendly Games,Argentina,4819,Mauritania,4779,2,1,W,Mauritania,home,True,Argentina,"1,0","50,0",,,,,,,,,"1,0","3,0",,,,"4,0","0,0",,,,"7,0",,,,,"3,0","27,3","1,0","1,0","1,0",,,,,"-0,23","0,17","0,0",,,,"0,0","12,0","0,0"
15847002,home,4-3-3,822600,Exequiel Palacios,E. Palacios,M,"25,0",False,Argentina,"6,6","14,0",0,0,0,0,0,"17,0","19,0","89,5","1,0","1,0","1,0",0,0,,,2026-03-27 23:15:00,Int. Friendly Games,Argentina,4819,Mauritania,4779,2,1,W,Mauritania,home,True,Argentina,,"100,0",,,,,,,,,,"11,0","11,0","2,0",,"4,0","0,0",,,,"25,0","2,0",,,,"4,0","27,2","0,0",,"1,0",,,,,"0,1","0,04","-0,07",,,,"0,0","109,3","12,9"
15847002,home,4-3-3,263651,Juan Musso,J. Musso,G,"1,0",False,Argentina,,,0,0,0,0,0,,,,,,,0,0,,,2026-03-27 23:15:00,Int. Friendly Games,Argentina,4819,Mauritania,4779,2,1,W,Mauritania,home,True,Argentina,,,,,,,,,,,,,,,,,"0,0",,,,,,,,,,,,,,,,,,,,,,,,,,
15847002,home,4-3-3,128383,Gerónimo Rulli,G. Rulli,G,"1,0",False,Argentina,,,0,0,0,0,0,,,,,,,0,0,,,2026-03-27 23:15:00,Int. Friendly Games,Argentina,4819,Mauritania,4779,2,1,W,Mauritania,home,True,Argentina,,,,,,,,,,,,,,,,,"0,0",,,,,,,,,,,,,,,,,,,,,,,,,,
15847002,home,4-3-3,795297,Lucas Martínez Quarta,L. Martinez Quarta,D,"28,0",False,Argentina,,,0,0,0,0,0,,,,,,,0,0,,,2026-03-27 23:15:00,Int. Friendly Games,Argentina,4819,Mauritania,4779,2,1,W,Mauritania,home,True,Argentina,,,,,,,,,,,,,,,,,"0,0",,,,,,,,,,,,,,,,,,,,,,,,,,
15847002,home,4-3-3,74915,Nicolás Otamendi,N. Otamendi,D,"30,0",False,Argentina,,,0,0,0,0,0,,,,,,,0,0,,,2026-03-27 23:15:00,Int. Friendly Games,Argentina,4819,Mauritania,4779,2,1,W,Mauritania,home,True,Argentina,,,,,,,,,,,,,,,,,"0,0",,,,,,,,,,,,,,,,,,,,,,,,,,
15847002,home,4-3-3,255389,Leandro Paredes,L. Paredes,M,"5,0",False,Argentina,,,0,0,0,0,0,,,,,,,0,0,,,2026-03-27 23:15:00,Int. Friendly Games,Argentina,4819,Mauritania,4779,2,1,W,Mauritania,home,True,Argentina,,,,,,,,,,,,,,,,,"0,0",,,,,,,,,,,,,,,,,,,,,,,,,,
15847002,home,4-3-3,1086286,Máximo Perrone,M. Perrone,M,"23,0",False,Argentina,,,0,0,0,0,0,,,,,,,0,0,,,2026-03-27 23:15:00,Int. Friendly Games,Argentina,4819,Mauritania,4779,2,1,W,Mauritania,home,True,Argentina,,,,,,,,,,,,,,,,,"0,0",,,,,,,,,,,,,,,,,,,,,,,,,,
15847002,home,4-3-3,1127057,Valentín Barco,V. Barco,M,"32,0",False,Argentina,,,0,0,0,0,0,,,,,,,0,0,,,2026-03-27 23:15:00,Int. Friendly Games,Argentina,4819,Mauritania,4779,2,1,W,Mauritania,home,True,Argentina,,,,,,,,,,,,,,,,,"0,0",,,,,,,,,,,,,,,,,,,,,,,,,,
15847002,away,4-4-2,1440545,Mamadou Diop,M. Diop,G,"13,0",True,Mauritania,"6,5","90,0",0,0,0,0,0,"18,0","26,0","69,2",,,,0,0,,,2026-03-27 23:15:00,Int. Friendly Games,Argentina,4819,Mauritania,4779,2,1,W,Mauritania,home,False,Argentina,,,,,,,,,,,,,,,,,"0,0",,,,,,,,,,,,,,,,,,,,,,,,"0,0","18,0","0,0"
15847002,away,4-4-2,1196789,Ibrahima Keita,I. Keita,D,"23,0",True,Mauritania,"6,4","90,0",0,0,0,1,1,"22,0","28,0","78,6","4,0",,,0,0,,,2026-03-27 23:15:00,Int. Friendly Games,Argentina,4819,Mauritania,4779,2,1,W,Mauritania,home,False,Argentina,,,,,,,,,,,,,,,,,"1,0",,,,,,,,,,,,,,,,,,,,,,"90,0",,"0,0","22,0","0,0"
15847002,away,4-4-2,872038,Lamine Ba,L. Ba,D,"5,0",True,Mauritania,"6,4","85,0",0,0,0,0,0,"43,0","48,0","89,6","1,0",,"1,0",0,0,,,2026-03-27 23:15:00,Int. Friendly Games,Argentina,4819,Mauritania,4779,2,1,W,Mauritania,home,False,Argentina,,,,,,,,,,,,,,,,,"0,0",,,,,,,,,,,,,,,,,,,,,,,,"0,0","45,5","0,0"
15847002,away,4-4-2,363042,Jordan Lefort,J. Lefort,D,"21,0",True,Mauritania,"6,8","90,0",1,0,1,0,0,"53,0","57,0","93,0",,,,0,0,,,2026-03-27 23:15:00,Int. Friendly Games,Argentina,4819,Mauritania,4779,2,1,W,Mauritania,home,False,Argentina,,,,,,,,,,,,,,,,,"1,0",,,,,,,,,,,,,,,,,,,,,,"90,0","90,0","1,0","53,0","0,0"
15847002,away,4-4-2,932021,Aly Abeid,A. Abeid,D,"3,0",True,Mauritania,"6,2","78,0",0,0,0,0,1,"35,0","37,0","94,6","2,0",,,0,0,,,2026-03-27 23:15:00,Int. Friendly Games,Argentina,4819,Mauritania,4779,2,1,W,Mauritania,home,False,Argentina,,,,,,,,,,,,,,,,,"0,0",,,,,,,,,,,,,,,,,,,,,,,,"0,0","40,4","0,0"
15847002,away,4-4-2,1169719,Beyatt Lekoueiry,B. Lekoueiry,M,"27,0",True,Mauritania,"6,5","85,0",0,0,0,0,0,"31,0","35,0","88,6","3,0",,,0,0,,,2026-03-27 23:15:00,Int. Friendly Games,Argentina,4819,Mauritania,4779,2,1,W,Mauritania,home,False,Argentina,,,,,,,,,,,,,,,,,"0,0",,,,,,,,,,,,,,,,,,,,,,,,"0,0","32,8","0,0"
15847002,away,4-4-2,1175854,Oumar Ngom,O. Ngom,M,"79,0",True,Mauritania,"7,2","78,0",0,0,1,0,0,"38,0","42,0","90,5","3,0",,"3,0",0,0,,,2026-03-27 23:15:00,Int. Friendly Games,Argentina,4819,Mauritania,4779,2,1,W,Mauritania,home,False,Argentina,,,,,,,,,,,,,,,,,"1,0",,,,,,,,,,,,,,,,,,,,,,"78,0","78,0","0,0","43,8","0,0"
15847002,away,4-4-2,1531104,Maata Magassa,M. Magassa,M,"37,0",True,Mauritania,"7,1","78,0",0,0,0,1,0,"34,0","37,0","91,9","8,0",,"1,0",0,0,,,2026-03-27 23:15:00,Int. Friendly Games,Argentina,4819,Mauritania,4779,2,1,W,Mauritania,home,False,Argentina,,,,,,,,,,,,,,,,,"1,0",,,,,,,,,,,,,,,,,,,,,,"78,0",,"0,0","39,2","0,0"
15847002,away,4-4-2,1142674,Djeidi Gassama,D. Gassama,M,"23,0",True,Mauritania,"6,1","63,0",0,0,0,1,0,"5,0","7,0","71,4","4,0",,"1,0",0,0,,,2026-03-27 23:15:00,Int. Friendly Games,Argentina,4819,Mauritania,4779,2,1,W,Mauritania,home,False,Argentina,,,,,,,,,,,,,,,,,"1,0",,,,,,,,,,,,,,,,,,,,,,"63,0",,"0,0","7,1","0,0"
15847002,away,4-4-2,890110,Aboubakary Koita,A. Koita,M,"11,0",True,Mauritania,"6,8","85,0",0,0,1,2,2,"22,0","26,0","84,6","5,0",,"2,0",0,0,,,2026-03-27 23:15:00,Int. Friendly Games,Argentina,4819,Mauritania,4779,2,1,W,Mauritania,home,False,Argentina,,,,,,,,,,,,,,,,,"3,0",,,,,,,,,,,,,,,,,,,,,,"28,3","85,0","0,0","23,3","0,0"
15847002,away,4-4-2,1936028,Mamadou Diallo,M. Diallo,F,"93,0",True,Mauritania,"6,5","45,0",0,0,0,0,0,"5,0","7,0","71,4","3,0",,"2,0",0,0,,,2026-03-27 23:15:00,Int. Friendly Games,Argentina,4819,Mauritania,4779,2,1,W,Mauritania,home,False,Argentina,,,,,,,,,,,,,,,,,"0,0",,,,,,,,,,,,,,,,,,,,,,,,"0,0","10,0","0,0"
15847002,away,4-4-2,991359,Papa Ndiaga Yade,P. N. Yade,M,"37,0",False,Mauritania,"6,4","45,0",0,0,0,0,0,"7,0","7,0","100,0","1,0",,,0,0,,,2026-03-27 23:15:00,Int. Friendly Games,Argentina,4819,Mauritania,4779,2,1,W,Mauritania,home,False,Argentina,,,,,,,,,,,,,,,,,"0,0",,,,,,,,,,,,,,,,,,,,,,,,"0,0","14,0","0,0"
15847002,away,4-4-2,1459304,Sidi Amar Bouna,S. Amar,M,"20,0",False,Mauritania,"6,4","27,0",0,0,0,0,1,"8,0","10,0","80,0","1,0",,"1,0",0,0,,,2026-03-27 23:15:00,Int. Friendly Games,Argentina,4819,Mauritania,4779,2,1,W,Mauritania,home,False,Argentina,,,,,,,,,,,,,,,,,"0,0",,,,,,,,,,,,,,,,,,,,,,,,"0,0","26,7","0,0"
15847002,away,4-4-2,1407653,Khadim Diaw,K. Diaw,D,"14,0",False,Mauritania,"6,7","12,0",0,0,0,0,0,"2,0","3,0","66,7",,,,0,0,,,2026-03-27 23:15:00,Int. Friendly Games,Argentina,4819,Mauritania,4779,2,1,W,Mauritania,home,False,Argentina,,,,,,,,,,,,,,,,,"0,0",,,,,,,,,,,,,,,,,,,,,,,,"0,0","15,0","0,0"
15847002,away,4-4-2,912144,Moctar El Hacen,M. El Hacen,M,"18,0",False,Mauritania,"6,6","12,0",0,0,0,0,0,"4,0","4,0","100,0",,,,0,0,,,2026-03-27 23:15:00,Int. Friendly Games,Argentina,4819,Mauritania,4779,2,1,W,Mauritania,home,False,Argentina,,,,,,,,,,,,,,,,,"0,0",,,,,,,,,,,,,,,,,,,,,,,,"0,0","30,0","0,0"
15847002,away,4-4-2,1008231,Sidi Yacoub,S. Yacoub,M,"25,0",False,Mauritania,"7,0","12,0",0,1,0,1,1,"8,0","8,0","100,0","2,0",,,0,0,,,2026-03-27 23:15:00,Int. Friendly Games,Argentina,4819,Mauritania,4779,2,1,W,Mauritania,home,False,Argentina,,,,,,,,,,,,,,,,,"1,0",,,,,,,,,,,,,,,,,,,,,,"12,0",,"7,5","60,0","0,0"
15847002,away,4-4-2,1444497,Nouh Mohamed El Abd,N. M. E. Abd,D,"24,0",False,Mauritania,"6,9","10,0",0,0,0,0,0,"2,0","2,0","100,0","1,0",,"1,0",0,0,,,2026-03-27 23:15:00,Int. Friendly Games,Argentina,4819,Mauritania,4779,2,1,W,Mauritania,home,False,Argentina,,,,,,,,,,,,,,,,,"0,0",,,,,,,,,,,,,,,,,,,,,,,,"0,0","18,0","0,0"
15847002,away,4-4-2,1009623,Abdallahi Mahmoud,A. Mahmoud,M,"24,0",False,Mauritania,"6,5","10,0",0,0,0,0,0,"1,0","2,0","50,0",,,"1,0",0,0,,,2026-03-27 23:15:00,Int. Friendly Games,Argentina,4819,Mauritania,4779,2,1,W,Mauritania,home,False,Argentina,,,,,,,,,,,,,,,,,"0,0",,,,,,,,,,,,,,,,,,,,,,,,"0,0","9,0","0,0"
15847002,away,4-4-2,985946,Souleymane Anne,S. Anne,F,"9,0",False,Mauritania,"6,8","10,0",0,0,1,0,0,,,,"1,0",,,0,0,,,2026-03-27 23:15:00,Int. Friendly Games,Argentina,4819,Mauritania,4779,2,1,W,Mauritania,home,False,Argentina,,,,,,,,,,,,,,,,,"1,0",,,,,,,,,,,,,,,,,,,,,,"10,0","10,0","0,0","0,0","0,0"
15847002,away,4-4-2,1501813,Abderrahmane Sarr,A. Sarr,G,"50,0",False,Mauritania,,,0,0,0,0,0,,,,,,,0,0,,,2026-03-27 23:15:00,Int. Friendly Games,Argentina,4819,Mauritania,4779,2,1,W,Mauritania,home,False,Argentina,,,,,,,,,,,,,,,,,"0,0",,,,,,,,,,,,,,,,,,,,,,,,,,
15847002,away,4-4-2,1444500,Demini Saleck,D. Saleck,D,"25,0",False,Mauritania,,,0,0,0,0,0,,,,,,,0,0,,,2026-03-27 23:15:00,Int. Friendly Games,Argentina,4819,Mauritania,4779,2,1,W,Mauritania,home,False,Argentina,,,,,,,,,,,,,,,,,"0,0",,,,,,,,,,,,,,,,,,,,,,,,,,
15847002,away,4-4-2,845092,Guessouma Fofana,G. Fofana,M,"27,0",False,Mauritania,,,0,0,0,0,0,,,,,,,0,0,,,2026-03-27 23:15:00,Int. Friendly Games,Argentina,4819,Mauritania,4779,2,1,W,Mauritania,home,False,Argentina,,,,,,,,,,,,,,,,,"0,0",,,,,,,,,,,,,,,,,,,,,,,,,,
15847002,away,4-4-2,1010564,Idrissa Thiam,I. Thiam,F,"10,0",False,Mauritania,,,0,0,0,0,0,,,,,,,0,0,,,2026-03-27 23:15:00,Int. Friendly Games,Argentina,4819,Mauritania,4779,2,1,W,Mauritania,home,False,Argentina,,,,,,,,,,,,,,,,,"0,0",,,,,,,,,,,,,,,,,,,,,,,,,,
15016652,home,4-2-3-1,59783,Hugo Marques,H. Marques,G,"1,0",True,Angola,"6,8","45,0",0,0,0,0,0,"10,0","16,0","62,5",,,,0,0,,,2025-11-14 16:00:00,Int. Friendly Games,Angola,4692,Argentina,4819,0,2,W,Angola,away,False,Argentina,,,,,,,,,,,,,,,,,"0,0",,,,,,,,,,,,,,,,,,,,,,,,"0,0","20,0","0,0"
15016652,home,4-2-3-1,1068286,Rui Modesto,R. Modesto,M,"18,0",True,Angola,"6,3","90,0",0,0,0,0,0,"18,0","22,0","81,8",,,"2,0",0,0,,,2025-11-14 16:00:00,Int. Friendly Games,Angola,4692,Argentina,4819,0,2,W,Angola,away,False,Argentina,,,,,,,,,,,,,,,,,"0,0",,,,,,,,,,,,,,,,,,,,,,,,"0,0","18,0","0,0"
15016652,home,4-2-3-1,1090374,Kialonda Gaspar,K. Gaspar,D,"4,0",True,Angola,"6,7","90,0",0,0,0,0,0,"30,0","31,0","96,8",,,"2,0",0,0,,,2025-11-14 16:00:00,Int. Friendly Games,Angola,4692,Argentina,4819,0,2,W,Angola,away,False,Argentina,,,,,,,,,,,,,,,,,"0,0",,,,,,,,,,,,,,,,,,,,,,,,"0,0","30,0","0,0"
15016652,home,4-2-3-1,800348,Jonathan Buatu,J. Buatu,D,"39,0",True,Angola,"6,3","90,0",0,0,0,0,0,"13,0","19,0","68,4","1,0",,,0,0,,,2025-11-14 16:00:00,Int. Friendly Games,Angola,4692,Argentina,4819,0,2,W,Angola,away,False,Argentina,,,,,,,,,,,,,,,,,"0,0",,,,,,,,,,,,,,,,,,,,,,,,"0,0","13,0","0,0"
15016652,home,4-2-3-1,923882,Tó Carneiro,T. Carneiro,D,"2,0",True,Angola,"6,6","90,0",0,0,0,1,2,"15,0","17,0","88,2","4,0",,,0,0,,,2025-11-14 16:00:00,Int. Friendly Games,Angola,4692,Argentina,4819,0,2,W,Angola,away,False,Argentina,,,,,,,,,,,,,,,,,"1,0",,,,,,,,,,,,,,,,,,,,,,"90,0",,"0,0","15,0","0,0"
15016652,home,4-2-3-1,1002146,Maestro,Maestro,M,"58,0",True,Angola,"6,7","90,0",0,0,0,0,1,"36,0","38,0","94,7","1,0",,"1,0",0,0,,,2025-11-14 16:00:00,Int. Friendly Games,Angola,4692,Argentina,4819,0,2,W,Angola,away,False,Argentina,,,,,,,,,,,,,,,,,"0,0",,,,,,,,,,,,,,,,,,,,,,,,"0,0","36,0","0,0"
15016652,home,4-2-3-1,845281,Fredy,Fredy,M,"16,0",True,Angola,"6,6","86,0",0,0,0,0,0,"32,0","38,0","84,2","5,0",,,0,0,,,2025-11-14 16:00:00,Int. Friendly Games,Angola,4692,Argentina,4819,0,2,W,Angola,away,False,Argentina,,,,,,,,,,,,,,,,,"0,0",,,,,,,,,,,,,,,,,,,,,,,,"0,0","33,5","0,0"
15016652,home,4-2-3-1,1000150,Zito Luvumbo,Z. Luvumbo,F,"15,0",True,Angola,"6,9","67,0",0,0,2,1,0,"9,0","11,0","81,8","4,0",,,0,0,,,2025-11-14 16:00:00,Int. Friendly Games,Angola,4692,Argentina,4819,0,2,W,Angola,away,False,Argentina,,,,,,,,,,,,,,,,,"3,0",,,,,,,,,,,,,,,,,,,,,,"22,3","33,5","0,0","12,1","0,0"
15016652,home,4-2-3-1,825067,Gelson Dala,J. Dala,F,"10,0",True,Angola,"6,7","67,0",0,0,0,0,2,"13,0","16,0","81,2","1,0",,,0,0,,,2025-11-14 16:00:00,Int. Friendly Games,Angola,4692,Argentina,4819,0,2,W,Angola,away,False,Argentina,,,,,,,,,,,,,,,,,"0,0",,,,,,,,,,,,,,,,,,,,,,,,"0,0","17,5","0,0"
15016652,home,4-2-3-1,929957,Chico Banza,C. Banza,F,"32,0",True,Angola,"6,9","67,0",0,0,0,0,0,"8,0","12,0","66,7","6,0",,"1,0",0,0,,,2025-11-14 16:00:00,Int. Friendly Games,Angola,4692,Argentina,4819,0,2,W,Angola,away,False,Argentina,,,,,,,,,,,,,,,,,"0,0",,,,,,,,,,,,,,,,,,,,,,,,"0,0","10,7","0,0"
15016652,home,4-2-3-1,788061,M'bala Nzola,M. Nzola,F,"8,0",True,Angola,"6,5","77,0",0,0,0,0,0,"8,0","9,0","88,9","3,0",,,0,0,,,2025-11-14 16:00:00,Int. Friendly Games,Angola,4692,Argentina,4819,0,2,W,Angola,away,False,Argentina,,,,,,,,,,,,,,,,,"0,0",,,,,,,,,,,,,,,,,,,,,,,,"0,0","9,4","0,0"
15016652,home,4-2-3-1,933128,Neblú,Neblú,G,"22,0",False,Angola,"6,5","45,0",0,0,0,0,0,"9,0","10,0","90,0",,,,0,0,,,2025-11-14 16:00:00,Int. Friendly Games,Angola,4692,Argentina,4819,0,2,W,Angola,away,False,Argentina,,,,,,,,,,,,,,,,,"0,0",,,,,,,,,,,,,,,,,,,,,,,,"0,0","18,0","0,0"
15016652,home,4-2-3-1,385388,Núrio Fortuna,N. Fortuna,D,"25,0",False,Angola,"6,5","23,0",0,0,0,0,0,"3,0","3,0","100,0","1,0",,"1,0",0,0,,,2025-11-14 16:00:00,Int. Friendly Games,Angola,4692,Argentina,4819,0,2,W,Angola,away,False,Argentina,,,,,,,,,,,,,,,,,"0,0",,,,,,,,,,,,,,,,,,,,,,,,"0,0","11,7","0,0"
15016652,home,4-2-3-1,933115,Show,Show,M,"14,0",False,Angola,"6,6","23,0",0,0,0,0,0,"13,0","14,0","92,9","3,0",,"2,0",0,0,,,2025-11-14 16:00:00,Int. Friendly Games,Angola,4692,Argentina,4819,0,2,W,Angola,away,False,Argentina,,,,,,,,,,,,,,,,,"0,0",,,,,,,,,,,,,,,,,,,,,,,,"0,0","50,9","0,0"
15016652,home,4-2-3-1,552632,Benson Manuel,B. Manuel,M,"14,0",False,Angola,"6,8","23,0",0,0,0,0,1,"1,0","2,0","50,0","2,0",,,0,0,,,2025-11-14 16:00:00,Int. Friendly Games,Angola,4692,Argentina,4819,0,2,W,Angola,away,False,Argentina,,,,,,,,,,,,,,,,,"0,0",,,,,,,,,,,,,,,,,,,,,,,,"0,0","3,9","0,0"
15016652,home,4-2-3-1,333341,Mabululu,Mabululu,F,"90,0",False,Angola,"6,5","13,0",0,0,0,0,0,"2,0","5,0","40,0","2,0",,,0,0,,,2025-11-14 16:00:00,Int. Friendly Games,Angola,4692,Argentina,4819,0,2,W,Angola,away,False,Argentina,,,,,,,,,,,,,,,,,"0,0",,,,,,,,,,,,,,,,,,,,,,,,"0,0","13,8","0,0"
15016652,home,4-2-3-1,333311,Ary Papel,A. Papel,F,"30,0",False,Angola,"6,3","9,0",0,0,0,1,0,,,,"1,0",,,0,0,,,2025-11-14 16:00:00,Int. Friendly Games,Angola,4692,Argentina,4819,0,2,W,Angola,away,False,Argentina,,,,,,,,,,,,,,,,,"1,0",,,,,,,,,,,,,,,,,,,,,,"9,0",,"0,0","0,0","0,0"
15016652,home,4-2-3-1,134242,Antonio Dominique,A. Dominique,G,"1,0",False,Angola,,,0,0,0,0,0,,,,,,,0,0,,,2025-11-14 16:00:00,Int. Friendly Games,Angola,4692,Argentina,4819,0,2,W,Angola,away,False,Argentina,,,,,,,,,,,,,,,,,"0,0",,,,,,,,,,,,,,,,,,,,,,,,,,
15016652,home,4-2-3-1,892235,David Carmo,D. Carmo,D,"16,0",False,Angola,,,0,0,0,0,0,,,,,,,0,0,,,2025-11-14 16:00:00,Int. Friendly Games,Angola,4692,Argentina,4819,0,2,W,Angola,away,False,Argentina,,,,,,,,,,,,,,,,,"0,0",,,,,,,,,,,,,,,,,,,,,,,,,,
15016652,home,4-2-3-1,1612536,Alexandre Fernando,A. Fernando,D,"2,0",False,Angola,,,0,0,0,0,0,,,,,,,0,0,,,2025-11-14 16:00:00,Int. Friendly Games,Angola,4692,Argentina,4819,0,2,W,Angola,away,False,Argentina,,,,,,,,,,,,,,,,,"0,0",,,,,,,,,,,,,,,,,,,,,,,,,,
15016652,home,4-2-3-1,1102988,Pedro Bondo,P. Bondo,D,"28,0",False,Angola,,,0,0,0,0,0,,,,,,,0,0,,,2025-11-14 16:00:00,Int. Friendly Games,Angola,4692,Argentina,4819,0,2,W,Angola,away,False,Argentina,,,,,,,,,,,,,,,,,"0,0",,,,,,,,,,,,,,,,,,,,,,,,,,
15016652,home,4-2-3-1,939721,Milson,Milson,M,"77,0",False,Angola,,,0,0,0,0,0,,,,,,,0,0,,,2025-11-14 16:00:00,Int. Friendly Games,Angola,4692,Argentina,4819,0,2,W,Angola,away,False,Argentina,,,,,,,,,,,,,,,,,"0,0",,,,,,,,,,,,,,,,,,,,,,,,,,
15016652,home,4-2-3-1,933912,Mário Balbúrdia,M. Balbúrdia,M,"80,0",False,Angola,,,0,0,0,0,0,,,,,,,0,0,,,2025-11-14 16:00:00,Int. Friendly Games,Angola,4692,Argentina,4819,0,2,W,Angola,away,False,Argentina,,,,,,,,,,,,,,,,,"0,0",,,,,,,,,,,,,,,,,,,,,,,,,,
15016652,home,4-2-3-1,1017970,Pedro Miguel,P. Miguel,M,"10,0",False,Angola,,,0,0,0,0,0,,,,,,,0,0,,,2025-11-14 16:00:00,Int. Friendly Games,Angola,4692,Argentina,4819,0,2,W,Angola,away,False,Argentina,,,,,,,,,,,,,,,,,"0,0",,,,,,,,,,,,,,,,,,,,,,,,,,
15016652,away,3-4-2-1,128383,Gerónimo Rulli,G. Rulli,G,"1,0",True,Argentina,"7,6","90,0",0,0,0,0,0,"17,0","19,0","89,5","1,0","1,0",,0,0,,,2025-11-14 16:00:00,Int. Friendly Games,Angola,4692,Argentina,4819,0,2,W,Angola,away,True,Argentina,,"100,0","1,0",,"1,0","100,0",,,"9,0","7,0",,"3,0","2,0","6,0","3,0","2,0","0,0",,,,"30,0",,,,,,"0,0",,,,,"2,0",,,,,,,,,"0,0","17,0","6,0"
15016652,away,3-4-2-1,873189,Juan Foyth,J. Foyth,D,"8,0",True,Argentina,"6,8","90,0",0,0,0,0,0,"36,0","39,0","92,3","1,0","3,0","1,0",0,0,,,2025-11-14 16:00:00,Int. Friendly Games,Angola,4692,Argentina,4819,0,2,W,Angola,away,True,Argentina,"2,0","33,3",,,,,,,"1,0",,"1,0","12,0","11,0","1,0","1,0","4,0","0,0",,,,"46,0",,,"1,0","1,0",,"0,0",,"1,0",,,,,,,,,,,,"0,0","36,0","1,0"
15016652,away,3-4-2-1,829932,Cristian Romero,C. Romero,D,"17,0",True,Argentina,"7,1","90,0",0,0,0,0,0,"62,0","64,0","96,9","2,0","7,0","3,0",0,0,,,2025-11-14 16:00:00,Int. Friendly Games,Angola,4692,Argentina,4819,0,2,W,Angola,away,True,Argentina,"5,0","28,6",,"1,0","1,0","0,0","2,0","1,0","4,0","2,0",,"23,0","22,0","4,0","5,0","2,0","0,0",,,,"75,0",,,,,,"0,0",,"4,0",,,,,,,,,,,,"0,0","62,0","4,0"
15016652,away,3-4-2-1,158243,Nicolás Tagliafico,N. Tagliafico,D,"3,0",True,Argentina,"7,4","90,0",0,0,0,0,0,"59,0","64,0","92,2","5,0","8,0","3,0",0,0,,,2025-11-14 16:00:00,Int. Friendly Games,Angola,4692,Argentina,4819,0,2,W,Angola,away,True,Argentina,"3,0","62,5","1,0",,"1,0","100,0","4,0","3,0","1,0","1,0",,"21,0","17,0","5,0","2,0","5,0","0,0",,,,"76,0",,,,,,"0,0",,"2,0",,,,,,,,,,,,"0,0","59,0","5,0"
15016652,away,3-4-2-1,798835,Giovani Lo Celso,G. Lo Celso,M,"20,0",True,Argentina,"6,6","60,0",0,0,0,0,0,"29,0","31,0","93,5","2,0","6,0","1,0",0,0,,,2025-11-14 16:00:00,Int. Friendly Games,Angola,4692,Argentina,4819,0,2,W,Angola,away,True,Argentina,"4,0","33,3",,,,,,,,,,"17,0","15,0","2,0","1,0","6,0","1,0",,,,"42,0","1,0","2,0",,,,"0,0",,"2,0","2,0","1,0",,,,,,,,"60,0",,"0,0","43,5","3,0"
15016652,away,3-4-2-1,249399,Rodrigo De Paul,R. De Paul,M,"7,0",True,Argentina,"7,1","90,0",0,0,0,0,3,"84,0","97,0","86,6","1,0","4,0","1,0",0,0,,,2025-11-14 16:00:00,Int. Friendly Games,Angola,4692,Argentina,4819,0,2,W,Angola,away,True,Argentina,"3,0","25,0",,,,,,,"10,0","6,0",,"53,0","42,0","9,0",,"14,0","0,0",,,,"100,0",,,,,,"0,0",,"1,0","1,0",,,,,,,,,,,"0,0","84,0","9,0"
15016652,away,3-4-2-1,895324,Alexis Mac Allister,A. Mac Allister,M,"10,0",True,Argentina,"6,9","85,0",0,0,0,0,0,"54,0","60,0","90,0","3,0","4,0",,0,0,,,2025-11-14 16:00:00,Int. Friendly Games,Angola,4692,Argentina,4819,0,2,W,Angola,away,True,Argentina,"1,0","75,0",,,,,"2,0","1,0","2,0",,,"28,0","23,0","5,0",,"6,0","0,0",,,,"66,0",,,,,,"0,0",,"1,0","1,0",,,,,,,,,,,"0,0","57,2","5,3"
15016652,away,3-4-2-1,901325,Nicolás González,N. González,M,"23,0",True,Argentina,"7,0","86,0",0,0,0,0,0,"33,0","37,0","89,2","4,0","7,0","2,0",0,0,,,2025-11-14 16:00:00,Int. Friendly Games,Angola,4692,Argentina,4819,0,2,W,Angola,away,True,Argentina,"3,0","57,1","3,0",,"3,0","100,0","1,0","1,0","3,0","3,0","1,0","16,0","12,0","1,0",,"7,0","0,0",,,,"46,0",,"1,0",,,,"0,0",,"2,0",,"1,0",,,,,,,,,,"0,0","34,5","1,0"
15016652,away,3-4-2-1,12994,Lionel Messi,L. Messi,F,"10,0",True,Argentina,"8,1","86,0",1,1,2,2,1,"40,0","50,0","80,0","4,0","9,0","1,0",0,0,,,2025-11-14 16:00:00,Int. Friendly Games,Angola,4692,Argentina,4819,0,2,W,Angola,away,True,Argentina,"5,0","44,4",,,,,,,"7,0","3,0","2,0","38,0","29,0","2,0",,"19,0","5,0","1,0",,,"71,0","1,0","2,0","4,0","2,0",,"0,0",,"1,0","2,0",,,,,,,,,"17,2","43,0","2,09","41,9","2,1"
15016652,away,3-4-2-1,944660,Thiago Almada,T. Almada,M,"11,0",True,Argentina,"7,0","70,0",0,0,0,0,1,"27,0","30,0","90,0","5,0","6,0","1,0",0,0,,,2025-11-14 16:00:00,Int. Friendly Games,Angola,4692,Argentina,4819,0,2,W,Angola,away,True,Argentina,"1,0","83,3",,,,,"1,0","1,0","1,0","1,0",,"20,0","19,0",,,"3,0","0,0",,,,"36,0",,,"1,0","1,0",,"0,0",,"1,0","3,0",,,,,,,,,,,"0,0","34,7","0,0"
15016652,away,3-4-2-1,823984,Lautaro Martínez,L. Martínez,F,"10,0",True,Argentina,"8,8","85,0",1,1,1,0,2,"25,0","28,0","89,3","4,0","5,0",,0,0,,,2025-11-14 16:00:00,Int. Friendly Games,Angola,4692,Argentina,4819,0,2,W,Angola,away,True,Argentina,"1,0","80,0",,,,,"1,0","1,0",,,"1,0","18,0","16,0","3,0","1,0","5,0","1,0",,"2,0",,"37,0",,,,,,"0,0",,"1,0","3,0","2,0",,,,,,,,"85,0","85,0","2,12","26,5","3,2"
15016652,away,3-4-2-1,895327,Kevin Mac Allister,K. Mac Allister,D,"5,0",False,Argentina,"6,9","30,0",0,0,0,0,0,"15,0","17,0","88,2","6,0","6,0",,0,0,,,2025-11-14 16:00:00,Int. Friendly Games,Angola,4692,Argentina,4819,0,2,W,Angola,away,True,Argentina,,"100,0","1,0",,"1,0","100,0","4,0","1,0","1,0","1,0",,"10,0","9,0","2,0",,"2,0","0,0",,,,"26,0",,,,,,"0,0",,,"1,0",,,,,,,,,,,"0,0","45,0","6,0"
15016652,away,3-4-2-1,783126,Emiliano Buendía,E. Buendía,M,"10,0",False,Argentina,"6,4","20,0",0,0,0,0,1,"6,0","6,0","100,0",,"4,0",,0,0,,,2025-11-14 16:00:00,Int. Friendly Games,Angola,4692,Argentina,4819,0,2,W,Angola,away,True,Argentina,"4,0","0,0",,,,,,,,,"1,0","3,0","3,0","1,0",,"3,0","0,0",,,,"9,0",,"2,0",,,,"0,0",,"1,0",,,,,,,,,,,,"0,0","27,0","4,5"
15016652,away,3-4-2-1,1086286,Máximo Perrone,M. Perrone,M,"23,0",False,Argentina,"6,7","10,0",0,0,0,0,0,"8,0","8,0","100,0",,,"1,0",0,0,,,2025-11-14 16:00:00,Int. Friendly Games,Angola,4692,Argentina,4819,0,2,W,Angola,away,True,Argentina,,,,,,,,,"1,0","1,0",,"4,0","4,0","1,0",,,"0,0",,,,"9,0",,,,,,"0,0",,,,,,,,,,,,,,"0,0","72,0","9,0"
15016652,away,3-4-2-1,1094179,José Manuel López,J. López,F,"42,0",False,Argentina,"6,3","10,0",0,0,0,0,0,"2,0","2,0","100,0",,"2,0",,0,0,,,2025-11-14 16:00:00,Int. Friendly Games,Angola,4692,Argentina,4819,0,2,W,Angola,away,True,Argentina,"2,0","0,0",,,,,,,,,,,,,"1,0","2,0","0,0",,,,"5,0",,"1,0","1,0",,,"0,0",,,,,,,,,,,,,,"0,0","18,0","0,0"
15016652,away,3-4-2-1,1201395,Gianluca Prestianni,G. Prestianni,M,"25,0",False,Argentina,"6,5","9,0",0,0,0,0,0,"3,0","3,0","100,0",,,,0,0,,,2025-11-14 16:00:00,Int. Friendly Games,Angola,4692,Argentina,4819,0,2,W,Angola,away,True,Argentina,,,,,,,,,,,,"1,0","1,0",,,,"0,0",,,,"3,0",,,,,,"0,0",,,,,,,,,,,,,,"0,0","30,0","0,0"
15016652,away,3-4-2-1,1410925,Joaquin Panichelli,J. Panichelli,F,"9,0",False,Argentina,"6,7","9,0",0,0,0,1,0,,,,,,,0,0,,,2025-11-14 16:00:00,Int. Friendly Games,Angola,4692,Argentina,4819,0,2,W,Angola,away,True,Argentina,,,,,,,,,,,,,,,"1,0",,"1,0",,,,"2,0",,,,,,"0,0",,,,,,,,,,,,"9,0",,"0,0","0,0","0,0"
15016652,away,3-4-2-1,249859,Walter Benítez,W. Benítez,G,"44,0",False,Argentina,,,0,0,0,0,0,,,,,,,0,0,,,2025-11-14 16:00:00,Int. Friendly Games,Angola,4692,Argentina,4819,0,2,W,Angola,away,True,Argentina,,,,,,,,,,,,,,,,,"0,0",,,,,,,,,,,,,,,,,,,,,,,,,,
15016652,away,3-4-2-1,2362482,Demian Talavera,D. Talavera,G,"3,0",False,Argentina,,,0,0,0,0,0,,,,,,,0,0,,,2025-11-14 16:00:00,Int. Friendly Games,Angola,4692,Argentina,4819,0,2,W,Angola,away,True,Argentina,,,,,,,,,,,,,,,,,"0,0",,,,,,,,,,,,,,,,,,,,,,,,,,
15016652,away,3-4-2-1,74915,Nicolás Otamendi,N. Otamendi,D,"30,0",False,Argentina,,,0,0,0,0,0,,,,,,,0,0,,,2025-11-14 16:00:00,Int. Friendly Games,Angola,4692,Argentina,4819,0,2,W,Angola,away,True,Argentina,,,,,,,,,,,,,,,,,"0,0",,,,,,,,,,,,,,,,,,,,,,,,,,
15016652,away,3-4-2-1,830659,Marcos Senesi,M. Senesi,D,"5,0",False,Argentina,,,0,0,0,0,0,,,,,,,0,0,,,2025-11-14 16:00:00,Int. Friendly Games,Angola,4692,Argentina,4819,0,2,W,Angola,away,True,Argentina,,,,,,,,,,,,,,,,,"0,0",,,,,,,,,,,,,,,,,,,,,,,,,,
15016652,away,3-4-2-1,1127057,Valentín Barco,V. Barco,M,"32,0",False,Argentina,,,0,0,0,0,0,,,,,,,0,0,,,2025-11-14 16:00:00,Int. Friendly Games,Angola,4692,Argentina,4819,0,2,W,Angola,away,True,Argentina,,,,,,,,,,,,,,,,,"0,0",,,,,,,,,,,,,,,,,,,,,,,,,,
15016652,away,3-4-2-1,1171451,Nico Paz,N. Paz,M,"10,0",False,Argentina,,,0,0,0,0,0,,,,,,,0,0,,,2025-11-14 16:00:00,Int. Friendly Games,Angola,4692,Argentina,4819,0,2,W,Angola,away,True,Argentina,,,,,,,,,,,,,,,,,"0,0",,,,,,,,,,,,,,,,,,,,,,,,,,
14787861,home,4-3-3,1385571,Sebastián Cutler,S. Cutler,G,,True,Puerto Rico,"6,2","90,0",0,0,0,0,0,"14,0","23,0","60,9",,,,0,0,,,2025-10-15 00:00:00,Int. Friendly Games,Puerto Rico,21818,Argentina,4819,0,6,W,Puerto Rico,away,False,Argentina,,,,,,,,,,,,,,,,,"0,0",,,,,,,,,,,,,,,,,,,,,,,,"0,0","14,0","0,0"
14787861,home,4-3-3,1481903,Sidney Paris,S. Paris,D,"43,0",True,Puerto Rico,"6,2","73,0",0,0,0,0,0,"16,0","19,0","84,2","7,0",,"1,0",0,0,,,2025-10-15 00:00:00,Int. Friendly Games,Puerto Rico,21818,Argentina,4819,0,6,W,Puerto Rico,away,False,Argentina,,,,,,,,,,,,,,,,,"0,0",,,,,,,,,,,,,,,,,,,,,,,,"0,0","19,7","0,0"
14787861,home,4-3-3,1099327,Nicolás Cardona,N. Cardona,D,"2,0",True,Puerto Rico,"5,7","82,0",0,0,0,0,0,"27,0","34,0","79,4","2,0",,,0,0,,,2025-10-15 00:00:00,Int. Friendly Games,Puerto Rico,21818,Argentina,4819,0,6,W,Puerto Rico,away,False,Argentina,,,,,,,,,,,,,,,,,"0,0",,,,,,,,,,,,,,,,,,,,,,,,"0,0","29,6","0,0"
14787861,home,4-3-3,1049324,Giovanni Calderon,G. Calderon,D,"55,0",True,Puerto Rico,"6,3","90,0",0,0,0,0,0,"36,0","41,0","87,8","1,0",,,0,0,,,2025-10-15 00:00:00,Int. Friendly Games,Puerto Rico,21818,Argentina,4819,0,6,W,Puerto Rico,away,False,Argentina,,,,,,,,,,,,,,,,,"0,0",,,,,,,,,,,,,,,,,,,,,,,,"0,0","36,0","0,0"
14787861,home,4-3-3,1119330,Steven Echeverria,S. Echeverria,M,"13,0",True,Puerto Rico,"5,7","90,0",0,0,0,0,0,"37,0","40,0","92,5","2,0",,"1,0",0,0,,,2025-10-15 00:00:00,Int. Friendly Games,Puerto Rico,21818,Argentina,4819,0,6,W,Puerto Rico,away,False,Argentina,,,,,,,,,,,,,,,,,"0,0",,,,,,,,,,,,,,,,,,,,,,,,"0,0","37,0","0,0"
14787861,home,4-3-3,920736,Isaac Angking,I. Angking,M,,True,Puerto Rico,"6,5","61,0",0,0,0,0,0,"21,0","22,0","95,5",,,"3,0",0,0,,,2025-10-15 00:00:00,Int. Friendly Games,Puerto Rico,21818,Argentina,4819,0,6,W,Puerto Rico,away,False,Argentina,,,,,,,,,,,,,,,,,"0,0",,,,,,,,,,,,,,,,,,,,,,,,"0,0","31,0","0,0"
14787861,home,4-3-3,1382113,Beto Ydrach,B. Ydrach,D,"16,0",True,Puerto Rico,"6,4","90,0",0,0,0,0,0,"44,0","49,0","89,8","1,0",,,0,0,,,2025-10-15 00:00:00,Int. Friendly Games,Puerto Rico,21818,Argentina,4819,0,6,W,Puerto Rico,away,False,Argentina,,,,,,,,,,,,,,,,,"0,0",,,,,,,,,,,,,,,,,,,,,,,,"0,0","44,0","0,0"
14787861,home,4-3-3,1214908,Jeremy de León,J. d. León,M,"17,0",True,Puerto Rico,"6,1","61,0",0,0,0,0,1,"23,0","29,0","79,3","2,0",,,0,0,,,2025-10-15 00:00:00,Int. Friendly Games,Puerto Rico,21818,Argentina,4819,0,6,W,Puerto Rico,away,False,Argentina,,,,,,,,,,,,,,,,,"0,0",,,,,,,,,,,,,,,,,,,,,,,,"0,0","33,9","0,0"
14787861,home,4-3-3,1046130,Wilfredo Rivera,W. Rivera,F,"23,0",True,Puerto Rico,"6,8","82,0",0,0,1,1,0,"12,0","13,0","92,3","6,0",,"1,0",0,0,,,2025-10-15 00:00:00,Int. Friendly Games,Puerto Rico,21818,Argentina,4819,0,6,W,Puerto Rico,away,False,Argentina,,,,,,,,,,,,,,,,,"2,0",,,,,,,,,,,,,,,,,,,,,,"41,0","82,0","0,0","13,2","0,0"
14787861,home,4-3-3,1158547,Leandro Antonetti,L. Antonetti,F,"7,0",True,Puerto Rico,"6,8","90,0",0,0,2,0,0,"8,0","13,0","61,5","4,0",,"2,0",0,0,,,2025-10-15 00:00:00,Int. Friendly Games,Puerto Rico,21818,Argentina,4819,0,6,W,Puerto Rico,away,False,Argentina,,,,,,,,,,,,,,,,,"2,0",,,,,,,,,,,,,,,,,,,,,,"45,0","45,0","0,0","8,0","0,0"
14787861,home,4-3-3,1049288,Ricardo Rivera,R. Rivera,F,"20,0",True,Puerto Rico,"6,4","73,0",0,0,0,0,1,"4,0","8,0","50,0","2,0",,"2,0",0,0,,,2025-10-15 00:00:00,Int. Friendly Games,Puerto Rico,21818,Argentina,4819,0,6,W,Puerto Rico,away,False,Argentina,,,,,,,,,,,,,,,,,"0,0",,,,,,,,,,,,,,,,,,,,,,,,"0,0","4,9","0,0"
14787861,home,4-3-3,1099324,Juan O'Neill,J. O'Neill,M,"23,0",False,Puerto Rico,"6,3","29,0",0,0,0,0,0,"12,0","15,0","80,0","1,0",,"1,0",0,0,,,2025-10-15 00:00:00,Int. Friendly Games,Puerto Rico,21818,Argentina,4819,0,6,W,Puerto Rico,away,False,Argentina,,,,,,,,,,,,,,,,,"0,0",,,,,,,,,,,,,,,,,,,,,,,,"0,0","37,2","0,0"
14787861,home,4-3-3,1501060,Noeh Hernández,N. Hernández,F,,False,Puerto Rico,"6,2","29,0",0,0,0,0,0,"2,0","4,0","50,0",,,,0,0,,,2025-10-15 00:00:00,Int. Friendly Games,Puerto Rico,21818,Argentina,4819,0,6,W,Puerto Rico,away,False,Argentina,,,,,,,,,,,,,,,,,"0,0",,,,,,,,,,,,,,,,,,,,,,,,"0,0","6,2","0,0"
14787861,home,4-3-3,965485,Gerald Díaz,G. Díaz,M,"16,0",False,Puerto Rico,"6,6","17,0",0,0,0,0,0,"2,0","3,0","66,7","2,0",,,0,0,,,2025-10-15 00:00:00,Int. Friendly Games,Puerto Rico,21818,Argentina,4819,0,6,W,Puerto Rico,away,False,Argentina,,,,,,,,,,,,,,,,,"0,0",,,,,,,,,,,,,,,,,,,,,,,,"0,0","10,6","0,0"
14787861,home,4-3-3,1099310,Darren Ríos,D. Ríos,F,,False,Puerto Rico,"6,5","17,0",0,0,0,0,0,"6,0","7,0","85,7",,,"1,0",0,0,,,2025-10-15 00:00:00,Int. Friendly Games,Puerto Rico,21818,Argentina,4819,0,6,W,Puerto Rico,away,False,Argentina,,,,,,,,,,,,,,,,,"0,0",,,,,,,,,,,,,,,,,,,,,,,,"0,0","31,8","0,0"
14787861,home,4-3-3,1049284,Rodolfo Sulia,R. Sulia,D,"40,0",False,Puerto Rico,"6,2","8,0",0,0,0,0,0,"5,0","6,0","83,3",,,,0,0,,,2025-10-15 00:00:00,Int. Friendly Games,Puerto Rico,21818,Argentina,4819,0,6,W,Puerto Rico,away,False,Argentina,,,,,,,,,,,,,,,,,"0,0",,,,,,,,,,,,,,,,,,,,,,,,"0,0","56,2","0,0"
14787861,home,4-3-3,1382115,Diego Rossi,D. Rossi,D,"2,0",False,Puerto Rico,"6,2","8,0",0,0,0,0,0,"4,0","6,0","66,7",,,,0,0,,,2025-10-15 00:00:00,Int. Friendly Games,Puerto Rico,21818,Argentina,4819,0,6,W,Puerto Rico,away,False,Argentina,,,,,,,,,,,,,,,,,"0,0",,,,,,,,,,,,,,,,,,,,,,,,"0,0","45,0","0,0"
14787861,home,4-3-3,1110239,Joel Serrano,J. Serrano,G,"1,0",False,Puerto Rico,,,0,0,0,0,0,,,,,,,0,0,,,2025-10-15 00:00:00,Int. Friendly Games,Puerto Rico,21818,Argentina,4819,0,6,W,Puerto Rico,away,False,Argentina,,,,,,,,,,,,,,,,,"0,0",,,,,,,,,,,,,,,,,,,,,,,,,,
14787861,home,4-3-3,1807948,Nicolas Aristizabal,N. Aristizabal,G,"31,0",False,Puerto Rico,,,0,0,0,0,0,,,,,,,0,0,,,2025-10-15 00:00:00,Int. Friendly Games,Puerto Rico,21818,Argentina,4819,0,6,W,Puerto Rico,away,False,Argentina,,,,,,,,,,,,,,,,,"0,0",,,,,,,,,,,,,,,,,,,,,,,,,,
14787861,home,4-3-3,2229795,David Marrero,D. Marrero,D,"8,0",False,Puerto Rico,,,0,0,0,0,0,,,,,,,0,0,,,2025-10-15 00:00:00,Int. Friendly Games,Puerto Rico,21818,Argentina,4819,0,6,W,Puerto Rico,away,False,Argentina,,,,,,,,,,,,,,,,,"0,0",,,,,,,,,,,,,,,,,,,,,,,,,,
14787861,home,4-3-3,1868537,Ignacio Antonetti,I. Antonetti,M,"14,0",False,Puerto Rico,,,0,0,0,0,0,,,,,,,0,0,,,2025-10-15 00:00:00,Int. Friendly Games,Puerto Rico,21818,Argentina,4819,0,6,W,Puerto Rico,away,False,Argentina,,,,,,,,,,,,,,,,,"0,0",,,,,,,,,,,,,,,,,,,,,,,,,,
14787861,home,4-3-3,1868456,Adrián Biaggi,A. Biaggi,M,,False,Puerto Rico,,,0,0,0,0,0,,,,,,,0,0,,,2025-10-15 00:00:00,Int. Friendly Games,Puerto Rico,21818,Argentina,4819,0,6,W,Puerto Rico,away,False,Argentina,,,,,,,,,,,,,,,,,"0,0",,,,,,,,,,,,,,,,,,,,,,,,,,
14787861,away,4-4-2,158263,Emiliano Martínez,E. Martínez,G,"23,0",True,Argentina,"7,1","76,0",0,0,0,0,0,"8,0","8,0","100,0",,,,0,0,,,2025-10-15 00:00:00,Int. Friendly Games,Puerto Rico,21818,Argentina,4819,0,6,W,Puerto Rico,away,True,Argentina,,,,,,,,,"2,0","2,0",,,,"5,0",,,"0,0",,,,"13,0",,,,,,"0,0",,,,,"3,0",,,,,,,,,"0,0","9,5","5,9"
14787861,away,4-4-2,822933,Gonzalo Montiel,G. Montiel,D,"29,0",True,Argentina,"7,9","61,0",1,0,1,0,1,"39,0","41,0","95,1","1,0","3,0","1,0",0,0,,,2025-10-15 00:00:00,Int. Friendly Games,Puerto Rico,21818,Argentina,4819,0,6,W,Puerto Rico,away,True,Argentina,"2,0","33,3",,"1,0","1,0","0,0","1,0","1,0",,,"2,0","37,0","35,0","1,0",,"4,0","1,0",,,,"48,0",,,,,,"0,0",,"1,0",,,,,,,,,,"61,0","61,0","1,48","57,5","1,5"
14787861,away,4-4-2,928236,Leonardo Balerdi,L. Balerdi,D,"5,0",True,Argentina,"7,1","90,0",0,0,0,0,0,"46,0","48,0","95,8","1,0","4,0","2,0",0,0,,,2025-10-15 00:00:00,Int. Friendly Games,Puerto Rico,21818,Argentina,4819,0,6,W,Puerto Rico,away,True,Argentina,"3,0","25,0",,,,,,,,,,"27,0","26,0","6,0","2,0","2,0","0,0",,,,"53,0",,,"1,0","1,0",,"0,0",,"2,0",,,,,,,,,,,,"0,0","46,0","6,0"
14787861,away,4-4-2,74915,Nicolás Otamendi,N. Otamendi,D,"30,0",True,Argentina,"6,7","45,0",0,0,0,0,0,"20,0","20,0","100,0","3,0","3,0",,0,0,,,2025-10-15 00:00:00,Int. Friendly Games,Puerto Rico,21818,Argentina,4819,0,6,W,Puerto Rico,away,True,Argentina,,"100,0","2,0",,"2,0","100,0",,,,,,"8,0","8,0","2,0","1,0",,"0,0",,,,"23,0",,,,,,"0,0",,,"1,0",,,,,,,,,,,"0,0","40,0","4,0"
14787861,away,4-4-2,901325,Nicolás González,N. González,M,"23,0",True,Argentina,"9,2","90,0",0,2,0,1,5,"54,0","57,0","94,7","4,0","8,0","2,0",0,0,,,2025-10-15 00:00:00,Int. Friendly Games,Puerto Rico,21818,Argentina,4819,0,6,W,Puerto Rico,away,True,Argentina,"4,0","50,0","1,0",,"1,0","100,0","3,0","2,0",,,,"42,0","39,0","5,0","1,0","4,0","2,0",,"2,0",,"75,0","1,0",,,,,"0,0",,"1,0",,,,,,,,,,"45,0",,"2,0","54,0","5,0"
14787861,away,4-4-2,1099352,Giuliano Simeone,G. Simeone,M,"20,0",True,Argentina,"6,9","58,0",0,0,0,0,1,"27,0","30,0","90,0","2,0","6,0","1,0",0,0,,,2025-10-15 00:00:00,Int. Friendly Games,Puerto Rico,21818,Argentina,4819,0,6,W,Puerto Rico,away,True,Argentina,"4,0","33,3","1,0",,"1,0","100,0","1,0","1,0",,,"1,0","26,0","23,0","1,0",,"7,0","0,0",,,,"39,0","2,0",,"1,0",,,"0,0",,"3,0",,,,,,,,,,,,"0,0","41,9","1,6"
14787861,away,4-4-2,249399,Rodrigo De Paul,R. De Paul,M,"7,0",True,Argentina,"8,6","90,0",0,0,0,0,4,"136,0","150,0","90,7","6,0","10,0",,0,0,,,2025-10-15 00:00:00,Int. Friendly Games,Puerto Rico,21818,Argentina,4819,0,6,W,Puerto Rico,away,True,Argentina,"4,0","60,0",,,,,"3,0","3,0","5,0","2,0",,"128,0","114,0","5,0",,"17,0","0,0",,"1,0",,"160,0","1,0",,"4,0","2,0",,"0,0",,"1,0","1,0",,,,,,,,,,,"0,0","136,0","5,0"
14787861,away,4-4-2,798835,Giovani Lo Celso,G. Lo Celso,M,"20,0",True,Argentina,"7,6","45,0",0,0,0,1,2,"69,0","73,0","94,5","2,0","2,0",,0,0,,,2025-10-15 00:00:00,Int. Friendly Games,Puerto Rico,21818,Argentina,4819,0,6,W,Puerto Rico,away,True,Argentina,,"100,0",,,,,"2,0","1,0","1,0","1,0",,"64,0","61,0","2,0",,"6,0","1,0",,,,"79,0","1,0",,,,,"0,0",,,,,,,,,,,,"45,0",,"0,0","138,0","4,0"
14787861,away,4-4-2,895324,Alexis Mac Allister,A. Mac Allister,M,"10,0",True,Argentina,"9,2","90,0",2,0,3,2,1,"56,0","64,0","87,5",,"1,0",,0,0,,,2025-10-15 00:00:00,Int. Friendly Games,Puerto Rico,21818,Argentina,4819,0,6,W,Puerto Rico,away,True,Argentina,"1,0","0,0",,,,,,,"1,0",,,"53,0","45,0","11,0",,"11,0","5,0",,,,"72,0","1,0",,"1,0",,,"0,0",,,,,,,,,,,,"18,0","30,0","2,0","56,0","11,0"
14787861,away,4-4-2,12994,Lionel Messi,L. Messi,F,"10,0",True,Argentina,"9,1","90,0",0,2,2,2,6,"75,0","91,0","82,4","2,0","5,0",,0,0,,,2025-10-15 00:00:00,Int. Friendly Games,Puerto Rico,21818,Argentina,4819,0,6,W,Puerto Rico,away,True,Argentina,"3,0","40,0",,,,,,,"3,0","1,0","3,0","87,0","71,0","1,0",,"23,0","8,0","1,0","1,0","1,0","111,0","1,0","2,0","2,0","1,0",,"0,0",,,"1,0","2,0",,,,,,,,"11,2","45,0","2,0","75,0","1,0"
14787861,away,4-4-2,1094179,José Manuel López,J. López,F,"42,0",True,Argentina,"7,7","61,0",0,1,2,1,2,"14,0","16,0","87,5","2,0","3,0",,0,0,,,2025-10-15 00:00:00,Int. Friendly Games,Puerto Rico,21818,Argentina,4819,0,6,W,Puerto Rico,away,True,Argentina,"1,0","66,7",,,,,"1,0","1,0","1,0","1,0",,"16,0","14,0",,,"3,0","3,0",,,,"25,0","1,0",,"1,0","1,0",,"0,0",,"1,0",,,,,,,,,,"20,3","30,5","1,48","20,7","0,0"
14787861,away,4-4-2,1835781,Lautaro Rivero,L. Rivero,D,"13,0",False,Argentina,"6,8","45,0",0,0,0,0,0,"20,0","22,0","90,9","2,0","4,0",,0,0,,,2025-10-15 00:00:00,Int. Friendly Games,Puerto Rico,21818,Argentina,4819,0,6,W,Puerto Rico,away,True,Argentina,"2,0","50,0","1,0",,"1,0","100,0","1,0","1,0","1,0",,,"13,0","11,0","3,0",,"2,0","0,0",,,,"25,0",,,,,,"0,0",,"1,0",,,,,,,,,,,,"0,0","40,0","6,0"
14787861,away,4-4-2,977677,Aníbal Moreno,A. Moreno,M,"6,0",False,Argentina,"7,2","45,0",0,0,0,0,0,"64,0","66,0","97,0","2,0","3,0","1,0",0,0,,,2025-10-15 00:00:00,Int. Friendly Games,Puerto Rico,21818,Argentina,4819,0,6,W,Puerto Rico,away,True,Argentina,"1,0","66,7","1,0",,"1,0","100,0","1,0","1,0","4,0","4,0",,"57,0","55,0","2,0",,"2,0","1,0",,,,"69,0",,,,,,"0,0",,"1,0",,,,,,,,,,"45,0",,"0,0","128,0","4,0"
14787861,away,4-4-2,1171451,Nico Paz,N. Paz,M,"10,0",False,Argentina,"7,0","32,0",0,0,1,0,0,"21,0","24,0","87,5","3,0","4,0",,0,0,,,2025-10-15 00:00:00,Int. Friendly Games,Puerto Rico,21818,Argentina,4819,0,6,W,Puerto Rico,away,True,Argentina,"1,0","75,0",,,,,"1,0",,,,,"22,0","19,0","3,0",,"5,0","1,0",,,,"32,0","1,0","1,0","2,0","2,0",,"0,0",,,,,,,,,,,,"32,0","32,0","0,0","59,1","8,4"
14787861,away,4-4-2,831799,Nahuel Molina,N. Molina,D,"16,0",False,Argentina,"6,9","29,0",0,0,0,0,2,"17,0","17,0","100,0",,,,0,0,,,2025-10-15 00:00:00,Int. Friendly Games,Puerto Rico,21818,Argentina,4819,0,6,W,Puerto Rico,away,True,Argentina,,,,,,,,,"1,0","1,0","1,0","10,0","10,0","1,0",,,"0,0",,,,"21,0",,,,,,"0,0",,,,,,,,,,,,,,"0,0","52,8","3,1"
14787861,away,4-4-2,823984,Lautaro Martínez,L. Martínez,F,"10,0",False,Argentina,"8,5","29,0",2,0,2,1,0,"5,0","5,0","100,0","2,0","5,0",,0,0,,,2025-10-15 00:00:00,Int. Friendly Games,Puerto Rico,21818,Argentina,4819,0,6,W,Puerto Rico,away,True,Argentina,"3,0","40,0",,,,,,,,,,"5,0","5,0",,,"2,0","3,0",,,,"12,0",,"2,0","1,0","1,0",,"0,0",,"1,0","1,0","1,0",,,,,,,,"9,7","14,5","6,21","15,5","0,0"
14787861,away,4-4-2,836159,Facundo Cambeses,F. Cambeses,G,"25,0",False,Argentina,"6,3","14,0",0,0,0,0,0,,,,,"1,0",,0,0,,,2025-10-15 00:00:00,Int. Friendly Games,Puerto Rico,21818,Argentina,4819,0,6,W,Puerto Rico,away,True,Argentina,"1,0","0,0",,,,,,,,,,,,,,"1,0","0,0",,,,"1,0",,,"1,0",,,"0,0",,,,,,,,,,,,,,"0,0","0,0","0,0"
14787861,away,4-4-2,128383,Gerónimo Rulli,G. Rulli,G,"1,0",False,Argentina,,,0,0,0,0,0,,,,,,,0,0,,,2025-10-15 00:00:00,Int. Friendly Games,Puerto Rico,21818,Argentina,4819,0,6,W,Puerto Rico,away,True,Argentina,,,,,,,,,,,,,,,,,"0,0",,,,,,,,,,,,,,,,,,,,,,,,,,
14787861,away,4-4-2,829932,Cristian Romero,C. Romero,D,"17,0",False,Argentina,,,0,0,0,0,0,,,,,,,0,0,,,2025-10-15 00:00:00,Int. Friendly Games,Puerto Rico,21818,Argentina,4819,0,6,W,Puerto Rico,away,True,Argentina,,,,,,,,,,,,,,,,,"0,0",,,,,,,,,,,,,,,,,,,,,,,,,,
14787861,away,4-4-2,830659,Marcos Senesi,M. Senesi,D,"5,0",False,Argentina,,,0,0,0,0,0,,,,,,,0,0,,,2025-10-15 00:00:00,Int. Friendly Games,Puerto Rico,21818,Argentina,4819,0,6,W,Puerto Rico,away,True,Argentina,,,,,,,,,,,,,,,,,"0,0",,,,,,,,,,,,,,,,,,,,,,,,,,
14787861,away,4-4-2,158243,Nicolás Tagliafico,N. Tagliafico,D,"3,0",False,Argentina,,,0,0,0,0,0,,,,,,,0,0,,,2025-10-15 00:00:00,Int. Friendly Games,Puerto Rico,21818,Argentina,4819,0,6,W,Puerto Rico,away,True,Argentina,,,,,,,,,,,,,,,,,"0,0",,,,,,,,,,,,,,,,,,,,,,,,,,
14787861,away,4-4-2,255389,Leandro Paredes,L. Paredes,M,"5,0",False,Argentina,,,0,0,0,0,0,,,,,,,0,0,,,2025-10-15 00:00:00,Int. Friendly Games,Puerto Rico,21818,Argentina,4819,0,6,W,Puerto Rico,away,True,Argentina,,,,,,,,,,,,,,,,,"0,0",,,,,,,,,,,,,,,,,,,,,,,,,,
14787861,away,4-4-2,944656,Julián Alvarez,J. Álvarez,F,"19,0",False,Argentina,,,0,0,0,0,0,,,,,,,0,0,,,2025-10-15 00:00:00,Int. Friendly Games,Puerto Rico,21818,Argentina,4819,0,6,W,Puerto Rico,away,True,Argentina,,,,,,,,,,,,,,,,,"0,0",,,,,,,,,,,,,,,,,,,,,,,,,,
14787863,home,4-2-2-2,158263,Emiliano Martínez,E. Martínez,G,"23,0",True,Argentina,"7,1","90,0",0,0,0,0,0,"22,0","24,0","91,7",,,,0,0,,,2025-10-11 00:00:00,Int. Friendly Games,Argentina,4819,Venezuela,4722,1,0,W,Venezuela,home,True,Argentina,,,,,,,,,"4,0","2,0",,"3,0","2,0","3,0",,"2,0","0,0",,,,"26,0",,,,,,"0,0",,,,,"1,0",,,,,,,,,"0,0","22,0","3,0"
14787863,home,4-2-2-2,831799,Nahuel Molina,N. Molina,D,"16,0",True,Argentina,"7,3","78,0",0,0,0,0,1,"52,0","54,0","96,3","3,0","6,0","1,0",0,0,,,2025-10-11 00:00:00,Int. Friendly Games,Argentina,4819,Venezuela,4722,1,0,W,Venezuela,home,True,Argentina,"3,0","50,0",,,,,"2,0","1,0","3,0","3,0","2,0","32,0","30,0","5,0","2,0","4,0","0,0",,"1,0",,"69,0","1,0",,,,,"0,0",,"1,0","1,0",,,,,,,,,,,"0,0","60,0","5,8"
14787863,home,4-2-2-2,829932,Cristian Romero,C. Romero,D,"17,0",True,Argentina,"7,1","90,0",0,0,0,0,0,"82,0","84,0","97,6",,"5,0","2,0",0,0,,,2025-10-11 00:00:00,Int. Friendly Games,Argentina,4819,Venezuela,4722,1,0,W,Venezuela,home,True,Argentina,"5,0","0,0",,"3,0","3,0","0,0",,,"1,0","1,0",,"27,0","26,0","8,0","1,0","2,0","0,0",,,,"89,0",,,,,,"0,0",,"2,0",,,,,,,,,,,,"0,0","82,0","8,0"
14787863,home,4-2-2-2,830659,Marcos Senesi,M. Senesi,D,"5,0",True,Argentina,"6,9","90,0",0,0,0,1,1,"95,0","100,0","95,0","2,0","9,0","1,0",0,0,,,2025-10-11 00:00:00,Int. Friendly Games,Argentina,4819,Venezuela,4722,1,0,W,Venezuela,home,True,Argentina,"7,0","22,2",,"1,0","1,0","0,0","2,0","1,0","7,0","6,0",,"33,0","28,0","3,0",,"7,0","1,0","1,0",,,"107,0",,,"1,0",,,"0,0",,"1,0",,,,,,,,,,"90,0",,"0,0","95,0","3,0"
14787863,home,4-2-2-2,158243,Nicolás Tagliafico,N. Tagliafico,D,"3,0",True,Argentina,"6,8","45,0",0,0,0,0,0,"34,0","40,0","85,0",,"2,0","1,0",0,0,,,2025-10-11 00:00:00,Int. Friendly Games,Argentina,4819,Venezuela,4722,1,0,W,Venezuela,home,True,Argentina,"2,0","0,0",,"2,0","2,0","0,0",,,"4,0","3,0","1,0","23,0","18,0","1,0",,"8,0","0,0",,,,"49,0",,,,,,"0,0",,,,,,,,,,,,,,"0,0","68,0","2,0"
14787863,home,4-2-2-2,974505,Enzo Fernández,E. Fernández,M,"8,0",True,Argentina,"7,7","78,0",0,0,0,0,1,"102,0","112,0","91,1","3,0","5,0",,0,0,,,2025-10-11 00:00:00,Int. Friendly Games,Argentina,4819,Venezuela,4722,1,0,W,Venezuela,home,True,Argentina,"2,0","60,0",,,,,,,"7,0","5,0","3,0","72,0","62,0","2,0","1,0","16,0","0,0",,,,"124,0","2,0","1,0","1,0","1,0",,"0,0",,"1,0","2,0",,,,,,,,,,,"0,0","117,7","2,3"
14787863,home,4-2-2-2,255389,Leandro Paredes,L. Paredes,M,"5,0",True,Argentina,"7,2","63,0",0,0,0,0,0,"68,0","74,0","91,9","4,0","6,0","1,0",0,0,,,2025-10-11 00:00:00,Int. Friendly Games,Argentina,4819,Venezuela,4722,1,0,W,Venezuela,home,True,Argentina,"2,0","66,7",,,,,"4,0","1,0","5,0","5,0",,"40,0","34,0","1,0","1,0","6,0","0,0",,,,"80,0",,,,,,"0,0",,"2,0",,,,,,,,,,,,"0,0","97,1","1,4"
14787863,home,4-2-2-2,1171451,Nico Paz,N. Paz,M,"10,0",True,Argentina,"7,8","90,0",0,0,2,0,0,"50,0","54,0","92,6","10,0","11,0","1,0",0,0,,,2025-10-11 00:00:00,Int. Friendly Games,Argentina,4819,Venezuela,4722,1,0,W,Venezuela,home,True,Argentina,"1,0","90,9",,"1,0","1,0","0,0","4,0","2,0","2,0","1,0","1,0","44,0","40,0","2,0",,"8,0","3,0","1,0",,"1,0","73,0","2,0",,"4,0","4,0",,"0,0",,,"2,0",,,,,,,,,"30,0","45,0","0,0","50,0","2,0"
14787863,home,4-2-2-2,798835,Giovani Lo Celso,G. Lo Celso,M,"20,0",True,Argentina,"8,0","90,0",1,0,2,0,0,"49,0","51,0","96,1","6,0","11,0",,0,0,,,2025-10-11 00:00:00,Int. Friendly Games,Argentina,4819,Venezuela,4722,1,0,W,Venezuela,home,True,Argentina,"5,0","54,5",,,,,"5,0","5,0","3,0","3,0","1,0","32,0","30,0","2,0",,"8,0","2,0",,,,"71,0","2,0","2,0","2,0","1,0",,"0,0",,"1,0",,"2,0",,,,,,,,"45,0","45,0","1,0","49,0","2,0"
14787863,home,4-2-2-2,944656,Julián Alvarez,J. Álvarez,F,"19,0",True,Argentina,"7,1","78,0",0,0,1,0,3,"19,0","22,0","86,4","2,0","7,0",,0,0,,,2025-10-11 00:00:00,Int. Friendly Games,Argentina,4819,Venezuela,4722,1,0,W,Venezuela,home,True,Argentina,"5,0","28,6",,,,,"1,0",,,,"5,0","18,0","15,0",,,"12,0","2,0",,"1,0",,"38,0","2,0","1,0","2,0",,,"0,0",,"1,0","1,0",,,,,,,,,"39,0","78,0","0,0","21,9","0,0"
14787863,home,4-2-2-2,823984,Lautaro Martínez,L. Martínez,F,"10,0",True,Argentina,"6,4","90,0",0,1,5,2,1,"21,0","26,0","80,8","6,0","9,0","1,0",0,0,,,2025-10-11 00:00:00,Int. Friendly Games,Argentina,4819,Venezuela,4722,1,0,W,Venezuela,home,True,Argentina,"3,0","66,7",,,,,,,"1,0","1,0","1,0","20,0","15,0","6,0",,"9,0","9,0","5,0",,,"52,0",,,"6,0","3,0",,"0,0",,,"3,0","2,0",,,,,,,,"10,0","18,0","1,0","21,0","6,0"
14787863,home,4-2-2-2,901325,Nicolás González,N. González,M,"23,0",False,Argentina,"7,4","45,0",0,0,0,0,2,"19,0","21,0","90,5","6,0","7,0",,0,0,,,2025-10-11 00:00:00,Int. Friendly Games,Argentina,4819,Venezuela,4722,1,0,W,Venezuela,home,True,Argentina,"1,0","85,7","1,0",,"1,0","100,0","1,0","1,0",,,"1,0","13,0","11,0","1,0",,"2,0","0,0",,"1,0",,"31,0",,,"1,0","1,0",,"0,0",,"1,0","3,0",,,,,,,,,,,"0,0","38,0","2,0"
14787863,home,4-2-2-2,1099352,Giuliano Simeone,G. Simeone,M,"20,0",False,Argentina,"6,8","27,0",0,0,0,0,3,"17,0","19,0","89,5",,"2,0",,0,0,,,2025-10-11 00:00:00,Int. Friendly Games,Argentina,4819,Venezuela,4722,1,0,W,Venezuela,home,True,Argentina,"2,0","0,0",,,,,,,"1,0","1,0",,"14,0","12,0","1,0",,"4,0","0,0","1,0","2,0",,"22,0","1,0",,"1,0",,,"0,0",,,,,,,,,,,,,,"0,0","56,7","3,3"
14787863,home,4-2-2-2,928236,Leonardo Balerdi,L. Balerdi,D,"5,0",False,Argentina,"6,5","12,0",0,0,0,1,0,"10,0","10,0","100,0","1,0","1,0",,0,0,,,2025-10-11 00:00:00,Int. Friendly Games,Argentina,4819,Venezuela,4722,1,0,W,Venezuela,home,True,Argentina,,"100,0",,,,,"1,0",,"2,0","2,0",,"3,0","3,0",,,,"1,0","1,0",,,"12,0",,,,,,"0,0",,,,,,,,,,,,"12,0",,"0,0","75,0","0,0"
14787863,home,4-2-2-2,249399,Rodrigo De Paul,R. De Paul,M,"7,0",False,Argentina,"7,4","12,0",0,0,0,0,2,"17,0","22,0","77,3",,,,0,0,,,2025-10-11 00:00:00,Int. Friendly Games,Argentina,4819,Venezuela,4722,1,0,W,Venezuela,home,True,Argentina,,,,,,,,,"3,0","1,0","2,0","19,0","14,0","1,0",,"5,0","0,0",,"1,0",,"24,0",,,,,,"0,0",,,,,,,,,,,,,,"0,0","127,5","7,5"
14787863,home,4-2-2-2,895324,Alexis Mac Allister,A. Mac Allister,M,"10,0",False,Argentina,"6,6","12,0",0,0,1,0,0,"11,0","12,0","91,7",,"2,0",,0,0,,,2025-10-11 00:00:00,Int. Friendly Games,Argentina,4819,Venezuela,4722,1,0,W,Venezuela,home,True,Argentina,"2,0","0,0",,"1,0","1,0","0,0",,,"1,0","1,0",,"8,0","7,0","1,0",,"2,0","1,0",,,,"14,0",,,"1,0",,,"0,0",,,,,,,,,,,,"12,0","12,0","0,0","82,5","7,5"
14787863,home,4-2-2-2,249859,Walter Benítez,W. Benítez,G,"44,0",False,Argentina,,,0,0,0,0,0,,,,,,,0,0,,,2025-10-11 00:00:00,Int. Friendly Games,Argentina,4819,Venezuela,4722,1,0,W,Venezuela,home,True,Argentina,,,,,,,,,,,,,,,,,"0,0",,,,,,,,,,,,,,,,,,,,,,,,,,
14787863,home,4-2-2-2,128383,Gerónimo Rulli,G. Rulli,G,"1,0",False,Argentina,,,0,0,0,0,0,,,,,,,0,0,,,2025-10-11 00:00:00,Int. Friendly Games,Argentina,4819,Venezuela,4722,1,0,W,Venezuela,home,True,Argentina,,,,,,,,,,,,,,,,,"0,0",,,,,,,,,,,,,,,,,,,,,,,,,,
14787863,home,4-2-2-2,822933,Gonzalo Montiel,G. Montiel,D,"29,0",False,Argentina,,,0,0,0,0,0,,,,,,,0,0,,,2025-10-11 00:00:00,Int. Friendly Games,Argentina,4819,Venezuela,4722,1,0,W,Venezuela,home,True,Argentina,,,,,,,,,,,,,,,,,"0,0",,,,,,,,,,,,,,,,,,,,,,,,,,
14787863,home,4-2-2-2,74915,Nicolás Otamendi,N. Otamendi,D,"30,0",False,Argentina,,,0,0,0,0,0,,,,,,,0,0,,,2025-10-11 00:00:00,Int. Friendly Games,Argentina,4819,Venezuela,4722,1,0,W,Venezuela,home,True,Argentina,,,,,,,,,,,,,,,,,"0,0",,,,,,,,,,,,,,,,,,,,,,,,,,
14787863,home,4-2-2-2,1835781,Lautaro Rivero,L. Rivero,D,"13,0",False,Argentina,,,0,0,0,0,0,,,,,,,0,0,,,2025-10-11 00:00:00,Int. Friendly Games,Argentina,4819,Venezuela,4722,1,0,W,Venezuela,home,True,Argentina,,,,,,,,,,,,,,,,,"0,0",,,,,,,,,,,,,,,,,,,,,,,,,,
14787863,home,4-2-2-2,977677,Aníbal Moreno,A. Moreno,M,"6,0",False,Argentina,,,0,0,0,0,0,,,,,,,0,0,,,2025-10-11 00:00:00,Int. Friendly Games,Argentina,4819,Venezuela,4722,1,0,W,Venezuela,home,True,Argentina,,,,,,,,,,,,,,,,,"0,0",,,,,,,,,,,,,,,,,,,,,,,,,,
14787863,home,4-2-2-2,1094179,José Manuel López,J. López,F,"42,0",False,Argentina,,,0,0,0,0,0,,,,,,,0,0,,,2025-10-11 00:00:00,Int. Friendly Games,Argentina,4819,Venezuela,4722,1,0,W,Venezuela,home,True,Argentina,,,,,,,,,,,,,,,,,"0,0",,,,,,,,,,,,,,,,,,,,,,,,,,
14787863,away,4-4-2,789993,José Contreras,J. Contreras,G,"1,0",True,Venezuela,"9,2","90,0",0,0,0,0,0,"23,0","32,0","71,9",,,,0,0,,,2025-10-11 00:00:00,Int. Friendly Games,Argentina,4819,Venezuela,4722,1,0,W,Venezuela,home,False,Argentina,,,,,,,,,,,,,,,,,"0,0",,,,,,,,,,,,,,,,,,,,,,,,"0,0","23,0","0,0"
14787863,away,4-4-2,1116388,Jon Aramburu,J. Aramburu,D,"2,0",True,Venezuela,"6,3","78,0",0,0,0,0,0,"23,0","31,0","74,2","2,0",,"1,0",0,0,,,2025-10-11 00:00:00,Int. Friendly Games,Argentina,4819,Venezuela,4722,1,0,W,Venezuela,home,False,Argentina,,,,,,,,,,,,,,,,,"0,0",,,,,,,,,,,,,,,,,,,,,,,,"0,0","26,5","0,0"
14787863,away,4-4-2,881215,Nahuel Ferraresi,N. Ferraresi,D,"5,0",True,Venezuela,"7,0","90,0",0,0,0,0,0,"38,0","40,0","95,0","4,0",,"1,0",0,0,,,2025-10-11 00:00:00,Int. Friendly Games,Argentina,4819,Venezuela,4722,1,0,W,Venezuela,home,False,Argentina,,,,,,,,,,,,,,,,,"0,0",,,,,,,,,,,,,,,,,,,,,,,,"0,0","38,0","0,0"
14787863,away,4-4-2,966299,Teo Quintero,T. Q. León,D,"4,0",True,Venezuela,"7,0","90,0",0,0,0,1,0,"27,0","29,0","93,1","3,0",,"3,0",0,0,,,2025-10-11 00:00:00,Int. Friendly Games,Argentina,4819,Venezuela,4722,1,0,W,Venezuela,home,False,Argentina,,,,,,,,,,,,,,,,,"1,0",,,,,,,,,,,,,,,,,,,,,,"90,0",,"0,0","27,0","0,0"
14787863,away,4-4-2,1154853,Alessandro Milani,A. Milani,D,"78,0",True,Venezuela,"6,8","90,0",0,0,0,0,0,"16,0","19,0","84,2","2,0",,"2,0",0,0,,,2025-10-11 00:00:00,Int. Friendly Games,Argentina,4819,Venezuela,4722,1,0,W,Venezuela,home,False,Argentina,,,,,,,,,,,,,,,,,"0,0",,,,,,,,,,,,,,,,,,,,,,,,"0,0","16,0","0,0"
14787863,away,4-4-2,1117065,Kervin Andrade,K. Andrade,M,"10,0",True,Venezuela,"6,5","58,0",0,0,0,0,0,"14,0","17,0","82,4","2,0",,"1,0",0,0,,,2025-10-11 00:00:00,Int. Friendly Games,Argentina,4819,Venezuela,4722,1,0,W,Venezuela,home,False,Argentina,,,,,,,,,,,,,,,,,"0,0",,,,,,,,,,,,,,,,,,,,,,,,"0,0","21,7","0,0"
14787863,away,4-4-2,1106549,Telasco Segovia,T. Segovia,M,"8,0",True,Venezuela,"6,2","83,0",0,0,0,0,0,"42,0","50,0","84,0","6,0",,"1,0",0,0,,,2025-10-11 00:00:00,Int. Friendly Games,Argentina,4819,Venezuela,4722,1,0,W,Venezuela,home,False,Argentina,,,,,,,,,,,,,,,,,"0,0",,,,,,,,,,,,,,,,,,,,,,,,"0,0","45,5","0,0"
14787863,away,4-4-2,878938,Cristian Cásseres Jr.,C. Cásseres Jr.,M,"23,0",True,Venezuela,"6,9","90,0",0,0,0,1,1,"34,0","40,0","85,0","4,0",,"1,0",0,0,,,2025-10-11 00:00:00,Int. Friendly Games,Argentina,4819,Venezuela,4722,1,0,W,Venezuela,home,False,Argentina,,,,,,,,,,,,,,,,,"1,0",,,,,,,,,,,,,,,,,,,,,,"90,0",,"0,0","34,0","0,0"
14787863,away,4-4-2,1477498,Gleiker Mendoza,G. Mendoza,M,"7,0",True,Venezuela,"6,8","90,0",0,0,0,0,1,"13,0","17,0","76,5","5,0",,"1,0",0,0,,,2025-10-11 00:00:00,Int. Friendly Games,Argentina,4819,Venezuela,4722,1,0,W,Venezuela,home,False,Argentina,,,,,,,,,,,,,,,,,"0,0",,,,,,,,,,,,,,,,,,,,,,,,"0,0","13,0","0,0"
14787863,away,4-4-2,772685,Juanpi Añor,J. Añor,M,"10,0",True,Venezuela,"7,1","78,0",0,0,1,0,0,"25,0","29,0","86,2","7,0",,,0,0,,,2025-10-11 00:00:00,Int. Friendly Games,Argentina,4819,Venezuela,4722,1,0,W,Venezuela,home,False,Argentina,,,,,,,,,,,,,,,,,"1,0",,,,,,,,,,,,,,,,,,,,,,"78,0","78,0","0,0","28,8","0,0"
14787863,away,4-4-2,929894,Alejandro Marqués,A. Marqués,F,"9,0",True,Venezuela,"6,3","58,0",0,0,0,1,1,"5,0","7,0","71,4","1,0",,"1,0",0,0,,,2025-10-11 00:00:00,Int. Friendly Games,Argentina,4819,Venezuela,4722,1,0,W,Venezuela,home,False,Argentina,,,,,,,,,,,,,,,,,"1,0",,,,,,,,,,,,,,,,,,,,,,"58,0",,"0,0","7,8","0,0"
14787863,away,4-4-2,1188972,Kevin Kelsy,K. Kelsy,F,"19,0",False,Venezuela,"6,6","32,0",0,0,0,0,0,"1,0","5,0","20,0","3,0",,,0,0,,,2025-10-11 00:00:00,Int. Friendly Games,Argentina,4819,Venezuela,4722,1,0,W,Venezuela,home,False,Argentina,,,,,,,,,,,,,,,,,"0,0",,,,,,,,,,,,,,,,,,,,,,,,"0,0","2,8","0,0"
14787863,away,4-4-2,1016029,Matías Lacava,M. Lacava,F,"36,0",False,Venezuela,"6,4","32,0",0,0,0,0,0,"3,0","4,0","75,0",,,,0,0,,,2025-10-11 00:00:00,Int. Friendly Games,Argentina,4819,Venezuela,4722,1,0,W,Venezuela,home,False,Argentina,,,,,,,,,,,,,,,,,"0,0",,,,,,,,,,,,,,,,,,,,,,,,"0,0","8,4","0,0"
14787863,away,4-4-2,881223,Ronald Hernández,R. Hernández,D,"2,0",False,Venezuela,"6,6","12,0",0,0,0,0,0,"5,0","6,0","83,3","1,0",,,0,0,,,2025-10-11 00:00:00,Int. Friendly Games,Argentina,4819,Venezuela,4722,1,0,W,Venezuela,home,False,Argentina,,,,,,,,,,,,,,,,,"0,0",,,,,,,,,,,,,,,,,,,,,,,,"0,0","37,5","0,0"
14787863,away,4-4-2,1014430,Carlos Faya,C. Faya,M,"6,0",False,Venezuela,"6,4","12,0",0,0,0,0,0,"4,0","5,0","80,0",,,,0,0,,,2025-10-11 00:00:00,Int. Friendly Games,Argentina,4819,Venezuela,4722,1,0,W,Venezuela,home,False,Argentina,,,,,,,,,,,,,,,,,"0,0",,,,,,,,,,,,,,,,,,,,,,,,"0,0","30,0","0,0"
14787863,away,4-4-2,1000446,Wikelman Carmona,W. Carmona,M,"16,0",False,Venezuela,"6,6","12,0",0,0,0,0,0,"3,0","3,0","100,0",,,"1,0",0,0,,,2025-10-11 00:00:00,Int. Friendly Games,Argentina,4819,Venezuela,4722,1,0,W,Venezuela,home,False,Argentina,,,,,,,,,,,,,,,,,"0,0",,,,,,,,,,,,,,,,,,,,,,,,"0,0","22,5","0,0"
14787863,away,4-4-2,868776,Cristopher Varela,C. Varela,G,"1,0",False,Venezuela,,,0,0,0,0,0,,,,,,,0,0,,,2025-10-11 00:00:00,Int. Friendly Games,Argentina,4819,Venezuela,4722,1,0,W,Venezuela,home,False,Argentina,,,,,,,,,,,,,,,,,"0,0",,,,,,,,,,,,,,,,,,,,,,,,,,
14787863,away,4-4-2,876415,Joel Graterol,J. Graterol,G,"1,0",False,Venezuela,,,0,0,0,0,0,,,,,,,0,0,,,2025-10-11 00:00:00,Int. Friendly Games,Argentina,4819,Venezuela,4722,1,0,W,Venezuela,home,False,Argentina,,,,,,,,,,,,,,,,,"0,0",,,,,,,,,,,,,,,,,,,,,,,,,,
14787863,away,4-4-2,1017921,Carlos Vivas,C. Vivas,D,"2,0",False,Venezuela,,,0,0,0,0,0,,,,,,,0,0,,,2025-10-11 00:00:00,Int. Friendly Games,Argentina,4819,Venezuela,4722,1,0,W,Venezuela,home,False,Argentina,,,,,,,,,,,,,,,,,"0,0",,,,,,,,,,,,,,,,,,,,,,,,,,
14787863,away,4-4-2,1499054,Luís Balbo,L. Balbo,D,"62,0",False,Venezuela,,,0,0,0,0,0,,,,,,,0,0,,,2025-10-11 00:00:00,Int. Friendly Games,Argentina,4819,Venezuela,4722,1,0,W,Venezuela,home,False,Argentina,,,,,,,,,,,,,,,,,"0,0",,,,,,,,,,,,,,,,,,,,,,,,,,
14787863,away,4-4-2,893673,Jorge Yriarte,J. Yriarte,M,"15,0",False,Venezuela,,,0,0,0,0,0,,,,,,,0,0,,,2025-10-11 00:00:00,Int. Friendly Games,Argentina,4819,Venezuela,4722,1,0,W,Venezuela,home,False,Argentina,,,,,,,,,,,,,,,,,"0,0",,,,,,,,,,,,,,,,,,,,,,,,,,
14787863,away,4-4-2,987597,Jesús Ramírez,J. Ramírez,F,"9,0",False,Venezuela,,,0,0,0,0,0,,,,,,,0,0,,,2025-10-11 00:00:00,Int. Friendly Games,Argentina,4819,Venezuela,4722,1,0,W,Venezuela,home,False,Argentina,,,,,,,,,,,,,,,,,"0,0",,,,,,,,,,,,,,,,,,,,,,,,,,
14787863,away,4-4-2,974109,Jovanny Bolívar,J. Bolívar,F,"11,0",False,Venezuela,,,0,0,0,0,0,,,,,,,0,0,,,2025-10-11 00:00:00,Int. Friendly Games,Argentina,4819,Venezuela,4722,1,0,W,Venezuela,home,False,Argentina,,,,,,,,,,,,,,,,,"0,0",,,,,,,,,,,,,,,,,,,,,,,,,,
14169218,home,4-4-1-1,588618,Hernán Galíndez,H. Galíndez,G,"1,0",True,Ecuador,"6,8","90,0",0,0,0,0,1,"18,0","24,0","75,0",,,,0,0,,,2025-09-09 23:00:00,"World Cup Qualification, CONMEBOL",Ecuador,4757,Argentina,4819,1,0,L,Ecuador,away,False,Argentina,,,,,,,,,,,,,,,,,"0,0",,,,,,,,,,,,,,,,,,,,,,,,"0,0","18,0","0,0"
14169218,home,4-4-1-1,822729,Alan Franco,A. Franco,M,"21,0",True,Ecuador,"7,0","90,0",0,0,0,0,0,"29,0","35,0","82,9","3,0",,,0,0,,,2025-09-09 23:00:00,"World Cup Qualification, CONMEBOL",Ecuador,4757,Argentina,4819,1,0,L,Ecuador,away,False,Argentina,,,,,,,,,,,,,,,,,"0,0",,,,,,,,,,,,,,,,,,,,,,,,"0,0","29,0","0,0"
14169218,home,4-4-1-1,1187275,Joel Ordóñez,J. Ordóñez,D,"4,0",True,Ecuador,"7,2","90,0",0,0,0,0,0,"62,0","66,0","93,9","4,0",,,0,0,,,2025-09-09 23:00:00,"World Cup Qualification, CONMEBOL",Ecuador,4757,Argentina,4819,1,0,L,Ecuador,away,False,Argentina,,,,,,,,,,,,,,,,,"0,0",,,,,,,,,,,,,,,,,,,,,,,,"0,0","62,0","0,0"
14169218,home,4-4-1-1,979480,Willian Pacho,W. Pacho,D,"51,0",True,Ecuador,"7,1","90,0",0,0,0,0,0,"55,0","59,0","93,2","3,0",,,0,0,,,2025-09-09 23:00:00,"World Cup Qualification, CONMEBOL",Ecuador,4757,Argentina,4819,1,0,L,Ecuador,away,False,Argentina,,,,,,,,,,,,,,,,,"0,0",,,,,,,,,,,,,,,,,,,,,,,,"0,0","55,0","0,0"
14169218,home,4-4-1-1,1002837,Piero Hincapié,P. Hincapié,D,"5,0",True,Ecuador,"7,2","90,0",0,0,0,1,0,"36,0","39,0","92,3","4,0",,"1,0",0,0,,,2025-09-09 23:00:00,"World Cup Qualification, CONMEBOL",Ecuador,4757,Argentina,4819,1,0,L,Ecuador,away,False,Argentina,,,,,,,,,,,,,,,,,"1,0",,,,,,,,,,,,,,,,,,,,,,"90,0",,"0,0","36,0","0,0"
14169218,home,4-4-1-1,881844,Ángelo Preciado,Á. Preciado,M,"23,0",True,Ecuador,"7,2","45,0",0,0,0,0,2,"9,0","11,0","81,8","1,0",,,0,0,,,2025-09-09 23:00:00,"World Cup Qualification, CONMEBOL",Ecuador,4757,Argentina,4819,1,0,L,Ecuador,away,False,Argentina,,,,,,,,,,,,,,,,,"0,0",,,,,,,,,,,,,,,,,,,,,,,,"0,0","18,0","0,0"
14169218,home,4-4-1-1,987650,Moisés Caicedo,M. Caicedo,M,"25,0",True,Ecuador,"5,8","50,0",0,0,0,0,1,"28,0","33,0","84,8","1,0",,,0,0,,,2025-09-09 23:00:00,"World Cup Qualification, CONMEBOL",Ecuador,4757,Argentina,4819,1,0,L,Ecuador,away,False,Argentina,,,,,,,,,,,,,,,,,"0,0",,,,,,,,,,,,,,,,,,,,,,,,"0,0","50,4","0,0"
14169218,home,4-4-1-1,1002524,Pedro Vite,P. Vite,M,"45,0",True,Ecuador,"7,0","90,0",0,0,0,0,1,"56,0","64,0","87,5","2,0",,"1,0",0,0,,,2025-09-09 23:00:00,"World Cup Qualification, CONMEBOL",Ecuador,4757,Argentina,4819,1,0,L,Ecuador,away,False,Argentina,,,,,,,,,,,,,,,,,"0,0",,,,,,,,,,,,,,,,,,,,,,,,"0,0","56,0","0,0"
14169218,home,4-4-1-1,1116571,Nilson Angulo,N. Angulo,M,"10,0",True,Ecuador,"7,0","59,0",0,0,1,1,0,"10,0","10,0","100,0","5,0",,,0,0,,,2025-09-09 23:00:00,"World Cup Qualification, CONMEBOL",Ecuador,4757,Argentina,4819,1,0,L,Ecuador,away,False,Argentina,,,,,,,,,,,,,,,,,"2,0",,,,,,,,,,,,,,,,,,,,,,"29,5","59,0","0,0","15,3","0,0"
14169218,home,4-4-1-1,937937,Gonzalo Plata,G. Plata,M,"19,0",True,Ecuador,"6,7","69,0",0,0,0,1,0,"22,0","31,0","71,0","4,0",,"2,0",0,0,,,2025-09-09 23:00:00,"World Cup Qualification, CONMEBOL",Ecuador,4757,Argentina,4819,1,0,L,Ecuador,away,False,Argentina,,,,,,,,,,,,,,,,,"1,0",,,,,,,,,,,,,,,,,,,,,,"69,0",,"0,0","28,7","0,0"
14169218,home,4-4-1-1,106456,Enner Valencia,E. Valencia,F,"10,0",True,Ecuador,"6,8","59,0",1,0,2,0,0,"3,0","5,0","60,0","1,0",,,0,0,,,2025-09-09 23:00:00,"World Cup Qualification, CONMEBOL",Ecuador,4757,Argentina,4819,1,0,L,Ecuador,away,False,Argentina,,,,,,,,,,,,,,,,,"2,0",,,,,,,,,,,,,,,,,,,,,,"29,5","29,5","1,53","4,6","0,0"
14169218,home,4-4-1-1,879802,John Yeboah,J. Yeboah,F,"10,0",False,Ecuador,"6,4","44,0",0,0,0,0,0,"8,0","9,0","88,9","1,0",,,0,0,,,2025-09-09 23:00:00,"World Cup Qualification, CONMEBOL",Ecuador,4757,Argentina,4819,1,0,L,Ecuador,away,False,Argentina,,,,,,,,,,,,,,,,,"0,0",,,,,,,,,,,,,,,,,,,,,,,,"0,0","16,4","0,0"
14169218,home,4-4-1-1,925740,Jordy Alcivar,J. Alcivar,M,"6,0",False,Ecuador,"7,1","31,0",0,0,0,0,2,"13,0","15,0","86,7","3,0",,"1,0",0,0,,,2025-09-09 23:00:00,"World Cup Qualification, CONMEBOL",Ecuador,4757,Argentina,4819,1,0,L,Ecuador,away,False,Argentina,,,,,,,,,,,,,,,,,"0,0",,,,,,,,,,,,,,,,,,,,,,,,"0,0","37,7","0,0"
14169218,home,4-4-1-1,1464025,Kendry Páez,K. Páez,M,"19,0",False,Ecuador,"6,7","31,0",0,0,0,1,0,"5,0","12,0","41,7","1,0",,"3,0",0,0,,,2025-09-09 23:00:00,"World Cup Qualification, CONMEBOL",Ecuador,4757,Argentina,4819,1,0,L,Ecuador,away,False,Argentina,,,,,,,,,,,,,,,,,"1,0",,,,,,,,,,,,,,,,,,,,,,"31,0",,"0,0","14,5","0,0"
14169218,home,4-4-1-1,1431770,Kevin Rodriguez,K. Rodríguez,F,"13,0",False,Ecuador,"6,6","21,0",0,0,1,0,0,"5,0","5,0","100,0","5,0",,"1,0",0,0,,,2025-09-09 23:00:00,"World Cup Qualification, CONMEBOL",Ecuador,4757,Argentina,4819,1,0,L,Ecuador,away,False,Argentina,,,,,,,,,,,,,,,,,"1,0",,,,,,,,,,,,,,,,,,,,,,"21,0","21,0","0,0","21,4","0,0"
14169218,home,4-4-1-1,1122552,Alan Minda,A. Minda,F,"27,0",False,Ecuador,,"1,0",0,0,0,0,0,,,,,,"1,0",0,0,,,2025-09-09 23:00:00,"World Cup Qualification, CONMEBOL",Ecuador,4757,Argentina,4819,1,0,L,Ecuador,away,False,Argentina,,,,,,,,,,,,,,,,,"0,0",,,,,,,,,,,,,,,,,,,,,,,,"0,0","0,0","0,0"
14169218,home,4-4-1-1,925484,Gonzalo Valle,G. Valle,G,"1,0",False,Ecuador,,,0,0,0,0,0,,,,,,,0,0,,,2025-09-09 23:00:00,"World Cup Qualification, CONMEBOL",Ecuador,4757,Argentina,4819,1,0,L,Ecuador,away,False,Argentina,,,,,,,,,,,,,,,,,"0,0",,,,,,,,,,,,,,,,,,,,,,,,,,
14169218,home,4-4-1-1,923237,Moisés Ramírez,M. Ramírez,G,"99,0",False,Ecuador,,,0,0,0,0,0,,,,,,,0,0,,,2025-09-09 23:00:00,"World Cup Qualification, CONMEBOL",Ecuador,4757,Argentina,4819,1,0,L,Ecuador,away,False,Argentina,,,,,,,,,,,,,,,,,"0,0",,,,,,,,,,,,,,,,,,,,,,,,,,
14169218,home,4-4-1-1,881848,Félix Torres,F. Torres,D,"4,0",False,Ecuador,,,0,0,0,0,0,,,,,,,0,0,,,2025-09-09 23:00:00,"World Cup Qualification, CONMEBOL",Ecuador,4757,Argentina,4819,1,0,L,Ecuador,away,False,Argentina,,,,,,,,,,,,,,,,,"0,0",,,,,,,,,,,,,,,,,,,,,,,,,,
14169218,home,4-4-1-1,155778,Cristian Ramírez,C. Ramírez,D,"2,0",False,Ecuador,,,0,0,0,0,0,,,,,,,0,0,,,2025-09-09 23:00:00,"World Cup Qualification, CONMEBOL",Ecuador,4757,Argentina,4819,1,0,L,Ecuador,away,False,Argentina,,,,,,,,,,,,,,,,,"0,0",,,,,,,,,,,,,,,,,,,,,,,,,,
14169218,home,4-4-1-1,1106546,Yaimar Medina,Y. Medina,D,"19,0",False,Ecuador,,,0,0,0,0,0,,,,,,,0,0,,,2025-09-09 23:00:00,"World Cup Qualification, CONMEBOL",Ecuador,4757,Argentina,4819,1,0,L,Ecuador,away,False,Argentina,,,,,,,,,,,,,,,,,"0,0",,,,,,,,,,,,,,,,,,,,,,,,,,
14169218,home,4-4-1-1,1145126,Denil Castillo,D. Castillo,M,"21,0",False,Ecuador,,,0,0,0,0,0,,,,,,,0,0,,,2025-09-09 23:00:00,"World Cup Qualification, CONMEBOL",Ecuador,4757,Argentina,4819,1,0,L,Ecuador,away,False,Argentina,,,,,,,,,,,,,,,,,"0,0",,,,,,,,,,,,,,,,,,,,,,,,,,
14169218,home,4-4-1-1,973557,Leonardo Campana,L. Campana,F,"9,0",False,Ecuador,,,0,0,0,0,0,,,,,,,0,0,,,2025-09-09 23:00:00,"World Cup Qualification, CONMEBOL",Ecuador,4757,Argentina,4819,1,0,L,Ecuador,away,False,Argentina,,,,,,,,,,,,,,,,,"0,0",,,,,,,,,,,,,,,,,,,,,,,,,,
14169218,away,4-2-3-1,158263,Emiliano Martínez,E. Martínez,G,"23,0",True,Argentina,"7,0","90,0",0,0,0,0,0,"23,0","28,0","82,1",,,,0,0,,,2025-09-09 23:00:00,"World Cup Qualification, CONMEBOL",Ecuador,4757,Argentina,4819,1,0,L,Ecuador,away,True,Argentina,,,,,,,,,"9,0","4,0",,"8,0","3,0","4,0",,"6,0","0,0",,,,"34,0",,,,,,"0,0",,,,,"3,0",,,,,,,,,"0,0","23,0","4,0"
14169218,away,4-2-3-1,822933,Gonzalo Montiel,G. Montiel,D,"29,0",True,Argentina,"6,6","68,0",0,0,0,0,0,"27,0","32,0","84,4","2,0","2,0",,0,0,,,2025-09-09 23:00:00,"World Cup Qualification, CONMEBOL",Ecuador,4757,Argentina,4819,1,0,L,Ecuador,away,True,Argentina,,"100,0",,,,,"2,0",,"2,0",,,"14,0","12,0","1,0","1,0","7,0","0,0",,,,"40,0","1,0",,,,,"0,0",,,,,,,,,,,,,,"0,0","35,7","1,3"
14169218,away,4-2-3-1,928236,Leonardo Balerdi,L. Balerdi,D,"5,0",True,Argentina,"7,0","90,0",0,0,0,0,0,"76,0","79,0","96,2","6,0","9,0","1,0",0,0,,,2025-09-09 23:00:00,"World Cup Qualification, CONMEBOL",Ecuador,4757,Argentina,4819,1,0,L,Ecuador,away,True,Argentina,"3,0","66,7","4,0",,"4,0","100,0","1,0",,"5,0","4,0",,"37,0","37,0","6,0","6,0","3,0","0,0",,,,"88,0",,,"1,0","1,0",,"0,0",,"1,0",,,,,,,,,,,,"0,0","76,0","6,0"
14169218,away,4-2-3-1,74915,Nicolás Otamendi,N. Otamendi,D,"30,0",True,Argentina,"5,4","31,0",0,0,0,0,0,"17,0","18,0","94,4","1,0","3,0",,0,0,,,2025-09-09 23:00:00,"World Cup Qualification, CONMEBOL",Ecuador,4757,Argentina,4819,1,0,L,Ecuador,away,True,Argentina,"2,0","33,3","1,0","1,0","2,0","50,0",,,"1,0","1,0",,"4,0","3,0",,"2,0","1,0","0,0",,,,"20,0",,,,,,"0,0",,"1,0",,,,,,,,,,,,"0,0","49,4","0,0"
14169218,away,4-2-3-1,158243,Nicolás Tagliafico,N. Tagliafico,D,"3,0",True,Argentina,"6,1","90,0",0,0,0,1,0,"45,0","47,0","95,7","3,0","7,0",,0,0,,,2025-09-09 23:00:00,"World Cup Qualification, CONMEBOL",Ecuador,4757,Argentina,4819,1,0,L,Ecuador,away,True,Argentina,"4,0","42,9","2,0",,"2,0","100,0","1,0","1,0","1,0",,"2,0","24,0","22,0","1,0","1,0","8,0","1,0",,,,"64,0","3,0","1,0",,,,"0,0",,"2,0",,,,,,,,,,"90,0",,"0,0","45,0","1,0"
14169218,away,4-2-3-1,249399,Rodrigo De Paul,R. De Paul,M,"7,0",True,Argentina,"6,6","68,0",0,0,0,0,0,"39,0","47,0","83,0","2,0","8,0",,0,0,,,2025-09-09 23:00:00,"World Cup Qualification, CONMEBOL",Ecuador,4757,Argentina,4819,1,0,L,Ecuador,away,True,Argentina,"6,0","25,0",,,,,"1,0",,"6,0","5,0","1,0","24,0","18,0","1,0",,"15,0","0,0",,,,"60,0","1,0","4,0","1,0",,,"0,0",,"1,0","1,0",,,,,,,,,,,"0,0","51,6","1,3"
14169218,away,4-2-3-1,255389,Leandro Paredes,L. Paredes,M,"5,0",True,Argentina,"6,9","62,0",0,0,0,0,1,"35,0","39,0","89,7","3,0","3,0",,0,0,,,2025-09-09 23:00:00,"World Cup Qualification, CONMEBOL",Ecuador,4757,Argentina,4819,1,0,L,Ecuador,away,True,Argentina,,"100,0",,,,,,,"5,0","2,0","7,0","29,0","20,0","2,0","2,0","11,0","1,0",,,,"53,0",,,,,,"0,0",,,"3,0",,,,,,,,,"62,0",,"0,0","50,8","2,9"
14169218,away,4-2-3-1,1099352,Giuliano Simeone,G. Simeone,M,"20,0",True,Argentina,"6,7","38,0",0,0,0,0,0,"7,0","7,0","100,0","1,0","1,0","1,0",0,0,,,2025-09-09 23:00:00,"World Cup Qualification, CONMEBOL",Ecuador,4757,Argentina,4819,1,0,L,Ecuador,away,True,Argentina,,"100,0",,,,,"1,0",,,,"1,0","4,0","3,0",,,"1,0","0,0",,,,"11,0",,,,,,"0,0",,,,,,,,,,,,,,"0,0","16,6","0,0"
14169218,away,4-2-3-1,895324,Alexis Mac Allister,A. Mac Allister,M,"10,0",True,Argentina,"7,3","90,0",0,0,0,0,0,"50,0","56,0","89,3","7,0","11,0","1,0",0,0,,,2025-09-09 23:00:00,"World Cup Qualification, CONMEBOL",Ecuador,4757,Argentina,4819,1,0,L,Ecuador,away,True,Argentina,"4,0","63,6",,,,,"4,0","3,0","9,0","7,0",,"39,0","34,0","8,0","1,0","9,0","0,0",,,,"73,0",,"3,0",,,,"0,0",,"1,0","3,0",,,,,,,,,,,"0,0","50,0","8,0"
14169218,away,4-2-3-1,901325,Nicolás González,N. González,M,"23,0",True,Argentina,"7,1","90,0",0,0,0,0,0,"22,0","26,0","84,6","12,0","17,0",,0,0,,,2025-09-09 23:00:00,"World Cup Qualification, CONMEBOL",Ecuador,4757,Argentina,4819,1,0,L,Ecuador,away,True,Argentina,"5,0","70,6","3,0","2,0","5,0","60,0","4,0","3,0","1,0",,"3,0","25,0","20,0","1,0","1,0","13,0","0,0",,,,"55,0","5,0","1,0","1,0",,,"0,0",,"1,0","5,0","1,0",,,,,,,,,,"0,0","22,0","1,0"
14169218,away,4-2-3-1,823984,Lautaro Martínez,L. Martínez,F,"10,0",True,Argentina,"6,6","63,0",0,0,0,2,0,"18,0","22,0","81,8","2,0","6,0",,0,0,,,2025-09-09 23:00:00,"World Cup Qualification, CONMEBOL",Ecuador,4757,Argentina,4819,1,0,L,Ecuador,away,True,Argentina,"4,0","33,3","1,0","1,0","2,0","50,0",,,,,,"9,0","5,0","4,0","1,0","5,0","2,0",,,,"28,0",,,"2,0","1,0",,"0,0",,"2,0",,,,,,,,,,"31,5",,"0,0","25,7","5,7"
14169218,away,4-2-3-1,873189,Juan Foyth,J. Foyth,D,"8,0",False,Argentina,"7,0","52,0",0,0,0,0,0,"73,0","74,0","98,6",,,"3,0",0,0,,,2025-09-09 23:00:00,"World Cup Qualification, CONMEBOL",Ecuador,4757,Argentina,4819,1,0,L,Ecuador,away,True,Argentina,,,,,,,,,"2,0","1,0",,"51,0","50,0","5,0","1,0","1,0","0,0",,,,"80,0",,,,,,"0,0",,,,,,,,,,,,,,"0,0","126,3","8,7"
14169218,away,4-2-3-1,1403559,Franco Mastantuono,F. Mastantuono,F,"30,0",False,Argentina,"6,4","28,0",0,0,0,0,0,"17,0","22,0","77,3","2,0","6,0",,0,0,,,2025-09-09 23:00:00,"World Cup Qualification, CONMEBOL",Ecuador,4757,Argentina,4819,1,0,L,Ecuador,away,True,Argentina,"4,0","33,3",,,,,,,,,"2,0","23,0","17,0","2,0",,"11,0","2,0",,,,"35,0","1,0","3,0","2,0","2,0",,"0,0",,,,,,,,,,,,"14,0",,"0,0","54,6","6,4"
14169218,away,4-2-3-1,944656,Julián Alvarez,J. Álvarez,F,"19,0",False,Argentina,"6,5","27,0",0,0,0,0,0,"8,0","13,0","61,5","1,0","4,0",,0,0,,,2025-09-09 23:00:00,"World Cup Qualification, CONMEBOL",Ecuador,4757,Argentina,4819,1,0,L,Ecuador,away,True,Argentina,"3,0","25,0","1,0","1,0","2,0","50,0",,,,,"1,0","14,0","8,0","1,0",,"7,0","0,0",,,,"16,0",,"1,0",,,,"0,0",,"1,0",,,,,,,,,,,,"0,0","26,7","3,3"
14169218,away,4-2-3-1,831799,Nahuel Molina,N. Molina,D,"16,0",False,Argentina,"6,8","22,0",0,0,0,0,2,"19,0","20,0","95,0",,"2,0",,0,0,,,2025-09-09 23:00:00,"World Cup Qualification, CONMEBOL",Ecuador,4757,Argentina,4819,1,0,L,Ecuador,away,True,Argentina,"2,0","0,0",,,,,,,"1,0","1,0","4,0","22,0","17,0","1,0",,"6,0","0,0",,,,"25,0",,"1,0",,,,"0,0",,,,,,,,,,,,,,"0,0","77,7","4,1"
14169218,away,4-2-3-1,798835,Giovani Lo Celso,G. Lo Celso,M,"20,0",False,Argentina,"7,0","22,0",0,0,0,1,1,"12,0","16,0","75,0","2,0","3,0",,0,0,,,2025-09-09 23:00:00,"World Cup Qualification, CONMEBOL",Ecuador,4757,Argentina,4819,1,0,L,Ecuador,away,True,Argentina,"1,0","66,7",,"1,0","1,0","0,0","1,0",,,,"3,0","10,0","7,0","1,0",,"6,0","2,0",,,,"25,0","1,0",,,,,"0,0",,,"1,0",,,,,,,,,"11,0",,"0,0","49,1","4,1"
14169218,away,4-2-3-1,128383,Gerónimo Rulli,G. Rulli,G,"1,0",False,Argentina,,,0,0,0,0,0,,,,,,,0,0,,,2025-09-09 23:00:00,"World Cup Qualification, CONMEBOL",Ecuador,4757,Argentina,4819,1,0,L,Ecuador,away,True,Argentina,,,,,,,,,,,,,,,,,"0,0",,,,,,,,,,,,,,,,,,,,,,,,,,
14169218,away,4-2-3-1,249859,Walter Benítez,W. Benítez,G,"44,0",False,Argentina,,,0,0,0,0,0,,,,,,,0,0,,,2025-09-09 23:00:00,"World Cup Qualification, CONMEBOL",Ecuador,4757,Argentina,4819,1,0,L,Ecuador,away,True,Argentina,,,,,,,,,,,,,,,,,"0,0",,,,,,,,,,,,,,,,,,,,,,,,,,
14169218,away,4-2-3-1,578560,Marcos Acuña,M. Acuña,D,"21,0",False,Argentina,,,0,0,0,0,0,,,,,,,0,0,,,2025-09-09 23:00:00,"World Cup Qualification, CONMEBOL",Ecuador,4757,Argentina,4819,1,0,L,Ecuador,away,True,Argentina,,,,,,,,,,,,,,,,,"0,0",,,,,,,,,,,,,,,,,,,,,,,,,,
14169218,away,4-2-3-1,822600,Exequiel Palacios,E. Palacios,M,"25,0",False,Argentina,,,0,0,0,0,0,,,,,,,0,0,,,2025-09-09 23:00:00,"World Cup Qualification, CONMEBOL",Ecuador,4757,Argentina,4819,1,0,L,Ecuador,away,True,Argentina,,,,,,,,,,,,,,,,,"0,0",,,,,,,,,,,,,,,,,,,,,,,,,,
14169218,away,4-2-3-1,1066560,Alan Varela,A. Varela,M,"22,0",False,Argentina,,,0,0,0,0,0,,,,,,,0,0,,,2025-09-09 23:00:00,"World Cup Qualification, CONMEBOL",Ecuador,4757,Argentina,4819,1,0,L,Ecuador,away,True,Argentina,,,,,,,,,,,,,,,,,"0,0",,,,,,,,,,,,,,,,,,,,,,,,,,
14169218,away,4-2-3-1,1171451,Nico Paz,N. Paz,M,"10,0",False,Argentina,,,0,0,0,0,0,,,,,,,0,0,,,2025-09-09 23:00:00,"World Cup Qualification, CONMEBOL",Ecuador,4757,Argentina,4819,1,0,L,Ecuador,away,True,Argentina,,,,,,,,,,,,,,,,,"0,0",,,,,,,,,,,,,,,,,,,,,,,,,,
14169218,away,4-2-3-1,1094179,José Manuel López,J. López,F,"42,0",False,Argentina,,,0,0,0,0,0,,,,,,,0,0,,,2025-09-09 23:00:00,"World Cup Qualification, CONMEBOL",Ecuador,4757,Argentina,4819,1,0,L,Ecuador,away,True,Argentina,,,,,,,,,,,,,,,,,"0,0",,,,,,,,,,,,,,,,,,,,,,,,,,
14169215,home,4-2-2-2,158263,Emiliano Martínez,E. Martínez,G,"23,0",True,Argentina,"6,8","90,0",0,0,0,0,0,"20,0","21,0","95,2",,,,0,0,,,2025-09-04 23:30:00,"World Cup Qualification, CONMEBOL",Argentina,4819,Venezuela,4722,3,0,W,Venezuela,home,True,Argentina,,,,,,,,,"3,0","2,0",,"1,0",,"5,0",,"1,0","0,0",,,,"25,0",,,,,,"0,0",,,,,,,,,,,,,,"0,0","20,0","5,0"
14169215,home,4-2-2-2,831799,Nahuel Molina,N. Molina,D,"16,0",True,Argentina,"7,0","81,0",0,0,0,0,0,"51,0","56,0","91,1","2,0","2,0","1,0",0,0,,,2025-09-04 23:30:00,"World Cup Qualification, CONMEBOL",Argentina,4819,Venezuela,4722,3,0,W,Venezuela,home,True,Argentina,,"100,0","1,0",,"1,0","100,0","1,0","1,0","2,0","2,0",,"28,0","25,0","4,0","1,0","6,0","0,0",,,,"69,0","1,0",,,,,"0,0",,,,,,,,,,,,,,"0,0","56,7","4,4"
14169215,home,4-2-2-2,829932,Cristian Romero,C. Romero,D,"17,0",True,Argentina,"7,7","90,0",0,0,0,0,0,"99,0","103,0","96,1","3,0","7,0","3,0",0,0,,,2025-09-04 23:30:00,"World Cup Qualification, CONMEBOL",Argentina,4819,Venezuela,4722,3,0,W,Venezuela,home,True,Argentina,"4,0","42,9","1,0","1,0","2,0","50,0","1,0",,"5,0","4,0",,"32,0","30,0","5,0","2,0","5,0","0,0",,,,"115,0",,,,,,"0,0",,"3,0","1,0","1,0",,,,,,,,,,"0,0","99,0","5,0"
14169215,home,4-2-2-2,74915,Nicolás Otamendi,N. Otamendi,D,"30,0",True,Argentina,"7,9","90,0",0,0,0,1,0,"99,0","101,0","98,0","5,0","5,0","2,0",0,0,,,2025-09-04 23:30:00,"World Cup Qualification, CONMEBOL",Argentina,4819,Venezuela,4722,3,0,W,Venezuela,home,True,Argentina,,"100,0","4,0",,"4,0","100,0",,,"10,0","10,0",,"25,0","24,0","3,0","8,0","2,0","1,0",,,,"115,0",,,,,,"0,0",,,"1,0",,,,,,,,,"90,0",,"0,0","99,0","3,0"
14169215,home,4-2-2-2,158243,Nicolás Tagliafico,N. Tagliafico,D,"3,0",True,Argentina,"7,4","90,0",0,0,1,0,0,"45,0","48,0","93,8","3,0","3,0",,0,0,,,2025-09-04 23:30:00,"World Cup Qualification, CONMEBOL",Argentina,4819,Venezuela,4722,3,0,W,Venezuela,home,True,Argentina,,"100,0",,,,,"1,0",,"2,0","1,0","1,0","25,0","22,0","5,0",,"4,0","1,0",,,,"60,0",,,"1,0","1,0",,"0,0",,,"1,0",,,,,,,,,"90,0","90,0","0,0","45,0","5,0"
14169215,home,4-2-2-2,249399,Rodrigo De Paul,R. De Paul,M,"7,0",True,Argentina,"7,8","90,0",0,0,0,1,1,"113,0","123,0","91,9","2,0","2,0",,0,0,,,2025-09-04 23:30:00,"World Cup Qualification, CONMEBOL",Argentina,4819,Venezuela,4722,3,0,W,Venezuela,home,True,Argentina,,"100,0",,,,,,,"14,0","12,0","1,0","72,0","62,0","5,0",,"13,0","1,0",,,,"132,0",,,,,,"0,0",,,"2,0",,,,,,,,,"90,0",,"0,0","113,0","5,0"
14169215,home,4-2-2-2,255389,Leandro Paredes,L. Paredes,M,"5,0",True,Argentina,"7,5","74,0",0,0,0,0,1,"94,0","99,0","94,9","1,0","3,0",,0,0,,,2025-09-04 23:30:00,"World Cup Qualification, CONMEBOL",Argentina,4819,Venezuela,4722,3,0,W,Venezuela,home,True,Argentina,"2,0","33,3",,,,,"1,0","1,0","15,0","14,0",,"48,0","45,0","9,0",,"6,0","0,0",,,,"103,0",,"1,0",,,,"0,0",,"1,0",,,,,,,,,,,,"0,0","114,3","10,9"
14169215,home,4-2-2-2,1403559,Franco Mastantuono,F. Mastantuono,F,"30,0",True,Argentina,"6,9","63,0",0,0,0,1,0,"43,0","49,0","87,8","2,0","6,0","1,0",0,0,,,2025-09-04 23:30:00,"World Cup Qualification, CONMEBOL",Argentina,4819,Venezuela,4722,3,0,W,Venezuela,home,True,Argentina,"4,0","33,3",,,,,,,"5,0","4,0",,"32,0","26,0","2,0","1,0","14,0","1,0",,,,"67,0","5,0","1,0","2,0","1,0",,"0,0",,"2,0","1,0",,,,,,,,,"63,0",,"0,0","61,4","2,9"
14169215,home,4-2-2-2,944660,Thiago Almada,T. Almada,M,"11,0",True,Argentina,"7,9","81,0",0,1,1,2,4,"62,0","66,0","93,9",,"1,0",,0,0,,,2025-09-04 23:30:00,"World Cup Qualification, CONMEBOL",Argentina,4819,Venezuela,4722,3,0,W,Venezuela,home,True,Argentina,"1,0","0,0",,,,,,,"1,0","1,0",,"47,0","44,0","3,0","1,0","6,0","3,0","1,0","2,0",,"76,0","1,0","1,0",,,,"0,0",,,,,,,,,,,,"27,0","81,0","1,11","68,9","3,3"
14169215,home,4-2-2-2,12994,Lionel Messi,L. Messi,F,"10,0",True,Argentina,"9,3","90,0",2,0,4,0,5,"68,0","76,0","89,5","5,0","15,0",,0,0,,,2025-09-04 23:30:00,"World Cup Qualification, CONMEBOL",Argentina,4819,Venezuela,4722,3,0,W,Venezuela,home,True,Argentina,"10,0","33,3",,,,,,,"8,0","7,0",,"57,0","50,0",,,"23,0","7,0","1,0","1,0",,"106,0","5,0","2,0","11,0","4,0",,"0,0",,"1,0","1,0","2,0",,,,,,,,"12,9","22,5","2,0","68,0","0,0"
14169215,home,4-2-2-2,944656,Julián Alvarez,J. Álvarez,F,"19,0",True,Argentina,"7,6","74,0",0,1,1,0,4,"30,0","34,0","88,2","3,0","6,0",,0,0,,,2025-09-04 23:30:00,"World Cup Qualification, CONMEBOL",Argentina,4819,Venezuela,4722,3,0,W,Venezuela,home,True,Argentina,"3,0","50,0","1,0","1,0","2,0","50,0",,,"1,0","1,0",,"29,0","27,0","2,0",,"6,0","1,0","1,0","2,0",,"39,0","1,0","1,0","1,0","1,0",,"0,0",,"1,0","1,0",,,,,,,,,"74,0","74,0","1,22","36,5","2,4"
14169215,home,4-2-2-2,901325,Nicolás González,N. González,M,"23,0",False,Argentina,"6,9","27,0",0,1,1,0,1,"10,0","11,0","90,9","2,0","3,0",,0,0,,,2025-09-04 23:30:00,"World Cup Qualification, CONMEBOL",Argentina,4819,Venezuela,4722,3,0,W,Venezuela,home,True,Argentina,"1,0","66,7","1,0",,"1,0","100,0",,,,,,"9,0","8,0","2,0","2,0","2,0","1,0","1,0","1,0",,"16,0",,,"1,0",,,"0,0",,,"1,0",,,,,,,,,"27,0","27,0","3,33","33,3","6,7"
14169215,home,4-2-2-2,822600,Exequiel Palacios,E. Palacios,M,"25,0",False,Argentina,"6,8","16,0",0,0,0,0,0,"30,0","30,0","100,0","2,0","2,0",,0,0,,,2025-09-04 23:30:00,"World Cup Qualification, CONMEBOL",Argentina,4819,Venezuela,4722,3,0,W,Venezuela,home,True,Argentina,,"100,0","1,0",,"1,0","100,0",,,,,,"14,0","14,0",,,,"0,0",,,,"31,0",,,,,,"0,0",,,"1,0",,,,,,,,,,,"0,0","168,8","0,0"
14169215,home,4-2-2-2,823984,Lautaro Martínez,L. Martínez,F,"10,0",False,Argentina,"7,2","16,0",1,0,1,0,0,"4,0","5,0","80,0",,"1,0",,0,0,,,2025-09-04 23:30:00,"World Cup Qualification, CONMEBOL",Argentina,4819,Venezuela,4722,3,0,W,Venezuela,home,True,Argentina,"1,0","0,0",,,,,,,,,,"3,0","2,0",,,"3,0","1,0",,,,"9,0","2,0",,,,,"0,0",,,,,,,,,,,,"16,0","16,0","5,62","22,5","0,0"
14169215,home,4-2-2-2,1171451,Nico Paz,N. Paz,M,"10,0",False,Argentina,"6,7","9,0",0,0,0,0,0,"7,0","7,0","100,0","2,0","4,0","1,0",0,0,,,2025-09-04 23:30:00,"World Cup Qualification, CONMEBOL",Argentina,4819,Venezuela,4722,3,0,W,Venezuela,home,True,Argentina,"2,0","50,0",,"1,0","1,0","0,0",,,,,,"2,0","2,0","1,0",,"1,0","0,0",,,,"13,0","1,0",,,,,"0,0",,"1,0","2,0",,,,,,,,,,,"0,0","70,0","10,0"
14169215,home,4-2-2-2,1099352,Giuliano Simeone,G. Simeone,M,"20,0",False,Argentina,"6,5","9,0",0,0,0,0,0,"6,0","6,0","100,0","1,0","1,0",,0,0,,,2025-09-04 23:30:00,"World Cup Qualification, CONMEBOL",Argentina,4819,Venezuela,4722,3,0,W,Venezuela,home,True,Argentina,,"100,0",,,,,"1,0",,,,,"3,0","3,0","2,0",,"1,0","0,0",,,,"8,0","1,0",,,,,"0,0",,,,"1,0",,,,,,,,,,"0,0","60,0","20,0"
14169215,home,4-2-2-2,249859,Walter Benítez,W. Benítez,G,"44,0",False,Argentina,,,0,0,0,0,0,,,,,,,0,0,,,2025-09-04 23:30:00,"World Cup Qualification, CONMEBOL",Argentina,4819,Venezuela,4722,3,0,W,Venezuela,home,True,Argentina,,,,,,,,,,,,,,,,,"0,0",,,,,,,,,,,,,,,,,,,,,,,,,,
14169215,home,4-2-2-2,128383,Gerónimo Rulli,G. Rulli,G,"1,0",False,Argentina,,,0,0,0,0,0,,,,,,,0,0,,,2025-09-04 23:30:00,"World Cup Qualification, CONMEBOL",Argentina,4819,Venezuela,4722,3,0,W,Venezuela,home,True,Argentina,,,,,,,,,,,,,,,,,"0,0",,,,,,,,,,,,,,,,,,,,,,,,,,
14169215,home,4-2-2-2,822933,Gonzalo Montiel,G. Montiel,D,"29,0",False,Argentina,,,0,0,0,0,0,,,,,,,0,0,,,2025-09-04 23:30:00,"World Cup Qualification, CONMEBOL",Argentina,4819,Venezuela,4722,3,0,W,Venezuela,home,True,Argentina,,,,,,,,,,,,,,,,,"0,0",,,,,,,,,,,,,,,,,,,,,,,,,,
14169215,home,4-2-2-2,578560,Marcos Acuña,M. Acuña,D,"21,0",False,Argentina,,,0,0,0,0,0,,,,,,,0,0,,,2025-09-04 23:30:00,"World Cup Qualification, CONMEBOL",Argentina,4819,Venezuela,4722,3,0,W,Venezuela,home,True,Argentina,,,,,,,,,,,,,,,,,"0,0",,,,,,,,,,,,,,,,,,,,,,,,,,
14169215,home,4-2-2-2,928236,Leonardo Balerdi,L. Balerdi,D,"5,0",False,Argentina,,,0,0,0,0,0,,,,,,,0,0,,,2025-09-04 23:30:00,"World Cup Qualification, CONMEBOL",Argentina,4819,Venezuela,4722,3,0,W,Venezuela,home,True,Argentina,,,,,,,,,,,,,,,,,"0,0",,,,,,,,,,,,,,,,,,,,,,,,,,
14169215,home,4-2-2-2,798835,Giovani Lo Celso,G. Lo Celso,M,"20,0",False,Argentina,,,0,0,0,0,0,,,,,,,0,0,,,2025-09-04 23:30:00,"World Cup Qualification, CONMEBOL",Argentina,4819,Venezuela,4722,3,0,W,Venezuela,home,True,Argentina,,,,,,,,,,,,,,,,,"0,0",,,,,,,,,,,,,,,,,,,,,,,,,,
14169215,home,4-2-2-2,895324,Alexis Mac Allister,A. Mac Allister,M,"10,0",False,Argentina,,,0,0,0,0,0,,,,,,,0,0,,,2025-09-04 23:30:00,"World Cup Qualification, CONMEBOL",Argentina,4819,Venezuela,4722,3,0,W,Venezuela,home,True,Argentina,,,,,,,,,,,,,,,,,"0,0",,,,,,,,,,,,,,,,,,,,,,,,,,
14169215,away,5-3-2,108832,Rafael Romo,R. Romo,G,"22,0",True,Venezuela,"8,0","90,0",0,0,0,0,0,"14,0","23,0","60,9","3,0",,,0,0,,,2025-09-04 23:30:00,"World Cup Qualification, CONMEBOL",Argentina,4819,Venezuela,4722,3,0,W,Venezuela,home,False,Argentina,,,,,,,,,,,,,,,,,"0,0",,,,,,,,,,,,,,,,,,,,,,,,"0,0","14,0","0,0"
14169215,away,5-3-2,1116388,Jon Aramburu,J. Aramburu,D,"2,0",True,Venezuela,"6,1","90,0",0,0,0,0,0,"13,0","17,0","76,5","2,0",,"1,0",0,0,,,2025-09-04 23:30:00,"World Cup Qualification, CONMEBOL",Argentina,4819,Venezuela,4722,3,0,W,Venezuela,home,False,Argentina,,,,,,,,,,,,,,,,,"0,0",,,,,,,,,,,,,,,,,,,,,,,,"0,0","13,0","0,0"
14169215,away,5-3-2,881215,Nahuel Ferraresi,N. Ferraresi,D,"5,0",True,Venezuela,"6,3","90,0",0,0,0,0,0,"21,0","27,0","77,8","2,0",,,0,0,,,2025-09-04 23:30:00,"World Cup Qualification, CONMEBOL",Argentina,4819,Venezuela,4722,3,0,W,Venezuela,home,False,Argentina,,,,,,,,,,,,,,,,,"0,0",,,,,,,,,,,,,,,,,,,,,,,,"0,0","21,0","0,0"
14169215,away,5-3-2,147358,Wilker Ángel,W. Ángel,D,,True,Venezuela,"6,5","90,0",0,0,0,0,0,"19,0","23,0","82,6",,,"2,0",0,0,,,2025-09-04 23:30:00,"World Cup Qualification, CONMEBOL",Argentina,4819,Venezuela,4722,3,0,W,Venezuela,home,False,Argentina,,,,,,,,,,,,,,,,,"0,0",,,,,,,,,,,,,,,,,,,,,,,,"0,0","19,0","0,0"
14169215,away,5-3-2,846353,Christian Makoun,C. Makoun,D,"4,0",True,Venezuela,"6,2","90,0",0,0,0,0,0,"21,0","29,0","72,4","1,0",,"1,0",0,0,,,2025-09-04 23:30:00,"World Cup Qualification, CONMEBOL",Argentina,4819,Venezuela,4722,3,0,W,Venezuela,home,False,Argentina,,,,,,,,,,,,,,,,,"0,0",,,,,,,,,,,,,,,,,,,,,,,,"0,0","21,0","0,0"
14169215,away,5-3-2,946472,Miguel Navarro,M. Navarro,D,"29,0",True,Venezuela,"6,4","56,0",0,0,0,0,0,"4,0","9,0","44,4",,,"2,0",0,0,,,2025-09-04 23:30:00,"World Cup Qualification, CONMEBOL",Argentina,4819,Venezuela,4722,3,0,W,Venezuela,home,False,Argentina,,,,,,,,,,,,,,,,,"0,0",,,,,,,,,,,,,,,,,,,,,,,,"0,0","6,4","0,0"
14169215,away,5-3-2,805047,Eduard Bello,E. Bello,M,"18,0",True,Venezuela,"6,4","81,0",0,0,0,0,0,"9,0","11,0","81,8","3,0",,"1,0",0,0,,,2025-09-04 23:30:00,"World Cup Qualification, CONMEBOL",Argentina,4819,Venezuela,4722,3,0,W,Venezuela,home,False,Argentina,,,,,,,,,,,,,,,,,"0,0",,,,,,,,,,,,,,,,,,,,,,,,"0,0","10,0","0,0"
14169215,away,5-3-2,46798,Tomás Rincón,T. Rincón,M,"8,0",True,Venezuela,"6,9","45,0",0,0,0,0,0,"10,0","12,0","83,3","4,0",,"2,0",0,0,,,2025-09-04 23:30:00,"World Cup Qualification, CONMEBOL",Argentina,4819,Venezuela,4722,3,0,W,Venezuela,home,False,Argentina,,,,,,,,,,,,,,,,,"0,0",,,,,,,,,,,,,,,,,,,,,,,,"0,0","20,0","0,0"
14169215,away,5-3-2,878938,Cristian Cásseres Jr.,C. Cásseres Jr.,M,"23,0",True,Venezuela,"6,5","90,0",0,0,0,1,0,"18,0","24,0","75,0","3,0",,"4,0",0,0,,,2025-09-04 23:30:00,"World Cup Qualification, CONMEBOL",Argentina,4819,Venezuela,4722,3,0,W,Venezuela,home,False,Argentina,,,,,,,,,,,,,,,,,"1,0",,,,,,,,,,,,,,,,,,,,,,"90,0",,"0,0","18,0","0,0"
14169215,away,5-3-2,874739,Jefferson Savarino,J. Savarino,M,"11,0",True,Venezuela,"6,1","67,0",0,0,0,1,1,"9,0","12,0","75,0","1,0",,,0,0,,,2025-09-04 23:30:00,"World Cup Qualification, CONMEBOL",Argentina,4819,Venezuela,4722,3,0,W,Venezuela,home,False,Argentina,,,,,,,,,,,,,,,,,"1,0",,,,,,,,,,,,,,,,,,,,,,"67,0",,"0,0","12,1","0,0"
14169215,away,5-3-2,35532,Salomón Rondón,S. Rondón,F,"23,0",True,Venezuela,"6,6","56,0",0,0,0,0,1,"9,0","16,0","56,2","1,0",,,0,0,,,2025-09-04 23:30:00,"World Cup Qualification, CONMEBOL",Argentina,4819,Venezuela,4722,3,0,W,Venezuela,home,False,Argentina,,,,,,,,,,,,,,,,,"0,0",,,,,,,,,,,,,,,,,,,,,,,,"0,0","14,5","0,0"
14169215,away,5-3-2,893673,Jorge Yriarte,J. Yriarte,M,"15,0",False,Venezuela,"6,6","45,0",0,0,0,1,0,"15,0","20,0","75,0","3,0",,,0,0,,,2025-09-04 23:30:00,"World Cup Qualification, CONMEBOL",Argentina,4819,Venezuela,4722,3,0,W,Venezuela,home,False,Argentina,,,,,,,,,,,,,,,,,"1,0",,,,,,,,,,,,,,,,,,,,,,"45,0",,"0,0","30,0","0,0"
14169215,away,5-3-2,789960,Yeferson Soteldo,Y. Soteldo,M,"7,0",False,Venezuela,"6,4","34,0",0,0,0,0,0,"14,0","18,0","77,8","1,0",,,0,0,,,2025-09-04 23:30:00,"World Cup Qualification, CONMEBOL",Argentina,4819,Venezuela,4722,3,0,W,Venezuela,home,False,Argentina,,,,,,,,,,,,,,,,,"0,0",,,,,,,,,,,,,,,,,,,,,,,,"0,0","37,1","0,0"
14169215,away,5-3-2,133990,Josef Martínez,J. Martínez,F,"30,0",False,Venezuela,"6,5","34,0",0,0,0,0,0,"4,0","4,0","100,0","1,0",,,0,0,,,2025-09-04 23:30:00,"World Cup Qualification, CONMEBOL",Argentina,4819,Venezuela,4722,3,0,W,Venezuela,home,False,Argentina,,,,,,,,,,,,,,,,,"0,0",,,,,,,,,,,,,,,,,,,,,,,,"0,0","10,6","0,0"
14169215,away,5-3-2,874451,Leonardo Flores,L. Flores,M,"28,0",False,Venezuela,"6,5","23,0",0,0,0,0,1,"9,0","12,0","75,0","3,0",,,0,0,,,2025-09-04 23:30:00,"World Cup Qualification, CONMEBOL",Argentina,4819,Venezuela,4722,3,0,W,Venezuela,home,False,Argentina,,,,,,,,,,,,,,,,,"0,0",,,,,,,,,,,,,,,,,,,,,,,,"0,0","35,2","0,0"
14169215,away,5-3-2,796929,Jhon Murillo,J. Murillo,M,"7,0",False,Venezuela,"6,5","9,0",0,0,0,0,0,"1,0","1,0","100,0",,,"1,0",0,0,,,2025-09-04 23:30:00,"World Cup Qualification, CONMEBOL",Argentina,4819,Venezuela,4722,3,0,W,Venezuela,home,False,Argentina,,,,,,,,,,,,,,,,,"0,0",,,,,,,,,,,,,,,,,,,,,,,,"0,0","10,0","0,0"
14169215,away,5-3-2,33628,Alain Baroja,A. Baroja,G,"1,0",False,Venezuela,,,0,0,0,0,0,,,,,,,0,0,,,2025-09-04 23:30:00,"World Cup Qualification, CONMEBOL",Argentina,4819,Venezuela,4722,3,0,W,Venezuela,home,False,Argentina,,,,,,,,,,,,,,,,,"0,0",,,,,,,,,,,,,,,,,,,,,,,,,,
14169215,away,5-3-2,796930,Wuilker Faríñez,W. Faríñez,G,"1,0",False,Venezuela,,,0,0,0,0,0,,,,,,,0,0,,,2025-09-04 23:30:00,"World Cup Qualification, CONMEBOL",Argentina,4819,Venezuela,4722,3,0,W,Venezuela,home,False,Argentina,,,,,,,,,,,,,,,,,"0,0",,,,,,,,,,,,,,,,,,,,,,,,,,
14169215,away,5-3-2,881221,Josua Mejías,J. Mejías,D,"4,0",False,Venezuela,,,0,0,0,0,0,,,,,,,0,0,,,2025-09-04 23:30:00,"World Cup Qualification, CONMEBOL",Argentina,4819,Venezuela,4722,3,0,W,Venezuela,home,False,Argentina,,,,,,,,,,,,,,,,,"0,0",,,,,,,,,,,,,,,,,,,,,,,,,,
14169215,away,5-3-2,1116373,Daniel Pereira,D. Pereira,M,"8,0",False,Venezuela,,,0,0,0,0,0,,,,,,,0,0,,,2025-09-04 23:30:00,"World Cup Qualification, CONMEBOL",Argentina,4819,Venezuela,4722,3,0,W,Venezuela,home,False,Argentina,,,,,,,,,,,,,,,,,"0,0",,,,,,,,,,,,,,,,,,,,,,,,,,
14169215,away,5-3-2,108152,Alexander González,A. González,M,"21,0",False,Venezuela,,,0,0,0,0,0,,,,,,,0,0,,,2025-09-04 23:30:00,"World Cup Qualification, CONMEBOL",Argentina,4819,Venezuela,4722,3,0,W,Venezuela,home,False,Argentina,,,,,,,,,,,,,,,,,"0,0",,,,,,,,,,,,,,,,,,,,,,,,,,
14169215,away,5-3-2,1477498,Gleiker Mendoza,G. Mendoza,M,"7,0",False,Venezuela,,,0,0,0,0,0,,,,,,,0,0,,,2025-09-04 23:30:00,"World Cup Qualification, CONMEBOL",Argentina,4819,Venezuela,4722,3,0,W,Venezuela,home,False,Argentina,,,,,,,,,,,,,,,,,"0,0",,,,,,,,,,,,,,,,,,,,,,,,,,
14169215,away,5-3-2,1188972,Kevin Kelsy,K. Kelsy,F,"19,0",False,Venezuela,,,0,0,0,0,0,,,,,,,0,0,,,2025-09-04 23:30:00,"World Cup Qualification, CONMEBOL",Argentina,4819,Venezuela,4722,3,0,W,Venezuela,home,False,Argentina,,,,,,,,,,,,,,,,,"0,0",,,,,,,,,,,,,,,,,,,,,,,,,,
13856224,home,4-3-3,158263,Emiliano Martínez,E. Martínez,G,"23,0",True,Argentina,"7,5","90,0",0,0,0,0,0,"22,0","25,0","88,0","1,0","1,0",,0,0,,,2025-06-11 00:00:00,"World Cup Qualification, CONMEBOL",Argentina,4819,Colombia,4820,1,1,D,Colombia,home,True,Argentina,,"100,0","1,0",,"1,0","100,0",,,"5,0","2,0",,"3,0",,"11,0",,"3,0","0,0",,,,"38,0",,,,,,"0,0",,,,,"4,0",,,,,,,,,"0,0","22,0","11,0"
13856224,home,4-3-3,831799,Nahuel Molina,N. Molina,D,"16,0",True,Argentina,"6,3","45,0",0,0,0,0,0,"15,0","17,0","88,2","1,0","3,0",,0,0,,,2025-06-11 00:00:00,"World Cup Qualification, CONMEBOL",Argentina,4819,Colombia,4820,1,1,D,Colombia,home,True,Argentina,"2,0","33,3",,"1,0","1,0","0,0",,,"1,0","1,0","2,0","8,0","5,0","2,0",,"4,0","0,0",,,,"23,0",,,"1,0","1,0",,"0,0",,,,,,,,,,,,,,"0,0","30,0","4,0"
13856224,home,4-3-3,829932,Cristian Romero,C. Romero,D,"17,0",True,Argentina,"7,0","90,0",0,0,0,0,0,"66,0","69,0","95,7","4,0","11,0","5,0",0,0,,,2025-06-11 00:00:00,"World Cup Qualification, CONMEBOL",Argentina,4819,Colombia,4820,1,1,D,Colombia,home,True,Argentina,"7,0","36,4","1,0","2,0","3,0","33,3","1,0","1,0","2,0","2,0",,"30,0","28,0","3,0",,"4,0","0,0",,,,"86,0",,,,,,"0,0",,"2,0","2,0",,,,,,,,,,,"0,0","66,0","3,0"
13856224,home,4-3-3,74915,Nicolás Otamendi,N. Otamendi,D,"30,0",True,Argentina,"7,1","90,0",0,0,0,1,0,"64,0","69,0","92,8","7,0","9,0","1,0",0,0,,,2025-06-11 00:00:00,"World Cup Qualification, CONMEBOL",Argentina,4819,Colombia,4820,1,1,D,Colombia,home,True,Argentina,"2,0","77,8","4,0","1,0","5,0","80,0","3,0","2,0","1,0",,,"20,0","18,0","3,0","1,0","5,0","1,0",,,,"77,0",,,,,,"0,0",,"1,0",,,,,,,,,,"90,0",,"0,0","64,0","3,0"
13856224,home,4-3-3,860307,Facundo Medina,F. Medina,D,"32,0",True,Argentina,"6,8","78,0",0,0,0,0,0,"39,0","45,0","86,7","3,0","5,0",,0,0,,,2025-06-11 00:00:00,"World Cup Qualification, CONMEBOL",Argentina,4819,Colombia,4820,1,1,D,Colombia,home,True,Argentina,"2,0","60,0",,,,,"2,0","2,0",,,"1,0","20,0","17,0","1,0",,"9,0","0,0",,,,"57,0","1,0","1,0",,,,"0,0",,"1,0","1,0",,,,,,,,,,,"0,0","45,0","1,2"
13856224,home,4-3-3,249399,Rodrigo De Paul,R. De Paul,M,"7,0",True,Argentina,"6,9","45,0",0,0,0,0,0,"38,0","41,0","92,7","5,0","7,0","1,0",0,0,,,2025-06-11 00:00:00,"World Cup Qualification, CONMEBOL",Argentina,4819,Colombia,4820,1,1,D,Colombia,home,True,Argentina,"2,0","71,4",,,,,"3,0","1,0","2,0","1,0","3,0","27,0","21,0","2,0",,"8,0","0,0",,,,"53,0","1,0","1,0","1,0","1,0",,"0,0",,,"1,0",,,,,,,,,,,"0,0","76,0","4,0"
13856224,home,4-3-3,255389,Leandro Paredes,L. Paredes,M,"5,0",True,Argentina,"7,6","90,0",0,0,0,0,1,"100,0","101,0","99,0","6,0","7,0",,0,0,,,2025-06-11 00:00:00,"World Cup Qualification, CONMEBOL",Argentina,4819,Colombia,4820,1,1,D,Colombia,home,True,Argentina,"1,0","85,7","1,0",,"1,0","100,0","3,0","3,0","3,0","3,0",,"64,0","63,0","8,0","3,0","2,0","0,0",,,,"111,0",,,"1,0","1,0",,"0,0",,"1,0","1,0",,,,,,,,,,,"0,0","100,0","8,0"
13856224,home,4-3-3,974505,Enzo Fernández,E. Fernández,M,"8,0",True,Argentina,"6,0","70,0",0,0,0,1,0,"52,0","56,0","92,9","1,0","4,0","1,0",0,0,,,2025-06-11 00:00:00,"World Cup Qualification, CONMEBOL",Argentina,4819,Colombia,4820,1,1,D,Colombia,home,True,Argentina,"3,0","25,0",,"1,0","1,0","0,0","1,0","1,0",,,,"29,0","27,0",,,"8,0","1,0","1,0",,,"68,0","4,0",,,,,"0,0",,"2,0",,,,,,,,,,"70,0",,"0,0","66,9","0,0"
13856224,home,4-3-3,12994,Lionel Messi,L. Messi,F,"10,0",True,Argentina,"8,2","78,0",0,0,0,3,1,"43,0","54,0","79,6","12,0","17,0","1,0",0,0,,,2025-06-11 00:00:00,"World Cup Qualification, CONMEBOL",Argentina,4819,Colombia,4820,1,1,D,Colombia,home,True,Argentina,"5,0","70,6",,,,,"1,0","1,0","4,0","3,0","4,0","52,0","38,0","2,0",,"25,0","4,0",,,,"87,0","3,0","1,0","10,0","7,0",,"0,0",,"1,0","4,0","1,0",,,,,,,,"19,5",,"0,0","49,6","2,3"
13856224,home,4-3-3,944656,Julián Alvarez,J. Álvarez,F,"19,0",True,Argentina,"6,8","90,0",0,0,1,0,1,"26,0","30,0","86,7","2,0","10,0",,0,0,,,2025-06-11 00:00:00,"World Cup Qualification, CONMEBOL",Argentina,4819,Colombia,4820,1,1,D,Colombia,home,True,Argentina,"8,0","20,0",,"1,0","1,0","0,0","1,0",,,,,"22,0","18,0","1,0",,"10,0","1,0",,,,"43,0","2,0","1,0","3,0","1,0",,"0,0",,"4,0",,"1,0",,,,,,,,"90,0","90,0","0,0","26,0","1,0"
13856224,home,4-3-3,944660,Thiago Almada,T. Almada,M,"11,0",True,Argentina,"8,1","89,0",1,0,1,0,3,"54,0","59,0","91,5","5,0","8,0","1,0",0,0,,,2025-06-11 00:00:00,"World Cup Qualification, CONMEBOL",Argentina,4819,Colombia,4820,1,1,D,Colombia,home,True,Argentina,"3,0","62,5",,,,,"3,0","2,0",,,"3,0","49,0","43,0","5,0","1,0","11,0","1,0",,,,"76,0","3,0",,"2,0","1,0",,"0,0",,"1,0","1,0","1,0",,,,,,,,"89,0","89,0","1,01","54,6","5,1"
13856224,home,4-3-3,901325,Nicolás González,N. González,M,"23,0",False,Argentina,"7,1","45,0",0,0,1,1,1,"10,0","10,0","100,0","1,0","2,0","3,0",0,0,,,2025-06-11 00:00:00,"World Cup Qualification, CONMEBOL",Argentina,4819,Colombia,4820,1,1,D,Colombia,home,True,Argentina,"1,0","50,0",,"1,0","1,0","0,0",,,,,"1,0","7,0","6,0","2,0","2,0","2,0","2,0","1,0","1,0","1,0","21,0",,,,,,"0,0",,,"1,0",,,,,,,,,"22,5","45,0","0,0","20,0","4,0"
13856224,home,4-3-3,1099352,Giuliano Simeone,G. Simeone,M,"20,0",False,Argentina,"6,9","45,0",0,0,0,0,0,"15,0","19,0","78,9","4,0","7,0",,0,0,,,2025-06-11 00:00:00,"World Cup Qualification, CONMEBOL",Argentina,4819,Colombia,4820,1,1,D,Colombia,home,True,Argentina,"3,0","57,1","1,0","1,0","2,0","50,0","1,0","1,0",,,"1,0","14,0","9,0","1,0",,"5,0","0,0",,,,"24,0",,,"1,0","1,0",,"0,0",,"2,0","1,0","1,0",,,,,,,,,,"0,0","30,0","2,0"
13856224,home,4-3-3,873189,Juan Foyth,J. Foyth,D,"8,0",False,Argentina,"6,5","12,0",0,0,0,0,0,"4,0","5,0","80,0","1,0","3,0",,0,0,,,2025-06-11 00:00:00,"World Cup Qualification, CONMEBOL",Argentina,4819,Colombia,4820,1,1,D,Colombia,home,True,Argentina,"2,0","33,3",,,,,"1,0","1,0",,,,"3,0","3,0",,"1,0","2,0","0,0",,,,"10,0",,"1,0",,,,"0,0",,"1,0",,,,,,,,,,,,"0,0","30,0","0,0"
13856224,home,4-3-3,822600,Exequiel Palacios,E. Palacios,M,"25,0",False,Argentina,"6,8","12,0",0,1,0,0,1,"5,0","6,0","83,3",,,,0,0,,,2025-06-11 00:00:00,"World Cup Qualification, CONMEBOL",Argentina,4819,Colombia,4820,1,1,D,Colombia,home,True,Argentina,,,,,,,,,"2,0","1,0","1,0","5,0","4,0",,,"2,0","0,0",,,,"8,0",,,,,,"0,0",,,,,,,,,,,,,,"7,5","37,5","0,0"
13856224,home,4-3-3,928236,Leonardo Balerdi,L. Balerdi,D,"5,0",False,Argentina,,"1,0",0,0,0,0,0,,,,,,,0,0,,,2025-06-11 00:00:00,"World Cup Qualification, CONMEBOL",Argentina,4819,Colombia,4820,1,1,D,Colombia,home,True,Argentina,,,,,,,,,,,,,,,,,"0,0",,,,,,,,,,"0,0",,,,,,,,,,,,,,"0,0","0,0","0,0"
13856224,home,4-3-3,128383,Gerónimo Rulli,G. Rulli,G,"1,0",False,Argentina,,,0,0,0,0,0,,,,,,,0,0,,,2025-06-11 00:00:00,"World Cup Qualification, CONMEBOL",Argentina,4819,Colombia,4820,1,1,D,Colombia,home,True,Argentina,,,,,,,,,,,,,,,,,"0,0",,,,,,,,,,,,,,,,,,,,,,,,,,
13856224,home,4-3-3,249859,Walter Benítez,W. Benítez,G,"44,0",False,Argentina,,,0,0,0,0,0,,,,,,,0,0,,,2025-06-11 00:00:00,"World Cup Qualification, CONMEBOL",Argentina,4819,Colombia,4820,1,1,D,Colombia,home,True,Argentina,,,,,,,,,,,,,,,,,"0,0",,,,,,,,,,,,,,,,,,,,,,,,,,
13856224,home,4-3-3,1127057,Valentín Barco,V. Barco,M,"32,0",False,Argentina,,,0,0,0,0,0,,,,,,,0,0,,,2025-06-11 00:00:00,"World Cup Qualification, CONMEBOL",Argentina,4819,Colombia,4820,1,1,D,Colombia,home,True,Argentina,,,,,,,,,,,,,,,,,"0,0",,,,,,,,,,,,,,,,,,,,,,,,,,
13856224,home,4-3-3,1171451,Nico Paz,N. Paz,M,"10,0",False,Argentina,,,0,0,0,0,0,,,,,,,0,0,,,2025-06-11 00:00:00,"World Cup Qualification, CONMEBOL",Argentina,4819,Colombia,4820,1,1,D,Colombia,home,True,Argentina,,,,,,,,,,,,,,,,,"0,0",,,,,,,,,,,,,,,,,,,,,,,,,,
13856224,home,4-3-3,823984,Lautaro Martínez,L. Martínez,F,"10,0",False,Argentina,,,0,0,0,0,0,,,,,,,0,0,,,2025-06-11 00:00:00,"World Cup Qualification, CONMEBOL",Argentina,4819,Colombia,4820,1,1,D,Colombia,home,True,Argentina,,,,,,,,,,,,,,,,,"0,0",,,,,,,,,,,,,,,,,,,,,,,,,,
13856224,home,4-3-3,316152,Ángel Correa,Á. Correa,F,"7,0",False,Argentina,,,0,0,0,0,0,,,,,,,0,0,,,2025-06-11 00:00:00,"World Cup Qualification, CONMEBOL",Argentina,4819,Colombia,4820,1,1,D,Colombia,home,True,Argentina,,,,,,,,,,,,,,,,,"0,0",,,,,,,,,,,,,,,,,,,,,,,,,,
13856224,home,4-3-3,1403559,Franco Mastantuono,F. Mastantuono,F,"30,0",False,Argentina,,,0,0,0,0,0,,,,,,,0,0,,,2025-06-11 00:00:00,"World Cup Qualification, CONMEBOL",Argentina,4819,Colombia,4820,1,1,D,Colombia,home,True,Argentina,,,,,,,,,,,,,,,,,"0,0",,,,,,,,,,,,,,,,,,,,,,,,,,
13856224,away,4-3-3,876190,Kevin Mier,K. Mier,G,"23,0",True,Colombia,"6,7","90,0",0,0,0,0,0,"23,0","35,0","65,7",,,,0,0,,,2025-06-11 00:00:00,"World Cup Qualification, CONMEBOL",Argentina,4819,Colombia,4820,1,1,D,Colombia,home,False,Argentina,,,,,,,,,,,,,,,,,"0,0",,,,,,,,,,,,,,,,,,,,,,,,"0,0","23,0","0,0"
13856224,away,4-3-3,870360,Daniel Muñoz,D. Muñoz,M,"2,0",True,Colombia,"6,5","90,0",0,0,0,0,1,"16,0","21,0","76,2","4,0",,,0,0,,,2025-06-11 00:00:00,"World Cup Qualification, CONMEBOL",Argentina,4819,Colombia,4820,1,1,D,Colombia,home,False,Argentina,,,,,,,,,,,,,,,,,"0,0",,,,,,,,,,,,,,,,,,,,,,,,"0,0","16,0","0,0"
13856224,away,4-3-3,566102,Davinson Sánchez,D. Sánchez,D,"6,0",True,Colombia,"7,0","90,0",0,0,0,0,1,"37,0","44,0","84,1","5,0",,"2,0",0,0,,,2025-06-11 00:00:00,"World Cup Qualification, CONMEBOL",Argentina,4819,Colombia,4820,1,1,D,Colombia,home,False,Argentina,,,,,,,,,,,,,,,,,"0,0",,,,,,,,,,,,,,,,,,,,,,,,"0,0","37,0","0,0"
13856224,away,4-3-3,818481,Jhon Lucumí,J. Lucumí,D,"26,0",True,Colombia,"6,7","90,0",0,0,0,0,0,"48,0","52,0","92,3","1,0",,"1,0",0,0,,,2025-06-11 00:00:00,"World Cup Qualification, CONMEBOL",Argentina,4819,Colombia,4820,1,1,D,Colombia,home,False,Argentina,,,,,,,,,,,,,,,,,"0,0",,,,,,,,,,,,,,,,,,,,,,,,"0,0","48,0","0,0"
13856224,away,4-3-3,822110,Deiver Machado,D. Machado,D,"27,0",True,Colombia,"6,6","90,0",0,0,0,1,1,"25,0","29,0","86,2","2,0",,,0,0,,,2025-06-11 00:00:00,"World Cup Qualification, CONMEBOL",Argentina,4819,Colombia,4820,1,1,D,Colombia,home,False,Argentina,,,,,,,,,,,,,,,,,"1,0",,,,,,,,,,,,,,,,,,,,,,"90,0",,"0,0","25,0","0,0"
13856224,away,4-3-3,1015292,Richard Ríos,R. Ríos,M,"20,0",True,Colombia,"6,5","90,0",0,0,1,1,0,"18,0","23,0","78,3","4,0",,,0,0,,,2025-06-11 00:00:00,"World Cup Qualification, CONMEBOL",Argentina,4819,Colombia,4820,1,1,D,Colombia,home,False,Argentina,,,,,,,,,,,,,,,,,"2,0",,,,,,,,,,,,,,,,,,,,,,"45,0","90,0","0,0","18,0","0,0"
13856224,away,4-3-3,355796,Jefferson Lerma,J. Lerma,M,"8,0",True,Colombia,"6,8","90,0",0,0,0,0,0,"40,0","41,0","97,6","3,0",,,0,0,,,2025-06-11 00:00:00,"World Cup Qualification, CONMEBOL",Argentina,4819,Colombia,4820,1,1,D,Colombia,home,False,Argentina,,,,,,,,,,,,,,,,,"0,0",,,,,,,,,,,,,,,,,,,,,,,,"0,0","40,0","0,0"
13856224,away,4-3-3,1066915,Kevin Castaño,K. Castaño,M,"22,0",True,Colombia,"7,1","73,0",0,1,0,0,1,"29,0","32,0","90,6","4,0",,"1,0",0,0,,,2025-06-11 00:00:00,"World Cup Qualification, CONMEBOL",Argentina,4819,Colombia,4820,1,1,D,Colombia,home,False,Argentina,,,,,,,,,,,,,,,,,"0,0",,,,,,,,,,,,,,,,,,,,,,,,"1,23","35,8","0,0"
13856224,away,4-3-3,107414,James Rodríguez,J. Rodríguez,M,"10,0",True,Colombia,"7,0","73,0",0,0,0,0,2,"19,0","24,0","79,2","3,0",,,0,0,,,2025-06-11 00:00:00,"World Cup Qualification, CONMEBOL",Argentina,4819,Colombia,4820,1,1,D,Colombia,home,False,Argentina,,,,,,,,,,,,,,,,,"0,0",,,,,,,,,,,,,,,,,,,,,,,,"0,0","23,4","0,0"
13856224,away,4-3-3,883537,Luis Díaz,L. Díaz,M,"14,0",True,Colombia,"8,1","90,0",1,0,2,0,2,"12,0","15,0","80,0","12,0",,"1,0",0,0,,,2025-06-11 00:00:00,"World Cup Qualification, CONMEBOL",Argentina,4819,Colombia,4820,1,1,D,Colombia,home,False,Argentina,,,,,,,,,,,,,,,,,"2,0",,,,,,,,,,,,,,,,,,,,,,"45,0","45,0","1,0","12,0","0,0"
13856224,away,4-3-3,877299,Jaminton Campaz,Jaminton Campaz,M,"8,0",True,Colombia,"6,3","57,0",0,0,0,0,1,"14,0","18,0","77,8","1,0",,"1,0",0,0,,,2025-06-11 00:00:00,"World Cup Qualification, CONMEBOL",Argentina,4819,Colombia,4820,1,1,D,Colombia,home,False,Argentina,,,,,,,,,,,,,,,,,"0,0",,,,,,,,,,,,,,,,,,,,,,,,"0,0","22,1","0,0"
13856224,away,4-3-3,870013,Andrés Román,A. Román,D,"6,0",False,Colombia,"6,4","33,0",0,0,1,0,0,"1,0","1,0","100,0",,,,0,0,,,2025-06-11 00:00:00,"World Cup Qualification, CONMEBOL",Argentina,4819,Colombia,4820,1,1,D,Colombia,home,False,Argentina,,,,,,,,,,,,,,,,,"1,0",,,,,,,,,,,,,,,,,,,,,,"33,0","33,0","0,0","2,7","0,0"
13856224,away,4-3-3,844096,Jhon Arias,J. Arias,M,"11,0",False,Colombia,"6,4","17,0",0,0,1,0,0,"5,0","6,0","83,3","1,0",,,0,0,,,2025-06-11 00:00:00,"World Cup Qualification, CONMEBOL",Argentina,4819,Colombia,4820,1,1,D,Colombia,home,False,Argentina,,,,,,,,,,,,,,,,,"1,0",,,,,,,,,,,,,,,,,,,,,,"17,0","17,0","0,0","26,5","0,0"
13856224,away,4-3-3,818936,Rafael Carrascal,R. Carrascal,M,"15,0",False,Colombia,"6,7","17,0",0,0,0,0,0,"4,0","4,0","100,0","1,0",,,0,0,,,2025-06-11 00:00:00,"World Cup Qualification, CONMEBOL",Argentina,4819,Colombia,4820,1,1,D,Colombia,home,False,Argentina,,,,,,,,,,,,,,,,,"0,0",,,,,,,,,,,,,,,,,,,,,,,,"0,0","21,2","0,0"
13856224,away,4-3-3,125787,Camilo Vargas,C. Vargas,G,"12,0",False,Colombia,,,0,0,0,0,0,,,,,,,0,0,,,2025-06-11 00:00:00,"World Cup Qualification, CONMEBOL",Argentina,4819,Colombia,4820,1,1,D,Colombia,home,False,Argentina,,,,,,,,,,,,,,,,,"0,0",,,,,,,,,,,,,,,,,,,,,,,,,,
13856224,away,4-3-3,33596,David Ospina,D. Ospina,G,"1,0",False,Colombia,,,0,0,0,0,0,,,,,,,0,0,,,2025-06-11 00:00:00,"World Cup Qualification, CONMEBOL",Argentina,4819,Colombia,4820,1,1,D,Colombia,home,False,Argentina,,,,,,,,,,,,,,,,,"0,0",,,,,,,,,,,,,,,,,,,,,,,,,,
13856224,away,4-3-3,831038,Cristián Borja,C. Borja,D,"26,0",False,Colombia,,,0,0,0,0,0,,,,,,,0,0,,,2025-06-11 00:00:00,"World Cup Qualification, CONMEBOL",Argentina,4819,Colombia,4820,1,1,D,Colombia,home,False,Argentina,,,,,,,,,,,,,,,,,"0,0",,,,,,,,,,,,,,,,,,,,,,,,,,
13856224,away,4-3-3,360396,Yerry Mina,Y. Mina,D,"26,0",False,Colombia,,,0,0,0,0,0,,,,,,,0,0,,,2025-06-11 00:00:00,"World Cup Qualification, CONMEBOL",Argentina,4819,Colombia,4820,1,1,D,Colombia,home,False,Argentina,,,,,,,,,,,,,,,,,"0,0",,,,,,,,,,,,,,,,,,,,,,,,,,
13856224,away,4-3-3,972587,Marino Hinestroza,M. Hinestroza,M,"18,0",False,Colombia,,,0,0,0,0,0,,,,,,,0,0,,,2025-06-11 00:00:00,"World Cup Qualification, CONMEBOL",Argentina,4819,Colombia,4820,1,1,D,Colombia,home,False,Argentina,,,,,,,,,,,,,,,,,"0,0",,,,,,,,,,,,,,,,,,,,,,,,,,
13856224,away,4-3-3,590392,Jorge Carrascal,J. Carrascal,M,"15,0",False,Colombia,,,0,0,0,0,0,,,,,,,0,0,,,2025-06-11 00:00:00,"World Cup Qualification, CONMEBOL",Argentina,4819,Colombia,4820,1,1,D,Colombia,home,False,Argentina,,,,,,,,,,,,,,,,,"0,0",,,,,,,,,,,,,,,,,,,,,,,,,,
13856224,away,4-3-3,1174889,Gustavo Puerta,G. Puerta,M,"19,0",False,Colombia,,,0,0,0,0,0,,,,,,,0,0,,,2025-06-11 00:00:00,"World Cup Qualification, CONMEBOL",Argentina,4819,Colombia,4820,1,1,D,Colombia,home,False,Argentina,,,,,,,,,,,,,,,,,"0,0",,,,,,,,,,,,,,,,,,,,,,,,,,
13856224,away,4-3-3,887055,Cucho Hernández,C. Hernández,F,"19,0",False,Colombia,,,0,0,0,0,0,,,,,,,0,0,,,2025-06-11 00:00:00,"World Cup Qualification, CONMEBOL",Argentina,4819,Colombia,4820,1,1,D,Colombia,home,False,Argentina,,,,,,,,,,,,,,,,,"0,0",,,,,,,,,,,,,,,,,,,,,,,,,,
13856224,away,4-3-3,914213,Luis Javier Suárez,L. J. Suárez ,F,"97,0",False,Colombia,,,0,0,0,0,0,,,,,,,0,0,,,2025-06-11 00:00:00,"World Cup Qualification, CONMEBOL",Argentina,4819,Colombia,4820,1,1,D,Colombia,home,False,Argentina,,,,,,,,,,,,,,,,,"0,0",,,,,,,,,,,,,,,,,,,,,,,,,,
13856223,home,4-3-3,247959,Brayan Cortés,B. Cortés,G,"25,0",True,Chile,"7,1","90,0",0,0,0,0,0,"21,0","31,0","67,7",,,,0,0,,,2025-06-06 01:00:00,"World Cup Qualification, CONMEBOL",Chile,4754,Argentina,4819,0,1,W,Chile,away,False,Argentina,,,,,,,,,,,,,,,,,"0,0",,,,,,,,,,,,,,,,,,,,,,,,"0,0","21,0","0,0"
13856223,home,4-3-3,1125917,Felipe Loyola,F. Loyola,M,"35,0",True,Chile,"6,9","87,0",0,0,0,0,0,"24,0","29,0","82,8","3,0",,"4,0",0,0,,,2025-06-06 01:00:00,"World Cup Qualification, CONMEBOL",Chile,4754,Argentina,4819,0,1,W,Chile,away,False,Argentina,,,,,,,,,,,,,,,,,"0,0",,,,,,,,,,,,,,,,,,,,,,,,"0,0","24,8","0,0"
13856223,home,4-3-3,339909,Guillermo Maripán,G. Maripán,D,"13,0",True,Chile,"6,6","90,0",0,0,0,0,0,"27,0","33,0","81,8","1,0",,"1,0",0,0,,,2025-06-06 01:00:00,"World Cup Qualification, CONMEBOL",Chile,4754,Argentina,4819,0,1,W,Chile,away,False,Argentina,,,,,,,,,,,,,,,,,"0,0",,,,,,,,,,,,,,,,,,,,,,,,"0,0","27,0","0,0"
13856223,home,4-3-3,805096,Francisco Sierralta,F. Sierralta,D,"4,0",True,Chile,"6,3","90,0",0,0,0,0,0,"29,0","34,0","85,3",,,,0,0,,,2025-06-06 01:00:00,"World Cup Qualification, CONMEBOL",Chile,4754,Argentina,4819,0,1,W,Chile,away,False,Argentina,,,,,,,,,,,,,,,,,"0,0",,,,,,,,,,,,,,,,,,,,,,,,"0,0","29,0","0,0"
13856223,home,4-3-3,818986,Gabriel Suazo,G. Suazo,D,"12,0",True,Chile,"6,8","90,0",0,0,0,0,2,"33,0","39,0","84,6","3,0",,"1,0",0,0,,,2025-06-06 01:00:00,"World Cup Qualification, CONMEBOL",Chile,4754,Argentina,4819,0,1,W,Chile,away,False,Argentina,,,,,,,,,,,,,,,,,"0,0",,,,,,,,,,,,,,,,,,,,,,,,"0,0","33,0","0,0"
13856223,home,4-3-3,18342,Arturo Vidal,Arturo Vidal,M,"23,0",True,Chile,"6,7","45,0",0,0,0,1,0,"8,0","9,0","88,9","3,0",,"1,0",0,0,,,2025-06-06 01:00:00,"World Cup Qualification, CONMEBOL",Chile,4754,Argentina,4819,0,1,W,Chile,away,False,Argentina,,,,,,,,,,,,,,,,,"1,0",,,,,,,,,,,,,,,,,,,,,,"45,0",,"0,0","16,0","0,0"
13856223,home,4-3-3,339265,Rodrigo Echeverría,R. Echeverría,M,"20,0",True,Chile,"7,3","90,0",0,0,0,0,0,"38,0","47,0","80,9","6,0",,"2,0",0,0,,,2025-06-06 01:00:00,"World Cup Qualification, CONMEBOL",Chile,4754,Argentina,4819,0,1,W,Chile,away,False,Argentina,,,,,,,,,,,,,,,,,"0,0",,,,,,,,,,,,,,,,,,,,,,,,"0,0","38,0","0,0"
13856223,home,4-3-3,986754,Vicente Pizarro,V. Pizarro,M,"20,0",True,Chile,"6,6","45,0",0,0,0,0,0,"17,0","18,0","94,4","3,0",,,0,0,,,2025-06-06 01:00:00,"World Cup Qualification, CONMEBOL",Chile,4754,Argentina,4819,0,1,W,Chile,away,False,Argentina,,,,,,,,,,,,,,,,,"0,0",,,,,,,,,,,,,,,,,,,,,,,,"0,0","34,0","0,0"
13856223,home,4-3-3,1126447,Lucas Cepeda,L. Cepeda,M,"24,0",True,Chile,"6,7","90,0",0,0,1,1,0,"15,0","23,0","65,2","6,0",,,0,0,,,2025-06-06 01:00:00,"World Cup Qualification, CONMEBOL",Chile,4754,Argentina,4819,0,1,W,Chile,away,False,Argentina,,,,,,,,,,,,,,,,,"2,0",,,,,,,,,,,,,,,,,,,,,,"45,0","90,0","0,0","15,0","0,0"
13856223,home,4-3-3,34120,Alexis Sánchez,A. Sánchez,F,"10,0",True,Chile,"7,0","87,0",0,0,1,0,2,"16,0","20,0","80,0","2,0",,,0,0,,,2025-06-06 01:00:00,"World Cup Qualification, CONMEBOL",Chile,4754,Argentina,4819,0,1,W,Chile,away,False,Argentina,,,,,,,,,,,,,,,,,"1,0",,,,,,,,,,,,,,,,,,,,,,"87,0","87,0","0,0","16,6","0,0"
13856223,home,4-3-3,1106824,Darío Osorio,D. Osorio,M,"11,0",True,Chile,"6,4","58,0",0,0,0,0,2,"7,0","9,0","77,8","1,0",,"2,0",0,0,,,2025-06-06 01:00:00,"World Cup Qualification, CONMEBOL",Chile,4754,Argentina,4819,0,1,W,Chile,away,False,Argentina,,,,,,,,,,,,,,,,,"0,0",,,,,,,,,,,,,,,,,,,,,,,,"0,0","10,9","0,0"
13856223,home,4-3-3,818897,Fabián Hormazábal,F. Hormazábal,D,"17,0",False,Chile,"6,8","45,0",0,0,0,0,0,"15,0","19,0","78,9","2,0",,"1,0",0,0,,,2025-06-06 01:00:00,"World Cup Qualification, CONMEBOL",Chile,4754,Argentina,4819,0,1,W,Chile,away,False,Argentina,,,,,,,,,,,,,,,,,"0,0",,,,,,,,,,,,,,,,,,,,,,,,"0,0","30,0","0,0"
13856223,home,4-3-3,925337,Javier Altamirano,J. Altamirano,M,"19,0",False,Chile,"7,0","45,0",0,0,1,0,0,"21,0","24,0","87,5","3,0",,,0,0,,,2025-06-06 01:00:00,"World Cup Qualification, CONMEBOL",Chile,4754,Argentina,4819,0,1,W,Chile,away,False,Argentina,,,,,,,,,,,,,,,,,"1,0",,,,,,,,,,,,,,,,,,,,,,"45,0","45,0","0,0","42,0","0,0"
13856223,home,4-3-3,1000502,Alexander Aravena,A. Aravena,F,"28,0",False,Chile,"6,7","32,0",0,0,0,0,0,"11,0","13,0","84,6","4,0",,,0,0,,,2025-06-06 01:00:00,"World Cup Qualification, CONMEBOL",Chile,4754,Argentina,4819,0,1,W,Chile,away,False,Argentina,,,,,,,,,,,,,,,,,"0,0",,,,,,,,,,,,,,,,,,,,,,,,"0,0","30,9","0,0"
13856223,home,4-3-3,1014801,Marcelino Núñez,M. Núñez,M,"32,0",False,Chile,"6,5","8,0",0,0,0,0,0,"10,0","14,0","71,4",,,,0,0,,,2025-06-06 01:00:00,"World Cup Qualification, CONMEBOL",Chile,4754,Argentina,4819,0,1,W,Chile,away,False,Argentina,,,,,,,,,,,,,,,,,"0,0",,,,,,,,,,,,,,,,,,,,,,,,"0,0","112,5","0,0"
13856223,home,4-3-3,588782,Víctor Dávila,V. Dávila,F,"11,0",False,Chile,"6,5","8,0",0,0,0,0,0,"2,0","2,0","100,0",,,,0,0,,,2025-06-06 01:00:00,"World Cup Qualification, CONMEBOL",Chile,4754,Argentina,4819,0,1,W,Chile,away,False,Argentina,,,,,,,,,,,,,,,,,"0,0",,,,,,,,,,,,,,,,,,,,,,,,"0,0","22,5","0,0"
13856223,home,4-3-3,805183,Gabriel Castellón,G. Castellón,G,"25,0",False,Chile,,,0,0,0,0,0,,,,,,,0,0,,,2025-06-06 01:00:00,"World Cup Qualification, CONMEBOL",Chile,4754,Argentina,4819,0,1,W,Chile,away,False,Argentina,,,,,,,,,,,,,,,,,"0,0",,,,,,,,,,,,,,,,,,,,,,,,,,
13856223,home,4-3-3,373240,Lawrence Vigouroux,L. Vigouroux,G,"22,0",False,Chile,,,0,0,0,0,0,,,,,,,0,0,,,2025-06-06 01:00:00,"World Cup Qualification, CONMEBOL",Chile,4754,Argentina,4819,0,1,W,Chile,away,False,Argentina,,,,,,,,,,,,,,,,,"0,0",,,,,,,,,,,,,,,,,,,,,,,,,,
13856223,home,4-3-3,590324,Benjamin Kuscevic,B. Kuscevic,D,"13,0",False,Chile,,,0,0,0,0,0,,,,,,,0,0,,,2025-06-06 01:00:00,"World Cup Qualification, CONMEBOL",Chile,4754,Argentina,4819,0,1,W,Chile,away,False,Argentina,,,,,,,,,,,,,,,,,"0,0",,,,,,,,,,,,,,,,,,,,,,,,,,
13856223,home,4-3-3,221566,Igor Lichnovsky,I. Lichnovsky,D,"3,0",False,Chile,,,0,0,0,0,0,,,,,,,0,0,,,2025-06-06 01:00:00,"World Cup Qualification, CONMEBOL",Chile,4754,Argentina,4819,0,1,W,Chile,away,False,Argentina,,,,,,,,,,,,,,,,,"0,0",,,,,,,,,,,,,,,,,,,,,,,,,,
13856223,home,4-3-3,339681,Esteban Pavez,E. Pavez,M,"5,0",False,Chile,,,0,0,0,0,0,,,,,,,0,0,,,2025-06-06 01:00:00,"World Cup Qualification, CONMEBOL",Chile,4754,Argentina,4819,0,1,W,Chile,away,False,Argentina,,,,,,,,,,,,,,,,,"0,0",,,,,,,,,,,,,,,,,,,,,,,,,,
13856223,home,4-3-3,846503,Matías Sepúlveda,M. Sepúlveda,M,"16,0",False,Chile,,,0,0,0,0,0,,,,,,,0,0,,,2025-06-06 01:00:00,"World Cup Qualification, CONMEBOL",Chile,4754,Argentina,4819,0,1,W,Chile,away,False,Argentina,,,,,,,,,,,,,,,,,"0,0",,,,,,,,,,,,,,,,,,,,,,,,,,
13856223,home,4-3-3,1002939,Lucas Assadi,L. Assadi,F,"10,0",False,Chile,,,0,0,0,0,0,,,,,,,0,0,,,2025-06-06 01:00:00,"World Cup Qualification, CONMEBOL",Chile,4754,Argentina,4819,0,1,W,Chile,away,False,Argentina,,,,,,,,,,,,,,,,,"0,0",,,,,,,,,,,,,,,,,,,,,,,,,,
13856223,away,4-2-3-1,158263,Emiliano Martínez,E. Martínez,G,"23,0",True,Argentina,"7,6","90,0",0,0,0,0,0,"41,0","43,0","95,3",,,,0,0,,,2025-06-06 01:00:00,"World Cup Qualification, CONMEBOL",Chile,4754,Argentina,4819,0,1,W,Chile,away,True,Argentina,,,,,,,,,"5,0","3,0",,"3,0","1,0","4,0","1,0","2,0","0,0",,,,"51,0",,,,,,"0,0",,,,,"3,0",,,,,,,,,"0,0","41,0","4,0"
13856223,away,4-2-3-1,831799,Nahuel Molina,N. Molina,D,"16,0",True,Argentina,"7,1","90,0",0,0,0,0,0,"46,0","55,0","83,6","2,0","2,0","2,0",0,0,,,2025-06-06 01:00:00,"World Cup Qualification, CONMEBOL",Chile,4754,Argentina,4819,0,1,W,Chile,away,True,Argentina,,"100,0","1,0",,"1,0","100,0",,,"6,0","3,0","1,0","12,0","7,0","2,0","2,0","11,0","0,0",,,,"71,0","1,0",,"1,0","1,0",,"0,0",,,,,,,,,,,,,,"0,0","46,0","2,0"
13856223,away,4-2-3-1,829932,Cristian Romero,C. Romero,D,"17,0",True,Argentina,"8,0","90,0",0,0,0,0,1,"106,0","109,0","97,2","8,0","12,0","3,0",0,0,,,2025-06-06 01:00:00,"World Cup Qualification, CONMEBOL",Chile,4754,Argentina,4819,0,1,W,Chile,away,True,Argentina,"4,0","66,7","2,0",,"2,0","100,0","3,0","1,0","4,0","3,0",,"16,0","15,0","5,0","5,0","3,0","0,0",,,,"126,0",,,"2,0","2,0",,"0,0",,"2,0","1,0",,,,,,,,,,,"0,0","106,0","5,0"
13856223,away,4-2-3-1,928236,Leonardo Balerdi,L. Balerdi,D,"5,0",True,Argentina,"6,9","79,0",0,0,0,0,0,"89,0","91,0","97,8","3,0","4,0",,0,0,,,2025-06-06 01:00:00,"World Cup Qualification, CONMEBOL",Chile,4754,Argentina,4819,0,1,W,Chile,away,True,Argentina,"1,0","75,0","3,0",,"3,0","100,0",,,"4,0","3,0",,"9,0","8,0","7,0","3,0","2,0","0,0",,,,"96,0",,,,,,"0,0",,"1,0",,,,,,,,,,,,"0,0","101,4","8,0"
13856223,away,4-2-3-1,158243,Nicolás Tagliafico,N. Tagliafico,D,"3,0",True,Argentina,"7,0","90,0",0,0,0,0,0,"39,0","42,0","92,9","3,0","7,0","3,0",0,0,,,2025-06-06 01:00:00,"World Cup Qualification, CONMEBOL",Chile,4754,Argentina,4819,0,1,W,Chile,away,True,Argentina,"4,0","42,9","1,0",,"1,0","100,0",,,"2,0","2,0",,"14,0","11,0","1,0","2,0","4,0","0,0",,,,"58,0",,,"1,0",,,"0,0",,"3,0","2,0",,,,,,,,,,,"0,0","39,0","1,0"
13856223,away,4-2-3-1,822600,Exequiel Palacios,E. Palacios,M,"25,0",True,Argentina,"6,9","90,0",0,0,0,0,0,"95,0","103,0","92,2","5,0","6,0",,0,0,,,2025-06-06 01:00:00,"World Cup Qualification, CONMEBOL",Chile,4754,Argentina,4819,0,1,W,Chile,away,True,Argentina,"1,0","83,3",,,,,"4,0","3,0",,,,"30,0","25,0","10,0",,"10,0","0,0",,,,"110,0","1,0","1,0",,,,"0,0",,,"1,0",,,,,,,,,,,"0,0","95,0","10,0"
13856223,away,4-2-3-1,249399,Rodrigo De Paul,R. De Paul,M,"7,0",True,Argentina,"7,0","90,0",0,0,0,1,2,"99,0","104,0","95,2","6,0","13,0",,0,0,,,2025-06-06 01:00:00,"World Cup Qualification, CONMEBOL",Chile,4754,Argentina,4819,0,1,W,Chile,away,True,Argentina,"7,0","46,2","1,0","1,0","2,0","50,0","4,0","3,0","8,0","6,0",,"28,0","24,0","5,0",,"13,0","1,0",,,,"121,0","4,0",,"3,0",,,"0,0",,,"1,0","1,0",,,,,,,,"90,0",,"0,0","99,0","5,0"
13856223,away,4-2-3-1,1099352,Giuliano Simeone,G. Simeone,M,"20,0",True,Argentina,"6,8","84,0",0,0,1,2,3,"30,0","36,0","83,3","6,0","11,0",,0,0,,,2025-06-06 01:00:00,"World Cup Qualification, CONMEBOL",Chile,4754,Argentina,4819,0,1,W,Chile,away,True,Argentina,"5,0","54,5",,,,,"4,0","2,0","2,0","2,0","1,0","19,0","13,0","4,0",,"11,0","3,0","2,0",,,"53,0","1,0","1,0","3,0","1,0",,"0,0",,"2,0","1,0","1,0",,,,,,,,"28,0","84,0","0,0","32,1","4,3"
13856223,away,4-2-3-1,1171451,Nico Paz,N. Paz,M,"10,0",True,Argentina,"6,2","57,0",0,0,0,0,0,"20,0","23,0","87,0","3,0","7,0",,0,0,,,2025-06-06 01:00:00,"World Cup Qualification, CONMEBOL",Chile,4754,Argentina,4819,0,1,W,Chile,away,True,Argentina,"4,0","42,9",,,,,"1,0",,"1,0",,,"8,0","5,0","1,0",,"9,0","2,0",,,,"36,0","2,0",,"6,0","2,0",,"0,0",,,,,,,,,,,,"28,5",,"0,0","31,6","1,6"
13856223,away,4-2-3-1,944660,Thiago Almada,T. Almada,M,"11,0",True,Argentina,"7,6","84,0",0,1,1,0,1,"46,0","57,0","80,7","1,0","5,0","4,0",0,0,,,2025-06-06 01:00:00,"World Cup Qualification, CONMEBOL",Chile,4754,Argentina,4819,0,1,W,Chile,away,True,Argentina,"4,0","20,0",,,,,,,"3,0","2,0","1,0","20,0","16,0","2,0",,"15,0","1,0",,"1,0",,"70,0","1,0","2,0",,,,"0,0",,,"1,0",,,,,,,,,"84,0","84,0","1,07","49,3","2,1"
13856223,away,4-2-3-1,944656,Julián Alvarez,J. Álvarez,F,"19,0",True,Argentina,"7,3","80,0",1,0,1,0,0,"31,0","40,0","77,5","3,0","6,0",,0,0,,,2025-06-06 01:00:00,"World Cup Qualification, CONMEBOL",Chile,4754,Argentina,4819,0,1,W,Chile,away,True,Argentina,"3,0","50,0",,,,,"2,0","1,0","1,0","1,0",,"18,0","11,0",,,"17,0","1,0",,,,"58,0","4,0","1,0","3,0","1,0",,"0,0",,,,,,,,,,,,"80,0","80,0","1,12","34,9","0,0"
13856223,away,4-2-3-1,12994,Lionel Messi,L. Messi,F,"10,0",False,Argentina,"7,3","33,0",0,0,1,0,1,"13,0","16,0","81,2","1,0","2,0",,0,0,,,2025-06-06 01:00:00,"World Cup Qualification, CONMEBOL",Chile,4754,Argentina,4819,0,1,W,Chile,away,True,Argentina,"1,0","50,0",,,,,,,"2,0","2,0","2,0","13,0","9,0","3,0",,"9,0","2,0",,"1,0",,"26,0","1,0",,"2,0","1,0",,"0,0",,,,,,,,,,,,"16,5","33,0","0,0","35,5","8,2"
13856223,away,4-2-3-1,860307,Facundo Medina,F. Medina,D,"32,0",False,Argentina,"6,6","11,0",0,0,0,0,0,"10,0","12,0","83,3",,,,0,0,,,2025-06-06 01:00:00,"World Cup Qualification, CONMEBOL",Chile,4754,Argentina,4819,0,1,W,Chile,away,True,Argentina,,,,,,,,,"1,0",,,"2,0","2,0",,,"3,0","0,0",,,,"14,0","1,0",,,,,"0,0",,,,,,,,,,,,,,"0,0","81,8","0,0"
13856223,away,4-2-3-1,316152,Ángel Correa,Á. Correa,F,"7,0",False,Argentina,"6,8","10,0",0,0,0,0,0,"3,0","4,0","75,0","2,0","2,0",,0,0,,,2025-06-06 01:00:00,"World Cup Qualification, CONMEBOL",Chile,4754,Argentina,4819,0,1,W,Chile,away,True,Argentina,,"100,0",,,,,"2,0","2,0",,,,"2,0","2,0","1,0","1,0","1,0","0,0",,,,"7,0",,,,,,"0,0",,,,,,,,,,,,,,"0,0","27,0","9,0"
13856223,away,4-2-3-1,873189,Juan Foyth,J. Foyth,D,"8,0",False,Argentina,"6,6","11,0",0,0,0,0,0,"4,0","6,0","66,7",,"1,0","1,0",0,0,,,2025-06-06 01:00:00,"World Cup Qualification, CONMEBOL",Chile,4754,Argentina,4819,0,1,W,Chile,away,True,Argentina,"1,0","0,0",,,,,,,"2,0",,,"2,0",,"1,0","2,0","2,0","0,0",,,,"9,0",,,,,,"0,0",,"1,0",,,,,,,,,,,,"0,0","32,7","8,2"
13856223,away,4-2-3-1,1403559,Franco Mastantuono,F. Mastantuono,F,"30,0",False,Argentina,"6,2","11,0",0,0,0,0,0,"3,0","3,0","100,0","1,0","3,0",,0,0,,,2025-06-06 01:00:00,"World Cup Qualification, CONMEBOL",Chile,4754,Argentina,4819,0,1,W,Chile,away,True,Argentina,"2,0","33,3",,,,,,,,,,"2,0","2,0","1,0",,"4,0","0,0",,,,"8,0","1,0",,"2,0",,,"0,0",,,"1,0",,,,,,,,,,,"0,0","24,5","8,2"
13856223,away,4-2-3-1,249859,Walter Benítez,W. Benítez,G,"44,0",False,Argentina,,,0,0,0,0,0,,,,,,,0,0,,,2025-06-06 01:00:00,"World Cup Qualification, CONMEBOL",Chile,4754,Argentina,4819,0,1,W,Chile,away,True,Argentina,,,,,,,,,,,,,,,,,"0,0",,,,,,,,,,,,,,,,,,,,,,,,,,
13856223,away,4-2-3-1,128383,Gerónimo Rulli,G. Rulli,G,"1,0",False,Argentina,,,0,0,0,0,0,,,,,,,0,0,,,2025-06-06 01:00:00,"World Cup Qualification, CONMEBOL",Chile,4754,Argentina,4819,0,1,W,Chile,away,True,Argentina,,,,,,,,,,,,,,,,,"0,0",,,,,,,,,,,,,,,,,,,,,,,,,,
13856223,away,4-2-3-1,1003014,Kevin Lomónaco,Kevin Lomónaco,D,"26,0",False,Argentina,,,0,0,0,0,0,,,,,,,0,0,,,2025-06-06 01:00:00,"World Cup Qualification, CONMEBOL",Chile,4754,Argentina,4819,0,1,W,Chile,away,True,Argentina,,,,,,,,,,,,,,,,,"0,0",,,,,,,,,,,,,,,,,,,,,,,,,,
13856223,away,4-2-3-1,1127057,Valentín Barco,V. Barco,M,"32,0",False,Argentina,,,0,0,0,0,0,,,,,,,0,0,,,2025-06-06 01:00:00,"World Cup Qualification, CONMEBOL",Chile,4754,Argentina,4819,0,1,W,Chile,away,True,Argentina,,,,,,,,,,,,,,,,,"0,0",,,,,,,,,,,,,,,,,,,,,,,,,,
13856223,away,4-2-3-1,783126,Emiliano Buendía,E. Buendía,M,"10,0",False,Argentina,,,0,0,0,0,0,,,,,,,0,0,,,2025-06-06 01:00:00,"World Cup Qualification, CONMEBOL",Chile,4754,Argentina,4819,0,1,W,Chile,away,True,Argentina,,,,,,,,,,,,,,,,,"0,0",,,,,,,,,,,,,,,,,,,,,,,,,,
13856223,away,4-2-3-1,1087316,Enzo Barrenechea,E. Barrenechea,M,"5,0",False,Argentina,,,0,0,0,0,0,,,,,,,0,0,,,2025-06-06 01:00:00,"World Cup Qualification, CONMEBOL",Chile,4754,Argentina,4819,0,1,W,Chile,away,True,Argentina,,,,,,,,,,,,,,,,,"0,0",,,,,,,,,,,,,,,,,,,,,,,,,,
13856223,away,4-2-3-1,823984,Lautaro Martínez,L. Martínez,F,"10,0",False,Argentina,,,0,0,0,0,0,,,,,,,0,0,,,2025-06-06 01:00:00,"World Cup Qualification, CONMEBOL",Chile,4754,Argentina,4819,0,1,W,Chile,away,True,Argentina,,,,,,,,,,,,,,,,,"0,0",,,,,,,,,,,,,,,,,,,,,,,,,,
16186149,home,4-2-3-1,930267,Joan García,J. García,G,"13,0",True,Spain,"5,6","73,0",0,0,0,0,0,"26,0","26,0","100,0",,,,0,0,,,2026-06-04 19:00:00,Int. Friendly Games,Spain,4698,Iraq,4767,1,1,D,Iraq,home,True,España,,,,,,,,,,,,,,"4,0","1,0",,"0,0",,,,"30,0",,,,,"11,0","74,5","0,0",,,,"1,0","0,1789",,"0,02","0,03","-0,55","-0,55",,,"0,0","32,1","4,9"
16186149,home,4-2-3-1,913654,Pedro Porro,P. Porro,D,"23,0",True,Spain,"6,5","73,0",0,0,0,0,0,"32,0","36,0","88,9","1,0","3,0","1,0",0,0,,,2026-06-04 19:00:00,Int. Friendly Games,Spain,4698,Iraq,4767,1,1,D,Iraq,home,True,España,"2,0","33,3",,"1,0","1,0","0,0","1,0","1,0","2,0","1,0","3,0","26,0","23,0","2,0",,"8,0","0,0",,,,"50,0","1,0",,"1,0",,"14,0","91,8","0,0",,,,,,,"0,25","0,07","-0,19",,,,"0,0","39,5","2,5"
16186149,home,4-2-3-1,1466116,Jon Martin,J. Martin,D,"31,0",True,Spain,"6,8","59,0",0,0,0,1,0,"77,0","80,0","96,2","2,0","3,0","1,0",0,0,,,2026-06-04 19:00:00,Int. Friendly Games,Spain,4698,Iraq,4767,1,1,D,Iraq,home,True,España,"1,0","66,7","1,0","1,0","2,0","50,0","1,0","1,0","3,0","2,0",,"26,0","23,0","4,0","1,0","4,0","1,0",,,,"86,0",,,,,"38,0","263,1","0,0",,,,,,"-0,15","0,23","0,14","-0,12",,"59,0",,"0,0","117,5","6,1"
16186149,home,4-2-3-1,149734,Aymeric Laporte,A. Laporte,D,"14,0",True,Spain,"6,8","45,0",0,0,0,0,0,"62,0","65,0","95,4",,,"1,0",0,0,,,2026-06-04 19:00:00,Int. Friendly Games,Spain,4698,Iraq,4767,1,1,D,Iraq,home,True,España,,,,,,,,,"4,0","4,0","1,0","27,0","25,0","1,0",,"5,0","0,0",,,,"69,0","1,0",,,,"26,0","308,9","6,0",,,,,,,"0,27","0,23","-0,17",,,,"0,0","124,0","2,0"
16186149,home,4-2-3-1,177177,Alejandro Grimaldo,A. Grimaldo,M,"20,0",True,Spain,"6,6","45,0",0,0,0,0,1,"25,0","29,0","86,2","1,0","1,0","1,0",0,0,,,2026-06-04 19:00:00,Int. Friendly Games,Spain,4698,Iraq,4767,1,1,D,Iraq,home,True,España,,"100,0",,,,,,,"1,0",,"5,0","17,0","14,0","1,0",,"9,0","1,0",,,,"45,0","1,0",,,,"13,0","112,8","1,0",,"1,0",,,,"-0,08","0,25","0,19","-0,18",,"45,0",,"0,0","50,0","2,0"
16186149,home,4-2-3-1,1103693,Pablo Gavi,Gavi,M,"6,0",True,Spain,"7,1","59,0",0,0,0,0,1,"35,0","40,0","87,5","10,0","16,0","1,0",0,0,,,2026-06-04 19:00:00,Int. Friendly Games,Spain,4698,Iraq,4767,1,1,D,Iraq,home,True,España,"6,0","62,5",,"1,0","1,0","0,0","2,0","1,0","2,0","2,0",,"28,0","23,0","6,0",,"9,0","0,0",,,,"57,0","1,0","2,0","7,0","6,0","21,0","144,1","1,0","3,0","2,0",,,,,"0,17","0,33","-0,04",,,,"0,0","53,4","9,2"
16186149,home,4-2-3-1,1526618,Marc Bernal,M. Bernal,M,"22,0",True,Spain,"6,8","59,0",0,0,0,0,0,"31,0","39,0","79,5","6,0","7,0","2,0",0,0,,,2026-06-04 19:00:00,Int. Friendly Games,Spain,4698,Iraq,4767,1,1,D,Iraq,home,True,España,"1,0","85,7","2,0",,"2,0","100,0","4,0","4,0","3,0",,,"20,0","14,0","5,0","1,0","9,0","0,0",,,,"50,0","1,0",,,,"11,0","86,8","3,0","1,0",,,,,,"0,05","0,14","-0,04",,,,"0,0","47,3","7,6"
16186149,home,4-2-3-1,855833,Ferran Torres,F. Torres,F,"7,0",True,Spain,"7,9","45,0",1,0,2,0,2,"20,0","26,0","76,9","1,0","2,0",,0,0,,,2026-06-04 19:00:00,Int. Friendly Games,Spain,4698,Iraq,4767,1,1,D,Iraq,home,True,España,"1,0","50,0",,,,,,,"2,0","1,0","3,0","25,0","20,0",,,"9,0","2,0",,"1,0","1,0","34,0","1,0",,"1,0","1,0","12,0","125,5","1,0",,,,,,"0,51","0,33","0,27","-0,11",,"22,5","22,5","2,0","40,0","0,0"
16186149,home,4-2-3-1,789071,Dani Olmo,D. Olmo,M,"20,0",True,Spain,"6,8","45,0",0,1,1,1,2,"29,0","32,0","90,6","2,0","3,0",,0,0,,,2026-06-04 19:00:00,Int. Friendly Games,Spain,4698,Iraq,4767,1,1,D,Iraq,home,True,España,"1,0","66,7",,,,,"1,0",,,,,"21,0","19,0","4,0",,"6,0","2,0","1,0","1,0",,"39,0","1,0",,"1,0",,"13,0","87,6","1,0",,"1,0",,,,"-0,32","0,32","0,04","-0,07",,"22,5","45,0","2,0","58,0","8,0"
16186149,home,4-2-3-1,910031,Alex Baena,A. Baena,M,"10,0",True,Spain,"7,0","68,0",0,0,1,1,3,"19,0","26,0","73,1","2,0","3,0","1,0",0,0,,,2026-06-04 19:00:00,Int. Friendly Games,Spain,4698,Iraq,4767,1,1,D,Iraq,home,True,España,"1,0","66,7",,"1,0","1,0","0,0","1,0",,"3,0","1,0","6,0","15,0","9,0","2,0","1,0","12,0","3,0",,"1,0","1,0","42,0","1,0",,,,"16,0","99,1","2,0",,"1,0",,,,"-0,08","0,42","0,06","-0,03",,"22,7","68,0","0,0","25,1","2,6"
16186149,home,4-2-3-1,785989,Borja Iglesias,B. Iglesias,F,"7,0",True,Spain,"6,4","45,0",0,0,0,0,0,"10,0","13,0","76,9",,,,0,0,,,2026-06-04 19:00:00,Int. Friendly Games,Spain,4698,Iraq,4767,1,1,D,Iraq,home,True,España,,,,,,,,,,,"1,0","9,0","6,0","3,0",,"4,0","0,0",,,,"14,0",,,,,"5,0","35,9","0,0",,,"2,0",,,,"-0,11","-0,05","0,0",,,,"0,0","20,0","6,0"
16186149,home,4-2-3-1,855835,Sergio Gómez,S. Gómez,D,"17,0",False,Spain,"6,8","45,0",0,0,0,0,1,"31,0","33,0","93,9","1,0","1,0",,0,0,,,2026-06-04 19:00:00,Int. Friendly Games,Spain,4698,Iraq,4767,1,1,D,Iraq,home,True,España,,"100,0",,,,,"1,0","1,0",,,"2,0","18,0","17,0","3,0","2,0","4,0","0,0",,,,"39,0",,,,,"8,0","67,5","0,0",,,,,,,"-0,07","0,0","0,16",,,,"0,0","62,0","6,0"
16186149,home,4-2-3-1,876214,Eric García,E. García,D,"24,0",False,Spain,"7,2","45,0",0,0,0,0,0,"57,0","58,0","98,3",,"1,0",,0,0,,,2026-06-04 19:00:00,Int. Friendly Games,Spain,4698,Iraq,4767,1,1,D,Iraq,home,True,España,"1,0","0,0",,,,,,,"4,0","4,0",,"29,0","28,0",,"2,0","1,0","0,0",,,,"62,0",,,,,"31,0","229,4","1,0","1,0",,,,,,"0,26","0,17","0,17",,,,"0,0","114,0","0,0"
16186149,home,4-2-3-1,1800245,Jesús Rodriguez,J. Rodriguez,M,"17,0",False,Spain,"6,9","45,0",0,0,0,1,0,"19,0","22,0","86,4","4,0","5,0",,0,0,,,2026-06-04 19:00:00,Int. Friendly Games,Spain,4698,Iraq,4767,1,1,D,Iraq,home,True,España,"1,0","80,0",,,,,"1,0","1,0",,,"2,0","18,0","15,0","2,0",,"10,0","1,0",,,,"36,0","4,0",,"3,0","2,0","13,0","127,1","3,0",,"1,0",,,,"0,0","0,01","0,15","0,17",,"45,0",,"0,0","38,0","4,0"
16186149,home,4-2-3-1,1402716,Gonzalo García,G. García,F,"16,0",False,Spain,"6,1","45,0",0,0,0,1,0,"3,0","4,0","75,0","1,0","3,0","1,0",0,0,,,2026-06-04 19:00:00,Int. Friendly Games,Spain,4698,Iraq,4767,1,1,D,Iraq,home,True,España,"2,0","33,3",,,,,"1,0","1,0",,,,"2,0","1,0","2,0","1,0","4,0","1,0","1,0",,,"11,0","1,0",,"2,0",,"3,0","17,3","0,0",,,,,,"-0,67","0,02","-0,52","0,14",,"45,0",,"0,0","6,0","4,0"
16186149,home,4-2-3-1,984624,Yéremy Pino,Y. Pino,F,"10,0",False,Spain,"6,7","45,0",0,0,0,1,1,"21,0","24,0","87,5","4,0","9,0","1,0",0,0,,,2026-06-04 19:00:00,Int. Friendly Games,Spain,4698,Iraq,4767,1,1,D,Iraq,home,True,España,"5,0","44,4",,,,,"4,0","3,0","3,0","2,0","1,0","12,0","11,0","3,0",,"9,0","2,0",,,,"38,0","2,0","1,0","2,0",,"13,0","159,3","1,0","1,0",,"2,0",,,"-0,11","0,02","0,03","-0,06",,"22,5",,"0,0","42,0","6,0"
16186149,home,4-2-3-1,1094106,Marc Pubill,Pubill,D,"18,0",False,Spain,"7,2","31,0",0,0,0,0,0,"40,0","42,0","95,2","2,0","2,0",,0,0,,,2026-06-04 19:00:00,Int. Friendly Games,Spain,4698,Iraq,4767,1,1,D,Iraq,home,True,España,,"100,0","1,0",,"1,0","100,0","1,0","1,0","2,0","2,0",,"23,0","21,0","3,0","1,0","2,0","0,0",,,,"44,0",,,,,"19,0","107,7","0,0",,,,,,,"0,27","0,05","0,16",,,,"0,0","116,1","8,7"
16186149,home,4-2-3-1,980410,Beñat Turrientes,B. Turrientes,M,"14,0",False,Spain,"7,1","31,0",0,0,0,0,0,"25,0","26,0","96,2","2,0","3,0",,0,0,,,2026-06-04 19:00:00,Int. Friendly Games,Spain,4698,Iraq,4767,1,1,D,Iraq,home,True,España,"1,0","66,7","1,0",,"1,0","100,0","1,0",,"1,0","1,0",,"21,0","20,0","2,0",,"1,0","0,0",,,,"27,0",,,,,"9,0","40,0","0,0",,,,,,,"0,3","0,04","-0,01",,,,"0,0","72,6","5,8"
16186149,home,4-2-3-1,1122610,Javier Guerra,J. Guerra,M,"8,0",False,Spain,"6,7","31,0",0,0,0,0,0,"17,0","19,0","89,5","4,0","7,0",,0,0,,,2026-06-04 19:00:00,Int. Friendly Games,Spain,4698,Iraq,4767,1,1,D,Iraq,home,True,España,"3,0","57,1",,,,,"2,0",,"1,0","1,0",,"13,0","11,0","3,0",,"5,0","0,0",,,,"28,0","2,0","1,0","2,0","2,0","11,0","103,5","1,0","2,0",,,,,,"0,08","0,03","0,14",,,,"0,0","49,4","8,7"
16186149,home,4-2-3-1,592010,Mikel Merino,M. Merino,M,"23,0",False,Spain,"6,9","22,0",0,0,0,0,0,"17,0","18,0","94,4","3,0","4,0",,0,0,,,2026-06-04 19:00:00,Int. Friendly Games,Spain,4698,Iraq,4767,1,1,D,Iraq,home,True,España,"1,0","75,0",,,,,"1,0","1,0",,,"1,0","11,0","10,0","3,0",,"3,0","0,0",,,,"23,0",,"1,0",,,"6,0","48,7","0,0",,"2,0",,,,,"0,15","-0,19","0,15",,,,"0,0","69,5","12,3"
16186149,home,4-2-3-1,1131909,Leo Román,L. Román,G,"1,0",False,Spain,"6,5","17,0",0,0,0,0,0,"4,0","4,0","100,0",,,,0,0,,,2026-06-04 19:00:00,Int. Friendly Games,Spain,4698,Iraq,4767,1,1,D,Iraq,home,True,España,,,,,,,,,,,,,,,,,"0,0",,,,"4,0",,,,,"1,0","7,9","0,0",,,,,,,"0,02","-0,04","0,13",,,,"0,0","21,2","0,0"
16186149,home,4-2-3-1,1526627,Javi Rodríguez,J. Rodríguez,D,"32,0",False,Spain,"6,7","17,0",0,0,0,0,0,"16,0","19,0","84,2",,,,0,0,,,2026-06-04 19:00:00,Int. Friendly Games,Spain,4698,Iraq,4767,1,1,D,Iraq,home,True,España,,,,,,,,,"3,0","1,0",,"10,0","8,0","2,0",,"4,0","0,0",,,,"22,0",,,,,"5,0","29,5","0,0",,,,,,,"-0,01","0,01","0,0",,,,"0,0","84,7","10,6"
16186149,home,4-2-3-1,797291,Unai Simón,U. Simón,G,"1,0",False,Spain,,,0,0,0,0,0,,,,,,,0,0,,,2026-06-04 19:00:00,Int. Friendly Games,Spain,4698,Iraq,4767,1,1,D,Iraq,home,True,España,,,,,,,,,,,,,,,,,"0,0",,,,,,,,,,,,,,,,,,,,,,,,,,
16186149,home,4-2-3-1,1402913,Pau Cubarsí,P. Cubarsí,D,"5,0",False,Spain,,,0,0,0,0,0,,,,,,,0,0,,,2026-06-04 19:00:00,Int. Friendly Games,Spain,4698,Iraq,4767,1,1,D,Iraq,home,True,España,,,,,,,,,,,,,,,,,"0,0",,,,,,,,,,,,,,,,,,,,,,,,,,
16186149,home,4-2-3-1,353138,Marcos Llorente,M. Llorente,D,"14,0",False,Spain,,,0,0,0,0,0,,,,,,,0,0,,,2026-06-04 19:00:00,Int. Friendly Games,Spain,4698,Iraq,4767,1,1,D,Iraq,home,True,España,,,,,,,,,,,,,,,,,"0,0",,,,,,,,,,,,,,,,,,,,,,,,,,
16186149,away,4-4-2,888896,Ahmed Basil,A. Basil,G,"1,0",True,Iraq,"7,0","45,0",0,0,0,0,0,"13,0","18,0","72,2",,,,0,0,,,2026-06-04 19:00:00,Int. Friendly Games,Spain,4698,Iraq,4767,1,1,D,Iraq,home,False,España,,,,,,,,,,,,,,,,,"0,0",,,,,,,,,,,,,,,,,,,,,,,,"0,0","26,0","0,0"
16186149,away,4-4-2,962056,Hussein Ali,H. Ali,D,"15,0",True,Iraq,"6,3","62,0",0,0,0,0,0,"11,0","15,0","73,3",,,,0,0,,,2026-06-04 19:00:00,Int. Friendly Games,Spain,4698,Iraq,4767,1,1,D,Iraq,home,False,España,,,,,,,,,,,,,,,,,"0,0",,,,,,,,,,,,,,,,,,,,,,,,"0,0","16,0","0,0"
16186149,away,4-4-2,1150051,Zaid Tahseen,Z. Tahseen,D,"4,0",True,Iraq,"6,7","62,0",0,0,1,0,0,"23,0","28,0","82,1","1,0",,"1,0",0,0,,,2026-06-04 19:00:00,Int. Friendly Games,Spain,4698,Iraq,4767,1,1,D,Iraq,home,False,España,,,,,,,,,,,,,,,,,"1,0",,,,,,,,,,,,,,,,,,,,,,"62,0","62,0","0,0","33,4","0,0"
16186149,away,4-4-2,1631451,Akam Hashem,A. Hashem,D,"8,0",True,Iraq,"6,9","62,0",0,1,0,0,1,"27,0","27,0","100,0",,,"1,0",0,0,,,2026-06-04 19:00:00,Int. Friendly Games,Spain,4698,Iraq,4767,1,1,D,Iraq,home,False,España,,,,,,,,,,,,,,,,,"0,0",,,,,,,,,,,,,,,,,,,,,,,,"1,45","39,2","0,0"
16186149,away,4-4-2,1381224,Merchas Doski,M. Doski,D,"14,0",True,Iraq,"7,5","61,0",1,0,1,0,0,"17,0","20,0","85,0","1,0",,,0,0,,,2026-06-04 19:00:00,Int. Friendly Games,Spain,4698,Iraq,4767,1,1,D,Iraq,home,False,España,,,,,,,,,,,,,,,,,"1,0",,,,,,,,,,,,,,,,,,,,,,"61,0","61,0","1,48","25,1","0,0"
16186149,away,4-4-2,920815,Ibrahim Bayesh,I. Bayesh,M,"29,0",True,Iraq,"6,4","72,0",0,0,0,1,0,"8,0","11,0","72,7","4,0",,"1,0",0,0,,,2026-06-04 19:00:00,Int. Friendly Games,Spain,4698,Iraq,4767,1,1,D,Iraq,home,False,España,,,,,,,,,,,,,,,,,"1,0",,,,,,,,,,,,,,,,,,,,,,"72,0",,"0,0","10,0","0,0"
16186149,away,4-4-2,1843356,Zaid Ismail,Z. Ismail,M,,True,Iraq,"6,5","62,0",0,0,0,0,0,"13,0","20,0","65,0","3,0",,"2,0",0,0,,,2026-06-04 19:00:00,Int. Friendly Games,Spain,4698,Iraq,4767,1,1,D,Iraq,home,False,España,,,,,,,,,,,,,,,,,"0,0",,,,,,,,,,,,,,,,,,,,,,,,"0,0","18,9","0,0"
16186149,away,4-4-2,915325,Amir Al-Ammari,A. Al-Ammari,M,"6,0",True,Iraq,"6,2","62,0",0,0,0,0,0,"21,0","25,0","84,0",,,"1,0",0,0,,,2026-06-04 19:00:00,Int. Friendly Games,Spain,4698,Iraq,4767,1,1,D,Iraq,home,False,España,,,,,,,,,,,,,,,,,"0,0",,,,,,,,,,,,,,,,,,,,,,,,"0,0","30,5","0,0"
16186149,away,4-4-2,1026519,Marko Farji,M. Farji,M,"11,0",True,Iraq,"6,8","61,0",0,0,0,0,1,"8,0","11,0","72,7","5,0",,,0,0,,,2026-06-04 19:00:00,Int. Friendly Games,Spain,4698,Iraq,4767,1,1,D,Iraq,home,False,España,,,,,,,,,,,,,,,,,"0,0",,,,,,,,,,,,,,,,,,,,,,,,"0,0","11,8","0,0"
16186149,away,4-4-2,1010010,Ali Al-Hamadi,A. Al-Hamadi,F,"12,0",True,Iraq,"6,5","45,0",0,0,0,0,0,"4,0","4,0","100,0","1,0",,,0,0,,,2026-06-04 19:00:00,Int. Friendly Games,Spain,4698,Iraq,4767,1,1,D,Iraq,home,False,España,,,,,,,,,,,,,,,,,"0,0",,,,,,,,,,,,,,,,,,,,,,,,"0,0","8,0","0,0"
16186149,away,4-4-2,1066729,Ali Jasim,A. Jasim,M,"14,0",True,Iraq,"5,8","90,0",0,0,0,0,0,"26,0","34,0","76,5","2,0",,,0,0,,,2026-06-04 19:00:00,Int. Friendly Games,Spain,4698,Iraq,4767,1,1,D,Iraq,home,False,España,,,,,,,,,,,,,,,,,"0,0",,,,,,,,,,,,,,,,,,,,,,,,"0,0","26,0","0,0"
16186149,away,4-4-2,196454,Jalal Hassan,J. Hassan,G,"12,0",False,Iraq,"6,7","45,0",0,0,0,0,0,"9,0","15,0","60,0",,,,0,0,,,2026-06-04 19:00:00,Int. Friendly Games,Spain,4698,Iraq,4767,1,1,D,Iraq,home,False,España,,,,,,,,,,,,,,,,,"0,0",,,,,,,,,,,,,,,,,,,,,,,,"0,0","18,0","0,0"
16186149,away,4-4-2,812999,Aymen Hussein,A. Hussein,F,"18,0",False,Iraq,"6,2","45,0",0,0,0,0,1,"5,0","8,0","62,5",,,,0,0,,,2026-06-04 19:00:00,Int. Friendly Games,Spain,4698,Iraq,4767,1,1,D,Iraq,home,False,España,,,,,,,,,,,,,,,,,"0,0",,,,,,,,,,,,,,,,,,,,,,,,"0,0","10,0","0,0"
16186149,away,4-4-2,1461233,Ahmed Yahya,A. Yahya,D,"15,0",False,Iraq,"6,7","11,0",0,0,0,0,0,"7,0","8,0","87,5","1,0",,,0,0,,,2026-06-04 19:00:00,Int. Friendly Games,Spain,4698,Iraq,4767,1,1,D,Iraq,home,False,España,,,,,,,,,,,,,,,,,"0,0",,,,,,,,,,,,,,,,,,,,,,,,"0,0","57,3","0,0"
16186149,away,4-4-2,1101887,Ahmed Qasem,A. Qasem,M,"37,0",False,Iraq,"6,5","29,0",0,0,0,0,0,"9,0","9,0","100,0","1,0",,,0,0,,,2026-06-04 19:00:00,Int. Friendly Games,Spain,4698,Iraq,4767,1,1,D,Iraq,home,False,España,,,,,,,,,,,,,,,,,"0,0",,,,,,,,,,,,,,,,,,,,,,,,"0,0","27,9","0,0"
16186149,away,4-4-2,362504,Rebin Sulaka,R. Sulaka,D,"22,0",False,Iraq,"6,7","28,0",0,0,0,0,0,"18,0","18,0","100,0",,,,0,0,,,2026-06-04 19:00:00,Int. Friendly Games,Spain,4698,Iraq,4767,1,1,D,Iraq,home,False,España,,,,,,,,,,,,,,,,,"0,0",,,,,,,,,,,,,,,,,,,,,,,,"0,0","57,9","0,0"
16186149,away,4-4-2,851676,Frans Putros,F. Putros,D,"55,0",False,Iraq,"6,6","28,0",0,0,0,0,0,"11,0","13,0","84,6",,,,0,0,,,2026-06-04 19:00:00,Int. Friendly Games,Spain,4698,Iraq,4767,1,1,D,Iraq,home,False,España,,,,,,,,,,,,,,,,,"0,0",,,,,,,,,,,,,,,,,,,,,,,,"0,0","35,4","0,0"
16186149,away,4-4-2,1163991,Munaf Younus,M. Younus,D,"4,0",False,Iraq,"7,1","28,0",0,0,0,0,0,"10,0","10,0","100,0","3,0",,,0,0,,,2026-06-04 19:00:00,Int. Friendly Games,Spain,4698,Iraq,4767,1,1,D,Iraq,home,False,España,,,,,,,,,,,,,,,,,"0,0",,,,,,,,,,,,,,,,,,,,,,,,"0,0","32,1","0,0"
16186149,away,4-4-2,1014225,Zidane Iqbal,Z. Iqbal,M,"16,0",False,Iraq,"7,0","28,0",0,0,0,0,0,"22,0","23,0","95,7","2,0",,,0,0,,,2026-06-04 19:00:00,Int. Friendly Games,Spain,4698,Iraq,4767,1,1,D,Iraq,home,False,España,,,,,,,,,,,,,,,,,"0,0",,,,,,,,,,,,,,,,,,,,,,,,"0,0","70,7","0,0"
16186149,away,4-4-2,936451,Kevin Yakob,K. Yakob,M,"17,0",False,Iraq,"6,7","28,0",0,0,0,0,0,"11,0","13,0","84,6","2,0",,"1,0",0,0,,,2026-06-04 19:00:00,Int. Friendly Games,Spain,4698,Iraq,4767,1,1,D,Iraq,home,False,España,,,,,,,,,,,,,,,,,"0,0",,,,,,,,,,,,,,,,,,,,,,,,"0,0","35,4","0,0"
16186149,away,4-4-2,1500435,Mustafa Saadoon,M. Saadoon,D,"23,0",False,Iraq,"6,7","18,0",0,0,0,0,0,"12,0","13,0","92,3",,,,0,0,,,2026-06-04 19:00:00,Int. Friendly Games,Spain,4698,Iraq,4767,1,1,D,Iraq,home,False,España,,,,,,,,,,,,,,,,,"0,0",,,,,,,,,,,,,,,,,,,,,,,,"0,0","60,0","0,0"
16186149,away,4-4-2,1106352,Youssef Amyn,Y. Amyn,M,"20,0",False,Iraq,"6,5","18,0",0,0,0,0,0,"2,0","3,0","66,7","1,0",,"1,0",0,0,,,2026-06-04 19:00:00,Int. Friendly Games,Spain,4698,Iraq,4767,1,1,D,Iraq,home,False,España,,,,,,,,,,,,,,,,,"0,0",,,,,,,,,,,,,,,,,,,,,,,,"0,0","10,0","0,0"
16186149,away,4-4-2,884092,Fahad Talib,F. Talib,G,,False,Iraq,,,0,0,0,0,0,,,,,,,0,0,,,2026-06-04 19:00:00,Int. Friendly Games,Spain,4698,Iraq,4767,1,1,D,Iraq,home,False,España,,,,,,,,,,,,,,,,,"0,0",,,,,,,,,,,,,,,,,,,,,,,,,,
16186149,away,4-4-2,981574,Aimar Sher,A. Sher,M,"6,0",False,Iraq,,,0,0,0,0,0,,,,,,,0,0,,,2026-06-04 19:00:00,Int. Friendly Games,Spain,4698,Iraq,4767,1,1,D,Iraq,home,False,España,,,,,,,,,,,,,,,,,"0,0",,,,,,,,,,,,,,,,,,,,,,,,,,
16186149,away,4-4-2,834492,Ali Yousif,A. Yousif,F,"7,0",False,Iraq,,,0,0,0,0,0,,,,,,,0,0,,,2026-06-04 19:00:00,Int. Friendly Games,Spain,4698,Iraq,4767,1,1,D,Iraq,home,False,España,,,,,,,,,,,,,,,,,"0,0",,,,,,,,,,,,,,,,,,,,,,,,,,
16186149,away,4-4-2,951859,Mohanad Ali,M. Ali,F,"9,0",False,Iraq,,,0,0,0,0,0,,,,,,,0,0,,,2026-06-04 19:00:00,Int. Friendly Games,Spain,4698,Iraq,4767,1,1,D,Iraq,home,False,España,,,,,,,,,,,,,,,,,"0,0",,,,,,,,,,,,,,,,,,,,,,,,,,
15372901,home,4-2-3-1,581310,David Raya,D. Raya,G,"1,0",True,Spain,"6,7","62,0",0,0,0,0,0,"10,0","11,0","90,9",,,,0,0,,,2026-03-31 19:00:00,Int. Friendly Games,Spain,4698,Egypt,4758,0,0,D,Egypt,home,True,España,,,,,,,,,"2,0","1,0",,"1,0",,"3,0",,"1,0","0,0",,,,"14,0",,,,,"2,0","13,4","0,0",,,,"1,0","-0,001",,"0,01","0,0","0,16","-0,01",,,"0,0","14,5","4,4"
15372901,home,4-2-3-1,913654,Pedro Porro,P. Porro,D,"23,0",True,Spain,"8,0","90,0",0,0,0,1,3,"65,0","71,0","91,5","10,0","15,0","1,0",0,0,,,2026-03-31 19:00:00,Int. Friendly Games,Spain,4698,Egypt,4758,0,0,D,Egypt,home,True,España,"5,0","66,7","2,0","1,0","3,0","66,7","6,0","5,0","5,0","3,0","6,0","44,0","39,0","6,0","1,0","12,0","2,0",,,,"99,0",,,"3,0","1,0","23,0","155,8","0,0","2,0","1,0",,,,"-0,05","0,43","-0,1","0,6",,"45,0",,"0,0","65,0","6,0"
15372901,home,4-2-3-1,1144630,Cristhian Mosquera,C. Mosquera,D,"3,0",True,Spain,"8,0","90,0",0,0,0,1,3,"101,0","103,0","98,1","3,0","3,0",,0,0,,,2026-03-31 19:00:00,Int. Friendly Games,Spain,4698,Egypt,4758,0,0,D,Egypt,home,True,España,,"100,0","2,0",,"2,0","100,0",,,"3,0","3,0",,"64,0","62,0","3,0","1,0","2,0","1,0","1,0",,,"109,0",,,,,"60,0","622,2","9,0",,"1,0",,,,"-0,44","0,51","0,39","0,15",,"90,0",,"0,0","101,0","3,0"
15372901,home,4-2-3-1,1176744,Dean Huijsen,D. Huijsen,D,"24,0",True,Spain,"7,4","90,0",0,0,0,0,1,"72,0","83,0","86,7","3,0","7,0","1,0",0,0,,,2026-03-31 19:00:00,Int. Friendly Games,Spain,4698,Egypt,4758,0,0,D,Egypt,home,True,España,"4,0","42,9","1,0","3,0","4,0","25,0","2,0","1,0","4,0","3,0",,"53,0","46,0","2,0","4,0","12,0","0,0",,"1,0",,"95,0",,,,,"56,0","632,0","11,0","1,0",,,,,,"0,36","0,37","-0,03",,,,"0,0","72,0","2,0"
15372901,home,4-2-3-1,177177,Alejandro Grimaldo,A. Grimaldo,M,"20,0",True,Spain,"7,6","90,0",0,0,1,0,2,"53,0","56,0","94,6","5,0","6,0","1,0",0,0,,,2026-03-31 19:00:00,Int. Friendly Games,Spain,4698,Egypt,4758,0,0,D,Egypt,home,True,España,"1,0","83,3","2,0",,"2,0","100,0","3,0",,"1,0","1,0","14,0","34,0","32,0","4,0",,"17,0","1,0",,"1,0","1,0","86,0","2,0",,,,"27,0","169,6","1,0",,,,,,"0,29","0,34","0,11","-0,02",,"90,0","90,0","0,0","53,0","4,0"
15372901,home,4-2-3-1,816763,Pablo Fornals,P. Fornals,M,"8,0",True,Spain,"6,5","45,0",0,0,0,0,0,"30,0","34,0","88,2","1,0","5,0","1,0",0,0,,,2026-03-31 19:00:00,Int. Friendly Games,Spain,4698,Egypt,4758,0,0,D,Egypt,home,True,España,"4,0","20,0",,"1,0","1,0","0,0","1,0",,"2,0",,,"23,0","19,0","1,0",,"5,0","1,0",,,,"39,0",,,"1,0",,"14,0","103,4","0,0",,,,,,"0,0","0,04","0,01","-0,06",,"45,0",,"0,0","60,0","2,0"
15372901,home,4-2-3-1,832427,Carlos Soler,C. Soler,M,"18,0",True,Spain,"6,4","45,0",0,0,0,0,0,"36,0","40,0","90,0",,"4,0",,0,0,,,2026-03-31 19:00:00,Int. Friendly Games,Spain,4698,Egypt,4758,0,0,D,Egypt,home,True,España,"4,0","0,0",,"1,0","1,0","0,0",,,"2,0","1,0","2,0","25,0","21,0","4,0",,"6,0","0,0",,,,"43,0",,,,,"14,0","159,8","0,0","1,0",,,,,,"-0,05","0,05","-0,08",,,,"0,0","72,0","8,0"
15372901,home,4-2-3-1,1402912,Lamine Yamal,L. Yamal,M,"10,0",True,Spain,"7,0","45,0",0,0,0,1,0,"13,0","13,0","100,0","1,0","5,0","1,0",0,0,,,2026-03-31 19:00:00,Int. Friendly Games,Spain,4698,Egypt,4758,0,0,D,Egypt,home,True,España,"4,0","20,0",,,,,,,"3,0","3,0","1,0","12,0","12,0","1,0",,"5,0","1,0",,,,"23,0","1,0","1,0","2,0","1,0","9,0","76,0","0,0","2,0",,,,,"-0,21","0,43","0,06","-0,02",,"45,0",,"0,0","26,0","2,0"
15372901,home,4-2-3-1,789071,Dani Olmo,D. Olmo,M,"20,0",True,Spain,"6,5","45,0",0,0,1,0,1,"28,0","32,0","87,5","1,0","7,0",,0,0,,,2026-03-31 19:00:00,Int. Friendly Games,Spain,4698,Egypt,4758,0,0,D,Egypt,home,True,España,"6,0","14,3",,,,,,,,,,"21,0","17,0","4,0",,"8,0","1,0",,,,"39,0",,"1,0","3,0",,"17,0","127,2","0,0","1,0","1,0",,,,"0,01","0,21","-0,14","-0,06",,"45,0","45,0","0,0","56,0","8,0"
15372901,home,4-2-3-1,966862,Ander Barrenetxea,A. Barrenetxea,M,"7,0",True,Spain,"7,2","73,0",0,0,0,1,1,"27,0","31,0","87,1","5,0","6,0","1,0",0,0,,,2026-03-31 19:00:00,Int. Friendly Games,Spain,4698,Egypt,4758,0,0,D,Egypt,home,True,España,"1,0","83,3","1,0",,"1,0","100,0",,,,,"3,0","26,0","23,0","6,0",,"8,0","1,0",,"1,0",,"43,0","1,0",,"4,0","4,0","17,0","167,2","4,0","1,0",,,,,"-0,16","0,19","0,34","-0,11",,"73,0",,"0,0","33,3","7,4"
15372901,home,4-2-3-1,855833,Ferran Torres,F. Torres,F,"7,0",True,Spain,"6,2","62,0",0,0,1,0,0,"12,0","12,0","100,0","1,0","6,0",,0,0,,,2026-03-31 19:00:00,Int. Friendly Games,Spain,4698,Egypt,4758,0,0,D,Egypt,home,True,España,"5,0","16,7",,,,,,,,,,"10,0","10,0","2,0","1,0","7,0","4,0",,,,"26,0","2,0","4,0","1,0",,"7,0","41,6","0,0",,"1,0","1,0",,,"-0,26","-0,05","0,16","0,15",,"15,5","62,0","0,0","17,4","2,9"
15372901,home,4-2-3-1,827606,Rodri,Rodri,M,"16,0",False,Spain,"6,7","45,0",0,0,0,2,0,"45,0","52,0","86,5","5,0","9,0","2,0",0,0,,,2026-03-31 19:00:00,Int. Friendly Games,Spain,4698,Egypt,4758,0,0,D,Egypt,home,True,España,"4,0","55,6","1,0","2,0","3,0","33,3","3,0","1,0","2,0",,,"32,0","25,0","4,0",,"8,0","2,0",,,,"62,0","1,0",,,,"15,0","123,9","0,0","1,0","1,0",,,,"-0,48","0,04","0,15","-0,01",,"22,5",,"0,0","90,0","8,0"
15372901,home,4-2-3-1,992587,Pedri,Pedri,M,"8,0",False,Spain,"7,0","45,0",0,0,2,1,0,"51,0","53,0","96,2",,"5,0","1,0",0,0,,,2026-03-31 19:00:00,Int. Friendly Games,Spain,4698,Egypt,4758,0,0,D,Egypt,home,True,España,"5,0","0,0",,,,,,,"1,0","1,0","2,0","41,0","39,0","5,0",,"9,0","3,0","2,0",,,"65,0","1,0","3,0","1,0",,"33,0","384,0","8,0",,,,,,"-0,02","0,31","0,68","-0,04",,"15,0","22,5","0,0","102,0","10,0"
15372901,home,4-2-3-1,1153270,Fermín López,F. López,M,"16,0",False,Spain,"7,4","45,0",0,0,1,0,2,"23,0","26,0","88,5","6,0","9,0",,0,0,,,2026-03-31 19:00:00,Int. Friendly Games,Spain,4698,Egypt,4758,0,0,D,Egypt,home,True,España,"3,0","66,7",,,,,"2,0",,"1,0","1,0","1,0","25,0","22,0","2,0",,"7,0","3,0","1,0",,,"44,0","1,0","1,0","4,0","3,0","14,0","124,0","3,0","1,0","1,0",,,,"-0,15","0,16","0,44","-0,01",,"15,0","45,0","0,0","46,0","4,0"
15372901,home,4-2-3-1,1145642,Victor Muñoz,V. Muñoz,F,"21,0",False,Spain,"6,8","45,0",0,0,0,0,1,"12,0","15,0","80,0","2,0","2,0",,0,0,,,2026-03-31 19:00:00,Int. Friendly Games,Spain,4698,Egypt,4758,0,0,D,Egypt,home,True,España,,"100,0",,,,,,,,,"1,0","13,0","10,0",,,"5,0","1,0",,"1,0",,"20,0","1,0",,"1,0","1,0","12,0","120,0","3,0",,"1,0",,,,"-0,07","-0,07","0,21","0,0",,"45,0",,"0,0","24,0","0,0"
15372901,home,4-2-3-1,930267,Joan García,J. García,G,"13,0",False,Spain,"6,6","28,0",0,0,0,0,0,"5,0","5,0","100,0",,,,0,0,,,2026-03-31 19:00:00,Int. Friendly Games,Spain,4698,Egypt,4758,0,0,D,Egypt,home,True,España,,,,,,,,,,,,"1,0","1,0","2,0",,,"0,0",,,,"7,0",,,,,"1,0","3,3","0,0",,,,,,,"0,01","-0,01","0,16",,,,"0,0","16,1","6,4"
15372901,home,4-2-3-1,785989,Borja Iglesias,B. Iglesias,F,"7,0",False,Spain,"6,8","28,0",0,0,0,1,0,"4,0","6,0","66,7","1,0","1,0",,0,0,,,2026-03-31 19:00:00,Int. Friendly Games,Spain,4698,Egypt,4758,0,0,D,Egypt,home,True,España,,"100,0",,,,,,,,,,"5,0","3,0","2,0",,"2,0","2,0",,,,"9,0",,,,,"5,0","43,7","2,0",,"1,0",,,,"-0,52","-0,07","0,07","0,0",,"14,0",,"0,0","12,9","6,4"
15372901,home,4-2-3-1,984624,Yéremy Pino,Y. Pino,F,"10,0",False,Spain,"6,8","17,0",0,0,0,0,1,"9,0","11,0","81,8","1,0","2,0",,0,0,,,2026-03-31 19:00:00,Int. Friendly Games,Spain,4698,Egypt,4758,0,0,D,Egypt,home,True,España,"1,0","50,0",,,,,,,,,,"8,0","6,0","1,0",,"4,0","2,0",,,,"16,0","2,0",,"1,0","1,0","5,0","28,3","0,0","1,0",,"1,0",,,"-0,14","0,35","0,1","0,0",,"8,5",,"0,0","47,6","5,3"
15372901,home,4-2-3-1,791773,Álex Remiro,Á. Remiro,G,"1,0",False,Spain,,,0,0,0,0,0,,,,,,,0,0,,,2026-03-31 19:00:00,Int. Friendly Games,Spain,4698,Egypt,4758,0,0,D,Egypt,home,True,España,,,,,,,,,,,,,,,,,"0,0",,,,,,,,,,,,,,,,,,,,,,,,,,
15372901,home,4-2-3-1,797291,Unai Simón,U. Simón,G,"1,0",False,Spain,,,0,0,0,0,0,,,,,,,0,0,,,2026-03-31 19:00:00,Int. Friendly Games,Spain,4698,Egypt,4758,0,0,D,Egypt,home,True,España,,,,,,,,,,,,,,,,,"0,0",,,,,,,,,,,,,,,,,,,,,,,,,,
15372901,home,4-2-3-1,1402913,Pau Cubarsí,P. Cubarsí,D,"5,0",False,Spain,,,0,0,0,0,0,,,,,,,0,0,,,2026-03-31 19:00:00,Int. Friendly Games,Spain,4698,Egypt,4758,0,0,D,Egypt,home,True,España,,,,,,,,,,,,,,,,,"0,0",,,,,,,,,,,,,,,,,,,,,,,,,,
15372901,home,4-2-3-1,794939,Marc Cucurella,M. Cucurella,D,"3,0",False,Spain,,,0,0,0,0,0,,,,,,,0,0,,,2026-03-31 19:00:00,Int. Friendly Games,Spain,4698,Egypt,4758,0,0,D,Egypt,home,True,España,,,,,,,,,,,,,,,,,"0,0",,,,,,,,,,,,,,,,,,,,,,,,,,
15372901,home,4-2-3-1,149734,Aymeric Laporte,A. Laporte,D,"14,0",False,Spain,,,0,0,0,0,0,,,,,,,0,0,,,2026-03-31 19:00:00,Int. Friendly Games,Spain,4698,Egypt,4758,0,0,D,Egypt,home,True,España,,,,,,,,,,,,,,,,,"0,0",,,,,,,,,,,,,,,,,,,,,,,,,,
15372901,home,4-2-3-1,353138,Marcos Llorente,M. Llorente,D,"14,0",False,Spain,,,0,0,0,0,0,,,,,,,0,0,,,2026-03-31 19:00:00,Int. Friendly Games,Spain,4698,Egypt,4758,0,0,D,Egypt,home,True,España,,,,,,,,,,,,,,,,,"0,0",,,,,,,,,,,,,,,,,,,,,,,,,,
15372901,home,4-2-3-1,910031,Alex Baena,A. Baena,M,"10,0",False,Spain,,,0,0,0,0,0,,,,,,,0,0,,,2026-03-31 19:00:00,Int. Friendly Games,Spain,4698,Egypt,4758,0,0,D,Egypt,home,True,España,,,,,,,,,,,,,,,,,"0,0",,,,,,,,,,,,,,,,,,,,,,,,,,
15372901,home,4-2-3-1,823622,Mikel Oyarzabal,M. Oyarzabal,F,"10,0",False,Spain,,,0,0,0,0,0,,,,,,,0,0,,,2026-03-31 19:00:00,Int. Friendly Games,Spain,4698,Egypt,4758,0,0,D,Egypt,home,True,España,,,,,,,,,,,,,,,,,"0,0",,,,,,,,,,,,,,,,,,,,,,,,,,
15372901,away,4-2-3-1,1048378,Mostafa Shobeir,M. Shobeir,G,"31,0",True,Egypt,"8,7","90,0",0,0,0,0,0,"27,0","34,0","79,4",,,,0,0,,,2026-03-31 19:00:00,Int. Friendly Games,Spain,4698,Egypt,4758,0,0,D,Egypt,home,False,España,,,,,,,,,,,,,,,,,"0,0",,,,,,,,,,,,,,,,,,,,,,,,"0,0","27,0","0,0"
15372901,away,4-2-3-1,826545,Mohamed Hany,M. Hany,D,"30,0",True,Egypt,"6,9","90,0",0,0,0,0,1,"43,0","50,0","86,0","4,0",,,0,0,,,2026-03-31 19:00:00,Int. Friendly Games,Spain,4698,Egypt,4758,0,0,D,Egypt,home,False,España,,,,,,,,,,,,,,,,,"0,0",,,,,,,,,,,,,,,,,,,,,,,,"0,0","43,0","0,0"
15372901,away,4-2-3-1,333441,Yasser Ibrahim,Y. Ibrahim,D,"6,0",True,Egypt,"7,2","90,0",0,0,0,0,0,"37,0","46,0","80,4","3,0",,"1,0",0,0,,,2026-03-31 19:00:00,Int. Friendly Games,Spain,4698,Egypt,4758,0,0,D,Egypt,home,False,España,,,,,,,,,,,,,,,,,"0,0",,,,,,,,,,,,,,,,,,,,,,,,"0,0","37,0","0,0"
15372901,away,4-2-3-1,918913,Hamdy Fathy,H. Fathy,M,"8,0",True,Egypt,"6,6","84,0",0,0,0,0,0,"41,0","42,0","97,6","2,0",,"2,0",0,0,,,2026-03-31 19:00:00,Int. Friendly Games,Spain,4698,Egypt,4758,0,0,D,Egypt,home,False,España,,,,,,,,,,,,,,,,,"0,0",,,,,,,,,,,,,,,,,,,,,,,,"0,0","43,9","0,0"
15372901,away,4-2-3-1,880622,Ahmed Fatouh,A. Aboul-Fetouh,D,"13,0",True,Egypt,"7,1","90,0",0,0,0,0,0,"36,0","48,0","75,0","5,0",,"1,0",0,0,,,2026-03-31 19:00:00,Int. Friendly Games,Spain,4698,Egypt,4758,0,0,D,Egypt,home,False,España,,,,,,,,,,,,,,,,,"0,0",,,,,,,,,,,,,,,,,,,,,,,,"0,0","36,0","0,0"
15372901,away,4-2-3-1,918506,Mohanad Lasheen,M. Lasheen,M,"14,0",True,Egypt,"7,9","90,0",0,0,1,0,0,"38,0","42,0","90,5","8,0",,"1,0",0,0,,,2026-03-31 19:00:00,Int. Friendly Games,Spain,4698,Egypt,4758,0,0,D,Egypt,home,False,España,,,,,,,,,,,,,,,,,"1,0",,,,,,,,,,,,,,,,,,,,,,"90,0","90,0","0,0","38,0","0,0"
15372901,away,4-2-3-1,1013699,Marwan Attia,M. Attia,M,"13,0",True,Egypt,"7,1","90,0",0,0,0,0,0,"46,0","57,0","80,7","3,0",,"2,0",0,0,,,2026-03-31 19:00:00,Int. Friendly Games,Spain,4698,Egypt,4758,0,0,D,Egypt,home,False,España,,,,,,,,,,,,,,,,,"0,0",,,,,,,,,,,,,,,,,,,,,,,,"0,0","46,0","0,0"
15372901,away,4-2-3-1,547494,Zizo,Zizo,M,"25,0",True,Egypt,"7,1","82,0",0,0,0,0,1,"19,0","22,0","86,4","4,0",,,0,0,,,2026-03-31 19:00:00,Int. Friendly Games,Spain,4698,Egypt,4758,0,0,D,Egypt,home,False,España,,,,,,,,,,,,,,,,,"0,0",,,,,,,,,,,,,,,,,,,,,,,,"0,0","20,9","0,0"
15372901,away,4-2-3-1,967032,Emam Ashour,E. Ashour,M,"22,0",True,Egypt,"6,9","45,0",0,0,0,1,0,"19,0","24,0","79,2","5,0",,,0,0,,,2026-03-31 19:00:00,Int. Friendly Games,Spain,4698,Egypt,4758,0,0,D,Egypt,home,False,España,,,,,,,,,,,,,,,,,"1,0",,,,,,,,,,,,,,,,,,,,,,"45,0",,"0,0","38,0","0,0"
15372901,away,4-2-3-1,918486,Islam Issa,I. Issa,M,"7,0",True,Egypt,"6,8","68,0",0,0,0,0,0,"23,0","27,0","85,2","7,0",,"3,0",0,0,,,2026-03-31 19:00:00,Int. Friendly Games,Spain,4698,Egypt,4758,0,0,D,Egypt,home,False,España,,,,,,,,,,,,,,,,,"0,0",,,,,,,,,,,,,,,,,,,,,,,,"0,0","30,4","0,0"
15372901,away,4-2-3-1,873554,Omar Marmoush,O. Marmoush,F,"7,0",True,Egypt,"6,5","85,0",0,0,0,0,0,"17,0","19,0","89,5","2,0",,,0,0,,,2026-03-31 19:00:00,Int. Friendly Games,Spain,4698,Egypt,4758,0,0,D,Egypt,home,False,España,,,,,,,,,,,,,,,,,"0,0",,,,,,,,,,,,,,,,,,,,,,,,"0,0","18,0","0,0"
15372901,away,4-2-3-1,295361,Mahmoud Trézéguet,M. Trézéguet,M,"7,0",False,Egypt,"6,3","45,0",0,0,0,1,0,"11,0","15,0","73,3","2,0",,,0,0,,,2026-03-31 19:00:00,Int. Friendly Games,Spain,4698,Egypt,4758,0,0,D,Egypt,home,False,España,,,,,,,,,,,,,,,,,"1,0",,,,,,,,,,,,,,,,,,,,,,"45,0",,"0,0","22,0","0,0"
15372901,away,4-2-3-1,942836,Haissem Hassan,H. Hassan,M,"10,0",False,Egypt,"6,4","22,0",0,0,0,0,0,"5,0","6,0","83,3",,,,0,0,,,2026-03-31 19:00:00,Int. Friendly Games,Spain,4698,Egypt,4758,0,0,D,Egypt,home,False,España,,,,,,,,,,,,,,,,,"0,0",,,,,,,,,,,,,,,,,,,,,,,,"0,0","20,5","0,0"
15372901,away,4-2-3-1,1101624,Mahmoud Saber,M. Saber,M,"77,0",False,Egypt,"6,5","8,0",0,0,0,0,0,"1,0","1,0","100,0",,,,0,0,,,2026-03-31 19:00:00,Int. Friendly Games,Spain,4698,Egypt,4758,0,0,D,Egypt,home,False,España,,,,,,,,,,,,,,,,,"0,0",,,,,,,,,,,,,,,,,,,,,,,,"0,0","11,2","0,0"
15372901,away,4-2-3-1,1063327,Hossam Abdelmaguid,H. Abdelmaguid,D,"5,0",False,Egypt,"7,1","12,0",0,0,0,0,0,"2,0","2,0","100,0","2,0",,"1,0",0,0,,,2026-03-31 19:00:00,Int. Friendly Games,Spain,4698,Egypt,4758,0,0,D,Egypt,home,False,España,,,,,,,,,,,,,,,,,"0,0",,,,,,,,,,,,,,,,,,,,,,,,"0,0","15,0","0,0"
15372901,away,4-2-3-1,871735,Mohamed El-Shenawy,M. El-Shenawy,G,"1,0",False,Egypt,,,0,0,0,0,0,,,,,,,0,0,,,2026-03-31 19:00:00,Int. Friendly Games,Spain,4698,Egypt,4758,0,0,D,Egypt,home,False,España,,,,,,,,,,,,,,,,,"0,0",,,,,,,,,,,,,,,,,,,,,,,,,,
15372901,away,4-2-3-1,918547,Mahdi Soliman,M. Soliman,G,"37,0",False,Egypt,,,0,0,0,0,0,,,,,,,0,0,,,2026-03-31 19:00:00,Int. Friendly Games,Spain,4698,Egypt,4758,0,0,D,Egypt,home,False,España,,,,,,,,,,,,,,,,,"0,0",,,,,,,,,,,,,,,,,,,,,,,,,,
15372901,away,4-2-3-1,1980828,Mohamed Alaa,M. Alaa,G,"23,0",False,Egypt,,,0,0,0,0,0,,,,,,,0,0,,,2026-03-31 19:00:00,Int. Friendly Games,Spain,4698,Egypt,4758,0,0,D,Egypt,home,False,España,,,,,,,,,,,,,,,,,"0,0",,,,,,,,,,,,,,,,,,,,,,,,,,
15372901,away,4-2-3-1,295339,Rami Rabia,R. Rabia,D,"25,0",False,Egypt,,,0,0,0,0,0,,,,,,,0,0,,,2026-03-31 19:00:00,Int. Friendly Games,Spain,4698,Egypt,4758,0,0,D,Egypt,home,False,España,,,,,,,,,,,,,,,,,"0,0",,,,,,,,,,,,,,,,,,,,,,,,,,
15372901,away,4-2-3-1,1480544,Tarek Alaa,T. Alaa,D,"23,0",False,Egypt,,,0,0,0,0,0,,,,,,,0,0,,,2026-03-31 19:00:00,Int. Friendly Games,Spain,4698,Egypt,4758,0,0,D,Egypt,home,False,España,,,,,,,,,,,,,,,,,"0,0",,,,,,,,,,,,,,,,,,,,,,,,,,
15372901,away,4-2-3-1,926506,Mohamed Abdelmonem,M. Abdelmonem,D,"5,0",False,Egypt,,,0,0,0,0,0,,,,,,,0,0,,,2026-03-31 19:00:00,Int. Friendly Games,Spain,4698,Egypt,4758,0,0,D,Egypt,home,False,España,,,,,,,,,,,,,,,,,"0,0",,,,,,,,,,,,,,,,,,,,,,,,,,
15372901,away,4-2-3-1,967127,Khaled Sobhi,K. Sobhi,D,"5,0",False,Egypt,,,0,0,0,0,0,,,,,,,0,0,,,2026-03-31 19:00:00,Int. Friendly Games,Spain,4698,Egypt,4758,0,0,D,Egypt,home,False,España,,,,,,,,,,,,,,,,,"0,0",,,,,,,,,,,,,,,,,,,,,,,,,,
15372901,away,4-2-3-1,1092709,Ahmed Nabil Koka,A. Koka,D,"36,0",False,Egypt,,,0,0,0,0,0,,,,,,,0,0,,,2026-03-31 19:00:00,Int. Friendly Games,Spain,4698,Egypt,4758,0,0,D,Egypt,home,False,España,,,,,,,,,,,,,,,,,"0,0",,,,,,,,,,,,,,,,,,,,,,,,,,
15372901,away,4-2-3-1,1008171,Ibrahim Adel,I. Adel,M,"14,0",False,Egypt,,,0,0,0,0,0,,,,,,,0,0,,,2026-03-31 19:00:00,Int. Friendly Games,Spain,4698,Egypt,4758,0,0,D,Egypt,home,False,España,,,,,,,,,,,,,,,,,"0,0",,,,,,,,,,,,,,,,,,,,,,,,,,
15372901,away,4-2-3-1,873551,Mostafa Mohamed,M. Mohamed,F,"31,0",False,Egypt,,,0,0,0,0,0,,,,,,,0,0,,,2026-03-31 19:00:00,Int. Friendly Games,Spain,4698,Egypt,4758,0,0,D,Egypt,home,False,España,,,,,,,,,,,,,,,,,"0,0",,,,,,,,,,,,,,,,,,,,,,,,,,
15372901,away,4-2-3-1,918622,Naser Mansi,N. Mansi,F,"9,0",False,Egypt,,,0,0,0,0,0,,,,,,,0,0,,,2026-03-31 19:00:00,Int. Friendly Games,Spain,4698,Egypt,4758,0,0,D,Egypt,home,False,España,,,,,,,,,,,,,,,,,"0,0",,,,,,,,,,,,,,,,,,,,,,,,,,
15794173,home,4-2-3-1,797291,Unai Simón,U. Simón,G,"1,0",True,Spain,"7,1","90,0",0,0,0,0,0,"26,0","27,0","96,3","1,0","1,0",,0,0,,,2026-03-27 20:00:00,Int. Friendly Games,Spain,4698,Serbia,6355,3,0,W,Serbia,home,True,España,,"100,0","1,0",,"1,0","100,0",,,"2,0","1,0",,"1,0",,"12,0","1,0","1,0","0,0",,,,"38,0",,,,,"15,0","130,2","1,0",,,,"2,0","0,1113",,"0,02","0,02","0,24","0,13",,,"0,0","26,0","12,0"
15794173,home,4-2-3-1,353138,Marcos Llorente,M. Llorente,D,"14,0",True,Spain,"7,1","90,0",0,0,0,0,0,"80,0","83,0","96,4",,,,0,0,,,2026-03-27 20:00:00,Int. Friendly Games,Spain,4698,Serbia,6355,3,0,W,Serbia,home,True,España,,,,,,,,,"4,0","2,0","1,0","45,0","43,0","3,0","1,0","5,0","0,0",,,,"95,0","1,0",,,,"33,0","197,8","0,0",,,"1,0",,,,"0,31","-0,44","-0,02",,,,"0,0","80,0","3,0"
15794173,home,4-2-3-1,1402913,Pau Cubarsí,P. Cubarsí,D,"5,0",True,Spain,"7,6","83,0",0,1,0,0,1,"91,0","94,0","96,8","1,0","5,0",,0,0,,,2026-03-27 20:00:00,Int. Friendly Games,Spain,4698,Serbia,6355,3,0,W,Serbia,home,True,España,"4,0","20,0","1,0","2,0","3,0","33,3",,,"8,0","6,0",,"31,0","29,0","1,0","4,0","3,0","0,0",,,,"100,0",,,,,"56,0","413,7","1,0","1,0",,,,,,"0,46","0,26","0,17",,,,"1,08","98,7","1,1"
15794173,home,4-2-3-1,149734,Aymeric Laporte,A. Laporte,D,"14,0",True,Spain,"7,6","90,0",0,0,0,0,0,"103,0","107,0","96,3","1,0","4,0","1,0",0,0,,,2026-03-27 20:00:00,Int. Friendly Games,Spain,4698,Serbia,6355,3,0,W,Serbia,home,True,España,"3,0","25,0","1,0","2,0","3,0","33,3",,,"7,0","3,0",,"44,0","41,0","2,0","4,0","4,0","0,0",,,,"112,0",,,,,"61,0","513,4","4,0","1,0",,,,,,"0,47","0,34","0,23",,,,"0,0","103,0","2,0"
15794173,home,4-2-3-1,794939,Marc Cucurella,M. Cucurella,D,"3,0",True,Spain,"7,1","90,0",0,0,0,0,0,"71,0","75,0","94,7","2,0","3,0",,0,0,,,2026-03-27 20:00:00,Int. Friendly Games,Spain,4698,Serbia,6355,3,0,W,Serbia,home,True,España,"1,0","66,7","1,0",,"1,0","100,0",,,"3,0","2,0",,"34,0","31,0","3,0","3,0","5,0","0,0",,,,"86,0","1,0",,,,"19,0","176,3","2,0","1,0","1,0",,,,,"0,16","0,13","0,17",,,,"0,0","71,0","3,0"
15794173,home,4-2-3-1,827606,Rodri,Rodri,M,"16,0",True,Spain,"7,4","77,0",0,0,0,0,0,"100,0","107,0","93,5","4,0","9,0","1,0",0,0,,,2026-03-27 20:00:00,Int. Friendly Games,Spain,4698,Serbia,6355,3,0,W,Serbia,home,True,España,"5,0","44,4","2,0","2,0","4,0","50,0","1,0","1,0","2,0","1,0",,"54,0","48,0","5,0","2,0","7,0","0,0",,,,"115,0",,,,,"41,0","274,8","1,0","3,0","1,0",,,,,"0,38","0,29","0,24",,,,"0,0","116,9","5,8"
15794173,home,4-2-3-1,992587,Pedri,Pedri,M,"8,0",True,Spain,"6,9","45,0",0,0,0,0,2,"43,0","44,0","97,7","2,0","3,0",,0,0,,,2026-03-27 20:00:00,Int. Friendly Games,Spain,4698,Serbia,6355,3,0,W,Serbia,home,True,España,"1,0","66,7","1,0",,"1,0","100,0","1,0",,"2,0","2,0",,"31,0","30,0","1,0",,"3,0","0,0",,,,"47,0",,"1,0",,,"22,0","192,6","0,0",,,,,,,"-0,15","0,25","0,13",,,,"0,0","86,0","2,0"
15794173,home,4-2-3-1,1402912,Lamine Yamal,L. Yamal,M,"10,0",True,Spain,"7,1","63,0",0,0,0,1,0,"34,0","43,0","79,1","5,0","10,0","1,0",0,0,,,2026-03-27 20:00:00,Int. Friendly Games,Spain,4698,Serbia,6355,3,0,W,Serbia,home,True,España,"5,0","50,0",,,,,"2,0","1,0","1,0","1,0",,"35,0","26,0","2,0",,"16,0","1,0",,,"1,0","61,0","2,0","2,0","5,0","2,0","19,0","175,4","6,0",,"1,0","1,0",,,"-0,15","0,22","0,49","0,13",,"63,0",,"0,0","48,6","2,9"
15794173,home,4-2-3-1,1153270,Fermín López,F. López,M,"16,0",True,Spain,"7,5","45,0",0,1,1,0,2,"28,0","30,0","93,3","5,0","7,0","1,0",0,0,,,2026-03-27 20:00:00,Int. Friendly Games,Spain,4698,Serbia,6355,3,0,W,Serbia,home,True,España,"2,0","71,4",,,,,"1,0","1,0","1,0","1,0","1,0","20,0","19,0",,,"3,0","1,0",,,,"40,0",,,"3,0","3,0","9,0","74,2","1,0","2,0","1,0",,,,"-0,07","0,49","0,14","-0,06",,"45,0","45,0","2,0","56,0","0,0"
15794173,home,4-2-3-1,910031,Alex Baena,A. Baena,M,"10,0",True,Spain,"6,7","77,0",0,0,0,2,1,"38,0","42,0","90,5","2,0","4,0",,0,0,,,2026-03-27 20:00:00,Int. Friendly Games,Spain,4698,Serbia,6355,3,0,W,Serbia,home,True,España,"2,0","50,0",,,,,"1,0",,,,"3,0","30,0","26,0","3,0","1,0","10,0","2,0",,,,"57,0","3,0",,,,"23,0","190,7","2,0",,"1,0",,,,"-0,25","0,08","0,1","-0,06",,"38,5",,"0,0","44,4","3,5"
15794173,home,4-2-3-1,823622,Mikel Oyarzabal,M. Oyarzabal,F,"10,0",True,Spain,"8,6","63,0",2,0,2,0,0,"13,0","18,0","72,2","2,0","4,0",,0,0,,,2026-03-27 20:00:00,Int. Friendly Games,Spain,4698,Serbia,6355,3,0,W,Serbia,home,True,España,"2,0","50,0",,"1,0","1,0","0,0",,,"1,0","1,0",,"10,0","5,0","3,0","1,0","10,0","3,0",,,,"33,0","4,0",,"1,0","1,0","13,0","90,0","2,0","1,0","1,0",,,,"0,87","-0,35","0,41","0,17",,"21,0","31,5","2,86","18,6","4,3"
15794173,home,4-2-3-1,789071,Dani Olmo,D. Olmo,M,"20,0",False,Spain,"6,8","45,0",0,0,1,0,0,"19,0","21,0","90,5","1,0","1,0",,0,0,,,2026-03-27 20:00:00,Int. Friendly Games,Spain,4698,Serbia,6355,3,0,W,Serbia,home,True,España,,"100,0",,,,,,,"3,0","1,0","1,0","11,0","9,0","1,0",,"4,0","2,0","1,0",,,"26,0","1,0",,,,"6,0","29,8","0,0",,"1,0",,,,"-0,55","0,29","0,01","0,13",,"22,5","45,0","0,0","38,0","2,0"
15794173,home,4-2-3-1,816763,Pablo Fornals,P. Fornals,M,"8,0",False,Spain,"6,6","45,0",0,0,0,0,2,"37,0","41,0","90,2",,"4,0",,0,0,,,2026-03-27 20:00:00,Int. Friendly Games,Spain,4698,Serbia,6355,3,0,W,Serbia,home,True,España,"4,0","0,0",,,,,,,"2,0",,"1,0","24,0","21,0","2,0",,"8,0","0,0",,"1,0",,"45,0",,"2,0","1,0",,"16,0","79,1","0,0",,,,,,,"0,3","-0,21","-0,05",,,,"0,0","74,0","4,0"
15794173,home,4-2-3-1,855833,Ferran Torres,F. Torres,F,"7,0",False,Spain,"7,0","27,0",0,1,2,1,2,"10,0","11,0","90,9",,"1,0",,0,0,,,2026-03-27 20:00:00,Int. Friendly Games,Spain,4698,Serbia,6355,3,0,W,Serbia,home,True,España,"1,0","0,0",,,,,,,,,,"10,0","9,0",,,"2,0","3,0",,"1,0",,"15,0","1,0",,,,"3,0","21,0","0,0","1,0",,,,,"-0,48","0,49","0,2","0,0",,"9,0","13,5","3,33","33,3","0,0"
15794173,home,4-2-3-1,1145642,Victor Muñoz,V. Muñoz,F,"21,0",False,Spain,"7,7","27,0",1,0,2,0,1,"21,0","26,0","80,8","2,0","4,0","1,0",0,0,,,2026-03-27 20:00:00,Int. Friendly Games,Spain,4698,Serbia,6355,3,0,W,Serbia,home,True,España,"2,0","50,0",,,,,"2,0",,,,,"22,0","17,0","3,0",,"6,0","2,0",,,,"36,0",,,"1,0",,"9,0","60,6","2,0","1,0",,,,,"0,47","0,15","0,29","0,0",,"13,5","13,5","3,33","70,0","10,0"
15794173,home,4-2-3-1,966837,Martín Zubimendi,M. Zubimendi,M,"36,0",False,Spain,"6,7","13,0",0,0,0,0,0,"13,0","13,0","100,0",,,,0,0,,,2026-03-27 20:00:00,Int. Friendly Games,Spain,4698,Serbia,6355,3,0,W,Serbia,home,True,España,,,,,,,,,"1,0","1,0",,"4,0","4,0",,,"1,0","0,0",,,,"14,0","1,0",,,,"6,0","40,2","0,0",,,,,,,"0,05","0,06","0,13",,,,"0,0","90,0","0,0"
15794173,home,4-2-3-1,984624,Yéremy Pino,Y. Pino,F,"10,0",False,Spain,"6,4","13,0",0,0,0,0,1,"9,0","10,0","90,0",,"3,0",,0,0,,,2026-03-27 20:00:00,Int. Friendly Games,Spain,4698,Serbia,6355,3,0,W,Serbia,home,True,España,"3,0","0,0",,,,,,,,,"1,0","4,0","3,0",,,"2,0","0,0",,,,"13,0",,"1,0",,,"5,0","47,3","1,0","1,0",,,,,,"0,04","0,02","-0,05",,,,"0,0","62,3","0,0"
15794173,home,4-2-3-1,1144630,Cristhian Mosquera,C. Mosquera,D,"3,0",False,Spain,"6,7","10,0",0,0,0,0,0,"6,0","7,0","85,7","1,0","1,0","1,0",0,0,,,2026-03-27 20:00:00,Int. Friendly Games,Spain,4698,Serbia,6355,3,0,W,Serbia,home,True,España,,"100,0","1,0",,"1,0","100,0",,,,,,"4,0","4,0","1,0",,"1,0","0,0",,,,"9,0",,,,,"4,0","35,3","0,0",,"1,0",,,,,"0,01","0,11","-0,01",,,,"0,0","54,0","9,0"
15794173,home,4-2-3-1,581310,David Raya,D. Raya,G,"1,0",False,Spain,,,0,0,0,0,0,,,,,,,0,0,,,2026-03-27 20:00:00,Int. Friendly Games,Spain,4698,Serbia,6355,3,0,W,Serbia,home,True,España,,,,,,,,,,,,,,,,,"0,0",,,,,,,,,,,,,,,,,,,,,,,,,,
15794173,home,4-2-3-1,791773,Álex Remiro,Á. Remiro,G,"1,0",False,Spain,,,0,0,0,0,0,,,,,,,0,0,,,2026-03-27 20:00:00,Int. Friendly Games,Spain,4698,Serbia,6355,3,0,W,Serbia,home,True,España,,,,,,,,,,,,,,,,,"0,0",,,,,,,,,,,,,,,,,,,,,,,,,,
15794173,home,4-2-3-1,1176744,Dean Huijsen,D. Huijsen,D,"24,0",False,Spain,,,0,0,0,0,0,,,,,,,0,0,,,2026-03-27 20:00:00,Int. Friendly Games,Spain,4698,Serbia,6355,3,0,W,Serbia,home,True,España,,,,,,,,,,,,,,,,,"0,0",,,,,,,,,,,,,,,,,,,,,,,,,,
15794173,home,4-2-3-1,913654,Pedro Porro,P. Porro,D,"23,0",False,Spain,,,0,0,0,0,0,,,,,,,0,0,,,2026-03-27 20:00:00,Int. Friendly Games,Spain,4698,Serbia,6355,3,0,W,Serbia,home,True,España,,,,,,,,,,,,,,,,,"0,0",,,,,,,,,,,,,,,,,,,,,,,,,,
15794173,home,4-2-3-1,177177,Alejandro Grimaldo,A. Grimaldo,M,"20,0",False,Spain,,,0,0,0,0,0,,,,,,,0,0,,,2026-03-27 20:00:00,Int. Friendly Games,Spain,4698,Serbia,6355,3,0,W,Serbia,home,True,España,,,,,,,,,,,,,,,,,"0,0",,,,,,,,,,,,,,,,,,,,,,,,,,
15794173,home,4-2-3-1,832427,Carlos Soler,C. Soler,M,"18,0",False,Spain,,,0,0,0,0,0,,,,,,,0,0,,,2026-03-27 20:00:00,Int. Friendly Games,Spain,4698,Serbia,6355,3,0,W,Serbia,home,True,España,,,,,,,,,,,,,,,,,"0,0",,,,,,,,,,,,,,,,,,,,,,,,,,
15794173,home,4-2-3-1,966862,Ander Barrenetxea,A. Barrenetxea,M,"7,0",False,Spain,,,0,0,0,0,0,,,,,,,0,0,,,2026-03-27 20:00:00,Int. Friendly Games,Spain,4698,Serbia,6355,3,0,W,Serbia,home,True,España,,,,,,,,,,,,,,,,,"0,0",,,,,,,,,,,,,,,,,,,,,,,,,,
15794173,home,4-2-3-1,785989,Borja Iglesias,B. Iglesias,F,"7,0",False,Spain,,,0,0,0,0,0,,,,,,,0,0,,,2026-03-27 20:00:00,Int. Friendly Games,Spain,4698,Serbia,6355,3,0,W,Serbia,home,True,España,,,,,,,,,,,,,,,,,"0,0",,,,,,,,,,,,,,,,,,,,,,,,,,
15794173,away,4-2-3-1,356160,Vanja Milinković-Savić,V. Milinković-Savić,G,"32,0",True,Serbia,"6,6","90,0",0,0,0,0,0,"41,0","51,0","80,4","1,0",,,0,0,,,2026-03-27 20:00:00,Int. Friendly Games,Spain,4698,Serbia,6355,3,0,W,Serbia,home,False,España,,,,,,,,,,,,,,,,,"0,0",,,,,,,,,,,,,,,,,,,,,,,,"0,0","41,0","0,0"
15794173,away,4-2-3-1,1146274,Ognjen Mimović,O. Mimović,D,"21,0",True,Serbia,"5,7","83,0",0,0,0,0,0,"13,0","18,0","72,2",,,,0,0,,,2026-03-27 20:00:00,Int. Friendly Games,Spain,4698,Serbia,6355,3,0,W,Serbia,home,False,España,,,,,,,,,,,,,,,,,"0,0",,,,,,,,,,,,,,,,,,,,,,,,"0,0","14,1","0,0"
15794173,away,4-2-3-1,836168,Nikola Milenković,N. Milenković,D,"31,0",True,Serbia,"6,8","90,0",0,0,0,0,0,"30,0","30,0","100,0","2,0",,,0,0,,,2026-03-27 20:00:00,Int. Friendly Games,Spain,4698,Serbia,6355,3,0,W,Serbia,home,False,España,,,,,,,,,,,,,,,,,"0,0",,,,,,,,,,,,,,,,,,,,,,,,"0,0","30,0","0,0"
15794173,away,4-2-3-1,965893,Strahinja Pavlović,S. Pavlović,D,"31,0",True,Serbia,"6,2","83,0",0,0,0,0,0,"37,0","42,0","88,1","6,0",,"1,0",0,0,,,2026-03-27 20:00:00,Int. Friendly Games,Spain,4698,Serbia,6355,3,0,W,Serbia,home,False,España,,,,,,,,,,,,,,,,,"0,0",,,,,,,,,,,,,,,,,,,,,,,,"0,0","40,1","0,0"
15794173,away,4-2-3-1,876860,Aleksa Terzić,A. Terzić,D,"3,0",True,Serbia,"6,0","76,0",0,0,0,0,0,"13,0","23,0","56,5","3,0",,"5,0",0,0,,,2026-03-27 20:00:00,Int. Friendly Games,Spain,4698,Serbia,6355,3,0,W,Serbia,home,False,España,,,,,,,,,,,,,,,,,"0,0",,,,,,,,,,,,,,,,,,,,,,,,"0,0","15,4","0,0"
15794173,away,4-2-3-1,1153957,Aleksandar Stanković,A. Stanković,M,"25,0",True,Serbia,"6,5","76,0",0,0,0,0,1,"23,0","28,0","82,1","1,0",,"2,0",0,0,,,2026-03-27 20:00:00,Int. Friendly Games,Spain,4698,Serbia,6355,3,0,W,Serbia,home,False,España,,,,,,,,,,,,,,,,,"0,0",,,,,,,,,,,,,,,,,,,,,,,,"0,0","27,2","0,0"
15794173,away,4-2-3-1,68332,Nemanja Gudelj,N. Gudelj,M,"6,0",True,Serbia,"6,5","60,0",0,0,0,0,0,"12,0","13,0","92,3","1,0",,,0,0,,,2026-03-27 20:00:00,Int. Friendly Games,Spain,4698,Serbia,6355,3,0,W,Serbia,home,False,España,,,,,,,,,,,,,,,,,"0,0",,,,,,,,,,,,,,,,,,,,,,,,"0,0","18,0","0,0"
15794173,away,4-2-3-1,831510,Veljko Birmančević,V. Birmančević,F,"20,0",True,Serbia,"6,4","60,0",0,0,1,0,0,"5,0","6,0","83,3","3,0",,"2,0",0,0,,,2026-03-27 20:00:00,Int. Friendly Games,Spain,4698,Serbia,6355,3,0,W,Serbia,home,False,España,,,,,,,,,,,,,,,,,"1,0",,,,,,,,,,,,,,,,,,,,,,"60,0","60,0","0,0","7,5","0,0"
15794173,away,4-2-3-1,331447,Sergej Milinković-Savić,S. Milinković-Savić,M,"22,0",True,Serbia,"7,0","90,0",0,0,0,0,1,"26,0","33,0","78,8","8,0",,,0,0,,,2026-03-27 20:00:00,Int. Friendly Games,Spain,4698,Serbia,6355,3,0,W,Serbia,home,False,España,,,,,,,,,,,,,,,,,"0,0",,,,,,,,,,,,,,,,,,,,,,,,"0,0","26,0","0,0"
15794173,away,4-2-3-1,126588,Filip Kostić,F. Kostić,M,"18,0",True,Serbia,"6,3","60,0",0,0,1,0,0,"4,0","7,0","57,1",,,,0,0,,,2026-03-27 20:00:00,Int. Friendly Games,Spain,4698,Serbia,6355,3,0,W,Serbia,home,False,España,,,,,,,,,,,,,,,,,"1,0",,,,,,,,,,,,,,,,,,,,,,"60,0","60,0","0,0","6,0","0,0"
15794173,away,4-2-3-1,192144,Aleksandar Mitrović,A. Mitrović,F,"9,0",True,Serbia,"6,9","60,0",0,0,0,0,0,"14,0","20,0","70,0","5,0",,,0,0,,,2026-03-27 20:00:00,Int. Friendly Games,Spain,4698,Serbia,6355,3,0,W,Serbia,home,False,España,,,,,,,,,,,,,,,,,"0,0",,,,,,,,,,,,,,,,,,,,,,,,"0,0","21,0","0,0"
15794173,away,4-2-3-1,190917,Mijat Gaćinović,M. Gaćinović,M,"8,0",False,Serbia,"6,5","30,0",0,0,0,0,0,"4,0","4,0","100,0","1,0",,,0,0,,,2026-03-27 20:00:00,Int. Friendly Games,Spain,4698,Serbia,6355,3,0,W,Serbia,home,False,España,,,,,,,,,,,,,,,,,"0,0",,,,,,,,,,,,,,,,,,,,,,,,"0,0","12,0","0,0"
15794173,away,4-2-3-1,371222,Saša Lukić,S. Lukić,M,"20,0",False,Serbia,"6,4","30,0",0,0,0,0,0,"8,0","10,0","80,0","1,0",,"1,0",0,0,,,2026-03-27 20:00:00,Int. Friendly Games,Spain,4698,Serbia,6355,3,0,W,Serbia,home,False,España,,,,,,,,,,,,,,,,,"0,0",,,,,,,,,,,,,,,,,,,,,,,,"0,0","24,0","0,0"
15794173,away,4-2-3-1,980624,Lazar Samardžić,L. Samardžić,M,"10,0",False,Serbia,"6,5","30,0",0,0,0,0,0,"5,0","6,0","83,3","2,0",,,0,0,,,2026-03-27 20:00:00,Int. Friendly Games,Spain,4698,Serbia,6355,3,0,W,Serbia,home,False,España,,,,,,,,,,,,,,,,,"0,0",,,,,,,,,,,,,,,,,,,,,,,,"0,0","15,0","0,0"
15794173,away,4-2-3-1,319129,Luka Jović,L. Jović,F,"9,0",False,Serbia,"6,5","30,0",0,0,0,0,0,"2,0","3,0","66,7",,,,0,0,,,2026-03-27 20:00:00,Int. Friendly Games,Spain,4698,Serbia,6355,3,0,W,Serbia,home,False,España,,,,,,,,,,,,,,,,,"0,0",,,,,,,,,,,,,,,,,,,,,,,,"0,0","6,0","0,0"
15794173,away,4-2-3-1,1152947,Stefan Bukinac,S. Bukinac,D,"33,0",False,Serbia,"6,6","14,0",0,0,0,0,0,"4,0","7,0","57,1",,,"1,0",0,0,,,2026-03-27 20:00:00,Int. Friendly Games,Spain,4698,Serbia,6355,3,0,W,Serbia,home,False,España,,,,,,,,,,,,,,,,,"0,0",,,,,,,,,,,,,,,,,,,,,,,,"0,0","25,7","0,0"
15794173,away,4-2-3-1,885663,Dejan Joveljić,D. Joveljić,F,"9,0",False,Serbia,"6,2","14,0",0,0,0,0,0,"1,0","3,0","33,3",,,,0,0,,,2026-03-27 20:00:00,Int. Friendly Games,Spain,4698,Serbia,6355,3,0,W,Serbia,home,False,España,,,,,,,,,,,,,,,,,"0,0",,,,,,,,,,,,,,,,,,,,,,,,"0,0","6,4","0,0"
15794173,away,4-2-3-1,1152923,Kosta Nedeljković,K. Nedeljković,D,"19,0",False,Serbia,"6,7","10,0",0,0,0,0,0,,,,"1,0",,,0,0,,,2026-03-27 20:00:00,Int. Friendly Games,Spain,4698,Serbia,6355,3,0,W,Serbia,home,False,España,,,,,,,,,,,,,,,,,"0,0",,,,,,,,,,,,,,,,,,,,,,,,"0,0","0,0","0,0"
15794173,away,4-2-3-1,940827,Strahinja Eraković,S. Eraković,D,"25,0",False,Serbia,"6,7","10,0",0,0,0,0,0,"10,0","11,0","90,9",,,,0,0,,,2026-03-27 20:00:00,Int. Friendly Games,Spain,4698,Serbia,6355,3,0,W,Serbia,home,False,España,,,,,,,,,,,,,,,,,"0,0",,,,,,,,,,,,,,,,,,,,,,,,"0,0","90,0","0,0"
15794173,away,4-2-3-1,188107,Predrag Rajković,P. Rajković,G,"1,0",False,Serbia,,,0,0,0,0,0,,,,,,,0,0,,,2026-03-27 20:00:00,Int. Friendly Games,Spain,4698,Serbia,6355,3,0,W,Serbia,home,False,España,,,,,,,,,,,,,,,,,"0,0",,,,,,,,,,,,,,,,,,,,,,,,,,
15794173,away,4-2-3-1,882604,Đorđe Petrović,Đ. Petrović,G,"1,0",False,Serbia,,,0,0,0,0,0,,,,,,,0,0,,,2026-03-27 20:00:00,Int. Friendly Games,Spain,4698,Serbia,6355,3,0,W,Serbia,home,False,España,,,,,,,,,,,,,,,,,"0,0",,,,,,,,,,,,,,,,,,,,,,,,,,
15794173,away,4-2-3-1,844179,Njegoš Petrović,N. Petrović,M,"18,0",False,Serbia,,,0,0,0,0,0,,,,,,,0,0,,,2026-03-27 20:00:00,Int. Friendly Games,Spain,4698,Serbia,6355,3,0,W,Serbia,home,False,España,,,,,,,,,,,,,,,,,"0,0",,,,,,,,,,,,,,,,,,,,,,,,,,
15794173,away,4-2-3-1,1825955,Vasilije Kostov,V. Kostov,M,"22,0",False,Serbia,,,0,0,0,0,0,,,,,,,0,0,,,2026-03-27 20:00:00,Int. Friendly Games,Spain,4698,Serbia,6355,3,0,W,Serbia,home,False,España,,,,,,,,,,,,,,,,,"0,0",,,,,,,,,,,,,,,,,,,,,,,,,,
15794173,away,4-2-3-1,1128120,Petar Stanić,P. Stanić,M,"14,0",False,Serbia,,,0,0,0,0,0,,,,,,,0,0,,,2026-03-27 20:00:00,Int. Friendly Games,Spain,4698,Serbia,6355,3,0,W,Serbia,home,False,España,,,,,,,,,,,,,,,,,"0,0",,,,,,,,,,,,,,,,,,,,,,,,,,
15794173,away,4-2-3-1,1500276,Vanja Dragojević,V. Dragojevic,M,"6,0",False,Serbia,,,0,0,0,0,0,,,,,,,0,0,,,2026-03-27 20:00:00,Int. Friendly Games,Spain,4698,Serbia,6355,3,0,W,Serbia,home,False,España,,,,,,,,,,,,,,,,,"0,0",,,,,,,,,,,,,,,,,,,,,,,,,,
15794173,away,4-2-3-1,1101942,Petar Ratkov,P. Ratkov,F,"20,0",False,Serbia,,,0,0,0,0,0,,,,,,,0,0,,,2026-03-27 20:00:00,Int. Friendly Games,Spain,4698,Serbia,6355,3,0,W,Serbia,home,False,España,,,,,,,,,,,,,,,,,"0,0",,,,,,,,,,,,,,,,,,,,,,,,,,
13233692,home,4-3-3,797291,Unai Simón,U. Simón,G,"1,0",True,Spain,"7,2","90,0",0,0,0,0,0,"20,0","21,0","95,2",,,,0,0,,,2025-11-18 19:45:00,World Cup Qual. UEFA E,Spain,4698,Türkiye,4700,2,2,D,Türkiye,home,True,España,,,,,,,,,"1,0",,,"1,0","1,0","11,0","1,0","1,0","0,0",,,,"36,0",,,,,,"0,0",,,,,"5,0",,,,,,,,,"0,0","20,0","11,0"
13233692,home,4-3-3,353138,Marcos Llorente,M. Llorente,D,"14,0",True,Spain,"7,3","90,0",0,0,0,0,1,"72,0","74,0","97,3","3,0","4,0",,0,0,,,2025-11-18 19:45:00,World Cup Qual. UEFA E,Spain,4698,Türkiye,4700,2,2,D,Türkiye,home,True,España,"1,0","75,0",,"1,0","1,0","0,0","3,0","3,0","1,0","1,0","3,0","42,0","39,0","6,0","1,0","4,0","0,0",,,,"88,0",,,,,,"0,0",,,,,,,,,,,,,,"0,0","72,0","6,0"
13233692,home,4-3-3,1402913,Pau Cubarsí,P. Cubarsí,D,"5,0",True,Spain,"7,0","90,0",0,0,1,0,0,"100,0","103,0","97,1","4,0","7,0",,0,0,,,2025-11-18 19:45:00,World Cup Qual. UEFA E,Spain,4698,Türkiye,4700,2,2,D,Türkiye,home,True,España,"3,0","57,1","3,0","2,0","5,0","60,0","1,0",,,,,"52,0","49,0","6,0","2,0","3,0","1,0",,,,"109,0",,,,,,"0,0",,"1,0",,,,,,,,,,"90,0","90,0","0,0","100,0","6,0"
13233692,home,4-3-3,149734,Aymeric Laporte,A. Laporte,D,"14,0",True,Spain,"7,5","90,0",0,0,1,0,0,"112,0","116,0","96,6","6,0","6,0",,0,0,,,2025-11-18 19:45:00,World Cup Qual. UEFA E,Spain,4698,Türkiye,4700,2,2,D,Türkiye,home,True,España,,"100,0","2,0",,"2,0","100,0","2,0","1,0","7,0","5,0",,"75,0","71,0","4,0","1,0","5,0","2,0",,,,"129,0","1,0",,,,,"0,0",,,"2,0",,,,,,,,,"45,0","90,0","0,0","112,0","4,0"
13233692,home,4-3-3,794939,Marc Cucurella,M. Cucurella,D,"3,0",True,Spain,"7,2","90,0",0,1,0,0,1,"69,0","74,0","93,2",,"2,0",,0,0,,,2025-11-18 19:45:00,World Cup Qual. UEFA E,Spain,4698,Türkiye,4700,2,2,D,Türkiye,home,True,España,"2,0","0,0",,,,,,,,,"4,0","54,0","46,0","3,0",,"9,0","0,0",,"1,0",,"85,0",,"1,0",,,,"0,0",,,,,,,,,,,,,,"1,0","69,0","3,0"
13233692,home,4-3-3,592010,Mikel Merino,M. Merino,M,"23,0",True,Spain,"6,5","45,0",0,0,0,0,0,"22,0","27,0","81,5","2,0","6,0",,0,0,,,2025-11-18 19:45:00,World Cup Qual. UEFA E,Spain,4698,Türkiye,4700,2,2,D,Türkiye,home,True,España,"4,0","33,3",,,,,,,"1,0",,,"15,0","10,0","2,0",,"8,0","1,0",,,,"34,0","1,0","2,0",,,,"0,0",,"1,0","2,0",,,,,,,,,"45,0",,"0,0","44,0","4,0"
13233692,home,4-3-3,796047,Aleix García,A. García,M,"24,0",True,Spain,"7,2","90,0",0,0,0,1,2,"99,0","107,0","92,5","3,0","6,0","1,0",0,0,,,2025-11-18 19:45:00,World Cup Qual. UEFA E,Spain,4698,Türkiye,4700,2,2,D,Türkiye,home,True,España,"3,0","50,0","3,0","1,0","4,0","75,0",,,"6,0","4,0","5,0","72,0","62,0","3,0",,"15,0","1,0",,,,"118,0",,"1,0",,,,"0,0",,,,,,,,,,,,"90,0",,"0,0","99,0","3,0"
13233692,home,4-3-3,784655,Fabián Ruiz,F. Ruiz,M,"8,0",True,Spain,"6,9","83,0",0,0,1,0,1,"68,0","74,0","91,9","1,0","2,0","1,0",0,0,,,2025-11-18 19:45:00,World Cup Qual. UEFA E,Spain,4698,Türkiye,4700,2,2,D,Türkiye,home,True,España,"1,0","50,0",,,,,"1,0",,"1,0","1,0","1,0","58,0","51,0","1,0","2,0","10,0","3,0","1,0",,,"87,0","2,0",,,,,"0,0",,"1,0",,,,,,,,,,"27,7","83,0","0,0","73,7","1,1"
13233692,home,4-3-3,984624,Yéremy Pino,Y. Pino,F,"10,0",True,Spain,"6,9","62,0",0,0,1,0,3,"38,0","48,0","79,2","2,0","5,0","2,0",0,0,,,2025-11-18 19:45:00,World Cup Qual. UEFA E,Spain,4698,Türkiye,4700,2,2,D,Türkiye,home,True,España,"3,0","40,0",,,,,"1,0",,,,"2,0","39,0","28,0","4,0",,"14,0","2,0","1,0",,,"60,0","1,0","1,0","1,0",,,"0,0",,,"1,0","1,0",,,,,,,,"31,0","62,0","0,0","55,2","5,8"
13233692,home,4-3-3,823622,Mikel Oyarzabal,M. Oyarzabal,F,"10,0",True,Spain,"7,5","62,0",1,0,1,2,2,"14,0","16,0","87,5",,"1,0",,0,0,,,2025-11-18 19:45:00,World Cup Qual. UEFA E,Spain,4698,Türkiye,4700,2,2,D,Türkiye,home,True,España,"1,0","0,0",,,,,,,,,,"12,0","10,0",,,"3,0","3,0",,,,"22,0","1,0",,,,,"0,0",,"1,0",,,,,,,,,,"20,7","62,0","1,45","20,3","0,0"
13233692,home,4-3-3,789071,Dani Olmo,D. Olmo,M,"20,0",True,Spain,"7,9","74,0",1,0,3,0,2,"44,0","50,0","88,0","1,0","4,0",,0,0,,,2025-11-18 19:45:00,World Cup Qual. UEFA E,Spain,4698,Türkiye,4700,2,2,D,Türkiye,home,True,España,"3,0","25,0",,"1,0","1,0","0,0",,,"3,0","1,0","1,0","37,0","30,0","2,0",,"11,0","3,0",,"1,0",,"60,0","1,0","2,0","1,0","1,0",,"0,0",,,,,,,,,,,,"24,7","24,7","1,22","53,5","2,4"
13233692,home,4-3-3,855833,Ferran Torres,F. Torres,F,"7,0",False,Spain,"6,9","45,0",0,0,0,2,0,"14,0","17,0","82,4","1,0","2,0","1,0",0,0,,,2025-11-18 19:45:00,World Cup Qual. UEFA E,Spain,4698,Türkiye,4700,2,2,D,Türkiye,home,True,España,"1,0","50,0",,,,,,,,,"1,0","15,0","11,0","1,0",,"6,0","2,0",,,,"25,0",,,"2,0","1,0",,"0,0",,,,,,,,,,,,"22,5",,"0,0","28,0","2,0"
13233692,home,4-3-3,910031,Alex Baena,A. Baena,M,"10,0",False,Spain,"7,5","28,0",0,0,1,1,3,"17,0","19,0","89,5",,"1,0",,0,0,,,2025-11-18 19:45:00,World Cup Qual. UEFA E,Spain,4698,Türkiye,4700,2,2,D,Türkiye,home,True,España,"1,0","0,0",,,,,,,"2,0","2,0","5,0","17,0","12,0",,,"7,0","2,0",,"1,0",,"28,0",,,,,,"0,0",,"1,0",,,,,,,,,,"14,0","28,0","0,0","54,6","0,0"
13233692,home,4-3-3,1503836,Samu Aghehowa,S. Aghehowa,F,"9,0",False,Spain,"6,4","28,0",0,0,0,1,0,"3,0","4,0","75,0","2,0","2,0",,0,0,,,2025-11-18 19:45:00,World Cup Qual. UEFA E,Spain,4698,Türkiye,4700,2,2,D,Türkiye,home,True,España,,"100,0","1,0",,"1,0","100,0",,,,,,"3,0","2,0","2,0",,"1,0","1,0","1,0",,,"6,0",,,,,,"0,0",,,"1,0","1,0",,,,,,,,"28,0",,"0,0","9,6","6,4"
13233692,home,4-3-3,1153270,Fermín López,F. López,M,"16,0",False,Spain,"6,4","16,0",0,0,0,0,0,"7,0","9,0","77,8","2,0","5,0",,0,0,,,2025-11-18 19:45:00,World Cup Qual. UEFA E,Spain,4698,Türkiye,4700,2,2,D,Türkiye,home,True,España,"3,0","40,0",,,,,,,,,,"7,0","5,0","1,0",,"5,0","0,0",,,,"16,0",,,"3,0",,,"0,0",,,"2,0","1,0",,,,,,,,,,"0,0","39,4","5,6"
13233692,home,4-3-3,816763,Pablo Fornals,P. Fornals,M,"8,0",False,Spain,"6,7","15,0",0,0,0,0,1,"6,0","7,0","85,7",,,,0,0,,,2025-11-18 19:45:00,World Cup Qual. UEFA E,Spain,4698,Türkiye,4700,2,2,D,Türkiye,home,True,España,,,,,,,,,,,,"3,0","2,0","1,0",,"1,0","0,0",,,,"9,0",,,,,,"0,0",,,,,,,,,,,,,,"0,0","36,0","6,0"
13233692,home,4-3-3,581310,David Raya,D. Raya,G,"1,0",False,Spain,,,0,0,0,0,0,,,,,,,0,0,,,2025-11-18 19:45:00,World Cup Qual. UEFA E,Spain,4698,Türkiye,4700,2,2,D,Türkiye,home,True,España,,,,,,,,,,,,,,,,,"0,0",,,,,,,,,,,,,,,,,,,,,,,,,,
13233692,home,4-3-3,791773,Álex Remiro,Á. Remiro,G,"1,0",False,Spain,,,0,0,0,0,0,,,,,,,0,0,,,2025-11-18 19:45:00,World Cup Qual. UEFA E,Spain,4698,Türkiye,4700,2,2,D,Türkiye,home,True,España,,,,,,,,,,,,,,,,,"0,0",,,,,,,,,,,,,,,,,,,,,,,,,,
13233692,home,4-3-3,910978,Dani Vivian,D. Vivian,D,"3,0",False,Spain,,,0,0,0,0,0,,,,,,,0,0,,,2025-11-18 19:45:00,World Cup Qual. UEFA E,Spain,4698,Türkiye,4700,2,2,D,Türkiye,home,True,España,,,,,,,,,,,,,,,,,"0,0",,,,,,,,,,,,,,,,,,,,,,,,,,
13233692,home,4-3-3,913654,Pedro Porro,P. Porro,D,"23,0",False,Spain,,,0,0,0,0,0,,,,,,,0,0,,,2025-11-18 19:45:00,World Cup Qual. UEFA E,Spain,4698,Türkiye,4700,2,2,D,Türkiye,home,True,España,,,,,,,,,,,,,,,,,"0,0",,,,,,,,,,,,,,,,,,,,,,,,,,
13233692,home,4-3-3,1142588,Pablo Barrios,P. Barrios,M,"8,0",False,Spain,,,0,0,0,0,0,,,,,,,0,0,,,2025-11-18 19:45:00,World Cup Qual. UEFA E,Spain,4698,Türkiye,4700,2,2,D,Türkiye,home,True,España,,,,,,,,,,,,,,,,,"0,0",,,,,,,,,,,,,,,,,,,,,,,,,,
13233692,home,4-3-3,966837,Martín Zubimendi,M. Zubimendi,M,"36,0",False,Spain,,,0,0,0,0,0,,,,,,,0,0,,,2025-11-18 19:45:00,World Cup Qual. UEFA E,Spain,4698,Türkiye,4700,2,2,D,Türkiye,home,True,España,,,,,,,,,,,,,,,,,"0,0",,,,,,,,,,,,,,,,,,,,,,,,,,
13233692,home,4-3-3,785989,Borja Iglesias,B. Iglesias,F,"7,0",False,Spain,,,0,0,0,0,0,,,,,,,0,0,,,2025-11-18 19:45:00,World Cup Qual. UEFA E,Spain,4698,Türkiye,4700,2,2,D,Türkiye,home,True,España,,,,,,,,,,,,,,,,,"0,0",,,,,,,,,,,,,,,,,,,,,,,,,,
13233692,away,5-4-1,815890,Altay Bayındır,A. Bayındır,G,"1,0",True,Türkiye,"7,5","90,0",0,0,0,0,0,"17,0","25,0","68,0",,,,0,0,,,2025-11-18 19:45:00,World Cup Qual. UEFA E,Spain,4698,Türkiye,4700,2,2,D,Türkiye,home,False,España,,,,,,,,,,,,,,,,,"0,0",,,,,,,,,,,,,,,,,,,,,,,,"0,0","17,0","0,0"
13233692,away,5-4-1,893008,Zeki Çelik,Z. Çelik,D,"19,0",True,Türkiye,"7,0","90,0",0,0,0,0,1,"18,0","24,0","75,0","4,0",,"1,0",0,0,,,2025-11-18 19:45:00,World Cup Qual. UEFA E,Spain,4698,Türkiye,4700,2,2,D,Türkiye,home,False,España,,,,,,,,,,,,,,,,,"0,0",,,,,,,,,,,,,,,,,,,,,,,,"0,0","18,0","0,0"
13233692,away,5-4-1,863600,Samet Akaydın,S. Akaydın,D,"3,0",True,Türkiye,"7,2","90,0",0,0,0,0,0,"29,0","32,0","90,6","3,0",,"4,0",0,0,,,2025-11-18 19:45:00,World Cup Qual. UEFA E,Spain,4698,Türkiye,4700,2,2,D,Türkiye,home,False,España,,,,,,,,,,,,,,,,,"0,0",,,,,,,,,,,,,,,,,,,,,,,,"0,0","29,0","0,0"
13233692,away,5-4-1,806968,Merih Demiral,M. Demiral,D,"28,0",True,Türkiye,"7,2","83,0",0,0,0,0,0,"23,0","29,0","79,3",,,"2,0",0,0,,,2025-11-18 19:45:00,World Cup Qual. UEFA E,Spain,4698,Türkiye,4700,2,2,D,Türkiye,home,False,España,,,,,,,,,,,,,,,,,"0,0",,,,,,,,,,,,,,,,,,,,,,,,"0,0","24,9","0,0"
13233692,away,5-4-1,758608,Çağlar Söyüncü,Ç. Söyüncü,D,"4,0",True,Türkiye,"6,8","90,0",0,0,0,0,0,"24,0","27,0","88,9","2,0",,,0,0,,,2025-11-18 19:45:00,World Cup Qual. UEFA E,Spain,4698,Türkiye,4700,2,2,D,Türkiye,home,False,España,,,,,,,,,,,,,,,,,"0,0",,,,,,,,,,,,,,,,,,,,,,,,"0,0","24,0","0,0"
13233692,away,5-4-1,825844,Ferdi Kadıoğlu,F. Kadıoğlu,D,"24,0",True,Türkiye,"6,7","78,0",0,0,0,0,0,"19,0","23,0","82,6","2,0",,"1,0",0,0,,,2025-11-18 19:45:00,World Cup Qual. UEFA E,Spain,4698,Türkiye,4700,2,2,D,Türkiye,home,False,España,,,,,,,,,,,,,,,,,"0,0",,,,,,,,,,,,,,,,,,,,,,,,"0,0","21,9","0,0"
13233692,away,5-4-1,226986,İrfan Can Kahveci,İ. C. Kahveci,M,"71,0",True,Türkiye,"6,8","69,0",0,0,1,0,1,"15,0","19,0","78,9","2,0",,,0,0,,,2025-11-18 19:45:00,World Cup Qual. UEFA E,Spain,4698,Türkiye,4700,2,2,D,Türkiye,home,False,España,,,,,,,,,,,,,,,,,"1,0",,,,,,,,,,,,,,,,,,,,,,"69,0","69,0","0,0","19,6","0,0"
13233692,away,5-4-1,795005,Salih Özcan,S. Özcan,M,"6,0",True,Türkiye,"7,2","78,0",1,0,1,0,1,"22,0","25,0","88,0","3,0",,"1,0",0,0,,,2025-11-18 19:45:00,World Cup Qual. UEFA E,Spain,4698,Türkiye,4700,2,2,D,Türkiye,home,False,España,,,,,,,,,,,,,,,,,"1,0",,,,,,,,,,,,,,,,,,,,,,"78,0","78,0","1,15","25,4","0,0"
13233692,away,5-4-1,907461,Orkun Kökçü,O. Kökçü,M,"10,0",True,Türkiye,"7,7","90,0",0,1,1,0,4,"30,0","37,0","81,1","2,0",,"1,0",0,0,,,2025-11-18 19:45:00,World Cup Qual. UEFA E,Spain,4698,Türkiye,4700,2,2,D,Türkiye,home,False,España,,,,,,,,,,,,,,,,,"1,0",,,,,,,,,,,,,,,,,,,,,,"90,0","90,0","1,0","30,0","0,0"
13233692,away,5-4-1,904096,Barış Alper Yılmaz,B. A. Yılmaz,M,"53,0",True,Türkiye,"7,0","90,0",0,0,2,0,0,"6,0","13,0","46,2","4,0",,,0,0,,,2025-11-18 19:45:00,World Cup Qual. UEFA E,Spain,4698,Türkiye,4700,2,2,D,Türkiye,home,False,España,,,,,,,,,,,,,,,,,"2,0",,,,,,,,,,,,,,,,,,,,,,"45,0","45,0","0,0","6,0","0,0"
13233692,away,5-4-1,1407720,Deniz Gül,D. Gül,F,"27,0",True,Türkiye,"6,8","69,0",1,0,1,0,1,"10,0","11,0","90,9","1,0",,,0,0,,,2025-11-18 19:45:00,World Cup Qual. UEFA E,Spain,4698,Türkiye,4700,2,2,D,Türkiye,home,False,España,,,,,,,,,,,,,,,,,"1,0",,,,,,,,,,,,,,,,,,,,,,"69,0","69,0","1,3","13,0","0,0"
13233692,away,5-4-1,836683,Mert Müldür,M. Müldür,D,"18,0",False,Türkiye,"6,9","21,0",0,0,1,0,0,"8,0","8,0","100,0","2,0",,,0,0,,,2025-11-18 19:45:00,World Cup Qual. UEFA E,Spain,4698,Türkiye,4700,2,2,D,Türkiye,home,False,España,,,,,,,,,,,,,,,,,"1,0",,,,,,,,,,,,,,,,,,,,,,"21,0","21,0","0,0","34,3","0,0"
13233692,away,5-4-1,896364,Yusuf Sarı,Y. Sarı,M,"7,0",False,Türkiye,"6,5","17,0",0,0,0,0,0,"2,0","4,0","50,0",,,,0,0,,,2025-11-18 19:45:00,World Cup Qual. UEFA E,Spain,4698,Türkiye,4700,2,2,D,Türkiye,home,False,España,,,,,,,,,,,,,,,,,"0,0",,,,,,,,,,,,,,,,,,,,,,,,"0,0","10,6","0,0"
13233692,away,5-4-1,899069,Mustafa Eskihellaç,M. Eskihellaç,D,"19,0",False,Türkiye,"6,4","12,0",0,0,0,0,0,"4,0","4,0","100,0",,,,0,0,,,2025-11-18 19:45:00,World Cup Qual. UEFA E,Spain,4698,Türkiye,4700,2,2,D,Türkiye,home,False,España,,,,,,,,,,,,,,,,,"0,0",,,,,,,,,,,,,,,,,,,,,,,,"0,0","30,0","0,0"
13233692,away,5-4-1,801030,Atakan Karazor,A. Karazor,M,"16,0",False,Türkiye,"6,6","12,0",0,0,0,1,0,"3,0","3,0","100,0",,,,0,0,,,2025-11-18 19:45:00,World Cup Qual. UEFA E,Spain,4698,Türkiye,4700,2,2,D,Türkiye,home,False,España,,,,,,,,,,,,,,,,,"1,0",,,,,,,,,,,,,,,,,,,,,,"12,0",,"0,0","22,5","0,0"
13233692,away,5-4-1,1479523,Yusuf Akçiçek,Y. Akçiçek,D,"4,0",False,Türkiye,"6,6","15,0",0,0,0,0,0,,,,"1,0",,,0,0,,,2025-11-18 19:45:00,World Cup Qual. UEFA E,Spain,4698,Türkiye,4700,2,2,D,Türkiye,home,False,España,,,,,,,,,,,,,,,,,"0,0",,,,,,,,,,,,,,,,,,,,,,,,"0,0","0,0","0,0"
13233692,away,5-4-1,39573,Mert Günok,M. Günok,G,"34,0",False,Türkiye,,,0,0,0,0,0,,,,,,,0,0,,,2025-11-18 19:45:00,World Cup Qual. UEFA E,Spain,4698,Türkiye,4700,2,2,D,Türkiye,home,False,España,,,,,,,,,,,,,,,,,"0,0",,,,,,,,,,,,,,,,,,,,,,,,,,
13233692,away,5-4-1,754330,Uğurcan Çakır,U. Çakır,G,"1,0",False,Türkiye,,,0,0,0,0,0,,,,,,,0,0,,,2025-11-18 19:45:00,World Cup Qual. UEFA E,Spain,4698,Türkiye,4700,2,2,D,Türkiye,home,False,España,,,,,,,,,,,,,,,,,"0,0",,,,,,,,,,,,,,,,,,,,,,,,,,
13233692,away,5-4-1,1210995,Isak Vural,I. Vural,M,"21,0",False,Türkiye,,,0,0,0,0,0,,,,,,,0,0,,,2025-11-18 19:45:00,World Cup Qual. UEFA E,Spain,4698,Türkiye,4700,2,2,D,Türkiye,home,False,España,,,,,,,,,,,,,,,,,"0,0",,,,,,,,,,,,,,,,,,,,,,,,,,
13233692,away,5-4-1,1091116,Arda Güler,A. Güler,M,"15,0",False,Türkiye,,,0,0,0,0,0,,,,,,,0,0,,,2025-11-18 19:45:00,World Cup Qual. UEFA E,Spain,4698,Türkiye,4700,2,2,D,Türkiye,home,False,España,,,,,,,,,,,,,,,,,"0,0",,,,,,,,,,,,,,,,,,,,,,,,,,
13233692,away,5-4-1,906049,Ahmed Kutucu,A. Kutucu,M,"21,0",False,Türkiye,,,0,0,0,0,0,,,,,,,0,0,,,2025-11-18 19:45:00,World Cup Qual. UEFA E,Spain,4698,Türkiye,4700,2,2,D,Türkiye,home,False,España,,,,,,,,,,,,,,,,,"0,0",,,,,,,,,,,,,,,,,,,,,,,,,,
13233692,away,5-4-1,999396,Oğuz Aydın,O. Aydın,M,"70,0",False,Türkiye,,,0,0,0,0,0,,,,,,,0,0,,,2025-11-18 19:45:00,World Cup Qual. UEFA E,Spain,4698,Türkiye,4700,2,2,D,Türkiye,home,False,España,,,,,,,,,,,,,,,,,"0,0",,,,,,,,,,,,,,,,,,,,,,,,,,
13233692,away,5-4-1,1149011,Kenan Yıldız,K. Yıldız,F,"10,0",False,Türkiye,,,0,0,0,0,0,,,,,,,0,0,,,2025-11-18 19:45:00,World Cup Qual. UEFA E,Spain,4698,Türkiye,4700,2,2,D,Türkiye,home,False,España,,,,,,,,,,,,,,,,,"0,0",,,,,,,,,,,,,,,,,,,,,,,,,,
13233663,home,4-1-4-1,930997,Giorgi Mamardashvili,G. Mamardashvili,G,"25,0",True,Georgia,"6,6","90,0",0,0,0,0,0,"31,0","38,0","81,6",,,,0,0,,,2025-11-15 17:00:00,World Cup Qual. UEFA E,Georgia,4763,Spain,4698,0,4,W,Georgia,away,False,España,,,,,,,,,,,,,,,,,"0,0",,,,,,,,,,,,,,,,,,,,,,,,"0,0","31,0","0,0"
13233663,home,4-1-4-1,827469,Vladimer Mamuchashvili,V. Mamuchashvili,M,"7,0",True,Georgia,"6,0","90,0",0,0,0,0,0,"30,0","36,0","83,3","1,0",,,0,0,,,2025-11-15 17:00:00,World Cup Qual. UEFA E,Georgia,4763,Spain,4698,0,4,W,Georgia,away,False,España,,,,,,,,,,,,,,,,,"0,0",,,,,,,,,,,,,,,,,,,,,,,,"0,0","30,0","0,0"
13233663,home,4-1-4-1,1126175,Saba Goglichidze,S. Goglichidze,D,"3,0",True,Georgia,"6,2","45,0",0,0,0,0,0,"14,0","17,0","82,4",,,,0,0,,,2025-11-15 17:00:00,World Cup Qual. UEFA E,Georgia,4763,Spain,4698,0,4,W,Georgia,away,False,España,,,,,,,,,,,,,,,,,"0,0",,,,,,,,,,,,,,,,,,,,,,,,"0,0","28,0","0,0"
13233663,home,4-1-4-1,827473,Luka Lochoshvili,L. Lochoshvili,D,"47,0",True,Georgia,"6,4","90,0",0,0,0,0,0,"44,0","50,0","88,0",,,"2,0",0,0,,,2025-11-15 17:00:00,World Cup Qual. UEFA E,Georgia,4763,Spain,4698,0,4,W,Georgia,away,False,España,,,,,,,,,,,,,,,,,"0,0",,,,,,,,,,,,,,,,,,,,,,,,"0,0","44,0","0,0"
13233663,home,4-1-4-1,1035752,Giorgi Gocholeishvili,G. Gocholeishvili,D,"16,0",True,Georgia,"6,2","90,0",0,0,0,0,0,"23,0","27,0","85,2","2,0",,"3,0",0,0,,,2025-11-15 17:00:00,World Cup Qual. UEFA E,Georgia,4763,Spain,4698,0,4,W,Georgia,away,False,España,,,,,,,,,,,,,,,,,"0,0",,,,,,,,,,,,,,,,,,,,,,,,"0,0","23,0","0,0"
13233663,home,4-1-4-1,965260,Anzor Mekvabishvili,A. Mekvabishvili,M,"5,0",True,Georgia,"6,4","71,0",0,0,1,0,0,"23,0","29,0","79,3","2,0",,"1,0",0,0,,,2025-11-15 17:00:00,World Cup Qual. UEFA E,Georgia,4763,Spain,4698,0,4,W,Georgia,away,False,España,,,,,,,,,,,,,,,,,"1,0",,,,,,,,,,,,,,,,,,,,,,"71,0","71,0","0,0","29,2","0,0"
13233663,home,4-1-4-1,921355,Iuri Tabatadze,I. Tabatadze,M,"12,0",True,Georgia,"6,6","57,0",0,0,0,1,1,"4,0","6,0","66,7","2,0",,"1,0",0,0,,,2025-11-15 17:00:00,World Cup Qual. UEFA E,Georgia,4763,Spain,4698,0,4,W,Georgia,away,False,España,,,,,,,,,,,,,,,,,"1,0",,,,,,,,,,,,,,,,,,,,,,"57,0",,"0,0","6,3","0,0"
13233663,home,4-1-4-1,921369,Zuriko Davitashvili,Z. Davitashvili,F,"22,0",True,Georgia,"6,5","85,0",0,0,0,0,1,"28,0","34,0","82,4","3,0",,,0,0,,,2025-11-15 17:00:00,World Cup Qual. UEFA E,Georgia,4763,Spain,4698,0,4,W,Georgia,away,False,España,,,,,,,,,,,,,,,,,"0,0",,,,,,,,,,,,,,,,,,,,,,,,"0,0","29,6","0,0"
13233663,home,4-1-4-1,797994,Otar Kiteishvili,O. Kiteishvili,M,"10,0",True,Georgia,"6,5","90,0",0,0,0,0,0,"47,0","52,0","90,4","3,0",,"1,0",0,0,,,2025-11-15 17:00:00,World Cup Qual. UEFA E,Georgia,4763,Spain,4698,0,4,W,Georgia,away,False,España,,,,,,,,,,,,,,,,,"0,0",,,,,,,,,,,,,,,,,,,,,,,,"0,0","47,0","0,0"
13233663,home,4-1-4-1,889259,Khvicha Kvaratskhelia,K. Kvaratskhelia,F,"7,0",True,Georgia,"7,2","90,0",0,0,1,1,1,"32,0","37,0","86,5","9,0",,"1,0",0,0,,,2025-11-15 17:00:00,World Cup Qual. UEFA E,Georgia,4763,Spain,4698,0,4,W,Georgia,away,False,España,,,,,,,,,,,,,,,,,"2,0",,,,,,,,,,,,,,,,,,,,,,"45,0","90,0","0,0","32,0","0,0"
13233663,home,4-1-4-1,149728,Budu Zivzivadze,B. Zivzivadze,F,"11,0",True,Georgia,"6,6","71,0",0,0,0,0,0,"13,0","15,0","86,7","4,0",,,0,0,,,2025-11-15 17:00:00,World Cup Qual. UEFA E,Georgia,4763,Spain,4698,0,4,W,Georgia,away,False,España,,,,,,,,,,,,,,,,,"0,0",,,,,,,,,,,,,,,,,,,,,,,,"0,0","16,5","0,0"
13233663,home,4-1-4-1,43136,Guram Kashia,G. Kashia,D,"4,0",False,Georgia,"6,5","45,0",0,0,0,0,0,"30,0","35,0","85,7",,,"2,0",0,0,,,2025-11-15 17:00:00,World Cup Qual. UEFA E,Georgia,4763,Spain,4698,0,4,W,Georgia,away,False,España,,,,,,,,,,,,,,,,,"0,0",,,,,,,,,,,,,,,,,,,,,,,,"0,0","60,0","0,0"
13233663,home,4-1-4-1,1140001,Giorgi Kvernadze,G. Kvernadze,F,"17,0",False,Georgia,"6,5","33,0",0,0,0,0,0,"4,0","6,0","66,7","3,0",,,0,0,,,2025-11-15 17:00:00,World Cup Qual. UEFA E,Georgia,4763,Spain,4698,0,4,W,Georgia,away,False,España,,,,,,,,,,,,,,,,,"0,0",,,,,,,,,,,,,,,,,,,,,,,,"0,0","10,9","0,0"
13233663,home,4-1-4-1,875677,Giorgi Tsitaishvili,G. Tsitaishvili,M,"7,0",False,Georgia,"6,9","19,0",0,0,0,1,0,"13,0","13,0","100,0","1,0",,"1,0",0,0,,,2025-11-15 17:00:00,World Cup Qual. UEFA E,Georgia,4763,Spain,4698,0,4,W,Georgia,away,False,España,,,,,,,,,,,,,,,,,"1,0",,,,,,,,,,,,,,,,,,,,,,"19,0",,"0,0","61,6","0,0"
13233663,home,4-1-4-1,300412,Giorgi Kvilitaia,G. Kvilitaia,F,"11,0",False,Georgia,"6,5","19,0",0,0,0,0,0,"2,0","2,0","100,0",,,,0,0,,,2025-11-15 17:00:00,World Cup Qual. UEFA E,Georgia,4763,Spain,4698,0,4,W,Georgia,away,False,España,,,,,,,,,,,,,,,,,"0,0",,,,,,,,,,,,,,,,,,,,,,,,"0,0","9,5","0,0"
13233663,home,4-1-4-1,985199,Giorgi Abuashvili,G. Abuashvili,M,"9,0",False,Georgia,"6,4","9,0",0,0,0,0,1,"3,0","3,0","100,0",,,,0,0,,,2025-11-15 17:00:00,World Cup Qual. UEFA E,Georgia,4763,Spain,4698,0,4,W,Georgia,away,False,España,,,,,,,,,,,,,,,,,"0,0",,,,,,,,,,,,,,,,,,,,,,,,"0,0","30,0","0,0"
13233663,home,4-1-4-1,902518,Davit Kereselidze,D. Kereselidze,G,"1,0",False,Georgia,,,0,0,0,0,0,,,,,,,0,0,,,2025-11-15 17:00:00,World Cup Qual. UEFA E,Georgia,4763,Spain,4698,0,4,W,Georgia,away,False,España,,,,,,,,,,,,,,,,,"0,0",,,,,,,,,,,,,,,,,,,,,,,,,,
13233663,home,4-1-4-1,827472,Luka Gugeshashvili,L. Gugeshashvili,G,"25,0",False,Georgia,,,0,0,0,0,0,,,,,,,0,0,,,2025-11-15 17:00:00,World Cup Qual. UEFA E,Georgia,4763,Spain,4698,0,4,W,Georgia,away,False,España,,,,,,,,,,,,,,,,,"0,0",,,,,,,,,,,,,,,,,,,,,,,,,,
13233663,home,4-1-4-1,1153182,Aleksandre Narimanidze,A. Narimanidze,D,"28,0",False,Georgia,,,0,0,0,0,0,,,,,,,0,0,,,2025-11-15 17:00:00,World Cup Qual. UEFA E,Georgia,4763,Spain,4698,0,4,W,Georgia,away,False,España,,,,,,,,,,,,,,,,,"0,0",,,,,,,,,,,,,,,,,,,,,,,,,,
13233663,home,4-1-4-1,1001313,Nodar Lominadze,N. Lominadze,M,"7,0",False,Georgia,,,0,0,0,0,0,,,,,,,0,0,,,2025-11-15 17:00:00,World Cup Qual. UEFA E,Georgia,4763,Spain,4698,0,4,W,Georgia,away,False,España,,,,,,,,,,,,,,,,,"0,0",,,,,,,,,,,,,,,,,,,,,,,,,,
13233663,home,4-1-4-1,1001314,Shota Nonikashvili,S. Nonikashvili,M,"5,0",False,Georgia,,,0,0,0,0,0,,,,,,,0,0,,,2025-11-15 17:00:00,World Cup Qual. UEFA E,Georgia,4763,Spain,4698,0,4,W,Georgia,away,False,España,,,,,,,,,,,,,,,,,"0,0",,,,,,,,,,,,,,,,,,,,,,,,,,
13233663,home,4-1-4-1,965257,Giorgi Guliashvili,G. Guliashvili,F,"7,0",False,Georgia,,,0,0,0,0,0,,,,,,,0,0,,,2025-11-15 17:00:00,World Cup Qual. UEFA E,Georgia,4763,Spain,4698,0,4,W,Georgia,away,False,España,,,,,,,,,,,,,,,,,"0,0",,,,,,,,,,,,,,,,,,,,,,,,,,
13233663,away,4-3-3,797291,Unai Simón,U. Simón,G,"1,0",True,Spain,"7,3","90,0",0,0,0,0,0,"14,0","17,0","82,4","1,0","1,0",,0,0,,,2025-11-15 17:00:00,World Cup Qual. UEFA E,Georgia,4763,Spain,4698,0,4,W,Georgia,away,True,España,,"100,0",,,,,,,"3,0","1,0",,"1,0",,"6,0",,"3,0","0,0",,,,"24,0",,,,,,"0,0",,,"1,0",,"2,0",,,,,,,,,"0,0","14,0","6,0"
13233663,away,4-3-3,913654,Pedro Porro,P. Porro,D,"23,0",True,Spain,"7,1","45,0",0,0,0,0,1,"26,0","30,0","86,7","4,0","5,0",,0,0,,,2025-11-15 17:00:00,World Cup Qual. UEFA E,Georgia,4763,Spain,4698,0,4,W,Georgia,away,True,España,"1,0","80,0","2,0",,"2,0","100,0","2,0","1,0",,,"3,0","19,0","13,0","2,0","2,0","7,0","0,0",,"1,0",,"42,0","1,0",,,,,"0,0",,,,,,,,,,,,,,"0,0","52,0","4,0"
13233663,away,4-3-3,1402913,Pau Cubarsí,P. Cubarsí,D,"5,0",True,Spain,"7,2","90,0",0,0,0,0,0,"94,0","96,0","97,9",,"1,0",,0,0,,,2025-11-15 17:00:00,World Cup Qual. UEFA E,Georgia,4763,Spain,4698,0,4,W,Georgia,away,True,España,"1,0","0,0",,"1,0","1,0","0,0",,,"3,0","2,0",,"54,0","54,0",,"4,0","2,0","0,0",,,,"103,0",,,,,,"0,0",,,,,,,,,,,,,,"0,0","94,0","0,0"
13233663,away,4-3-3,149734,Aymeric Laporte,A. Laporte,D,"14,0",True,Spain,"7,8","90,0",0,0,0,0,0,"101,0","103,0","98,1","2,0","2,0","2,0",0,0,,,2025-11-15 17:00:00,World Cup Qual. UEFA E,Georgia,4763,Spain,4698,0,4,W,Georgia,away,True,España,,"100,0","1,0",,"1,0","100,0","1,0","1,0","4,0","3,0",,"57,0","56,0","3,0","3,0","2,0","0,0",,,,"110,0",,,,,,"0,0",,,,,,,,,,,,,,"0,0","101,0","3,0"
13233663,away,4-3-3,794939,Marc Cucurella,M. Cucurella,D,"3,0",True,Spain,"6,9","90,0",0,0,0,0,0,"36,0","39,0","92,3","2,0","7,0","2,0",0,0,,,2025-11-15 17:00:00,World Cup Qual. UEFA E,Georgia,4763,Spain,4698,0,4,W,Georgia,away,True,España,"5,0","28,6","1,0","1,0","2,0","50,0",,,"2,0","1,0",,"22,0","19,0","4,0","4,0","5,0","0,0",,,,"57,0","2,0",,,,,"0,0",,"3,0","1,0",,,,,,,,,,,"0,0","36,0","4,0"
13233663,away,4-3-3,592010,Mikel Merino,M. Merino,M,"23,0",True,Spain,"7,0","62,0",0,0,0,0,1,"20,0","23,0","87,0","5,0","9,0",,0,0,,,2025-11-15 17:00:00,World Cup Qual. UEFA E,Georgia,4763,Spain,4698,0,4,W,Georgia,away,True,España,"4,0","55,6",,,,,"2,0","2,0","1,0","1,0",,"15,0","12,0",,,"6,0","2,0",,,,"33,0","2,0","1,0",,,,"0,0",,"3,0","3,0",,,,,,,,,"31,0",,"0,0","29,0","0,0"
13233663,away,4-3-3,966837,Martín Zubimendi,M. Zubimendi,M,"36,0",True,Spain,"7,6","90,0",1,0,1,0,0,"83,0","89,0","93,3","2,0","6,0","1,0",0,0,,,2025-11-15 17:00:00,World Cup Qual. UEFA E,Georgia,4763,Spain,4698,0,4,W,Georgia,away,True,España,"4,0","33,3","2,0",,"2,0","100,0",,,"6,0","5,0","1,0","50,0","45,0","4,0","1,0","9,0","1,0",,,,"97,0",,"2,0",,,,"0,0",,"1,0",,,,,,,,,,"90,0","90,0","1,0","83,0","4,0"
13233663,away,4-3-3,784655,Fabián Ruiz,F. Ruiz,M,"8,0",True,Spain,"7,6","62,0",0,1,0,0,3,"47,0","50,0","94,0","1,0","2,0",,0,0,,,2025-11-15 17:00:00,World Cup Qual. UEFA E,Georgia,4763,Spain,4698,0,4,W,Georgia,away,True,España,"1,0","50,0","1,0",,"1,0","100,0",,,"1,0",,"3,0","29,0","25,0","5,0",,"6,0","0,0",,"1,0",,"55,0","1,0",,,,,"0,0",,,,,,,,,,,,,,"1,45","68,2","7,3"
13233663,away,4-3-3,855833,Ferran Torres,F. Torres,F,"7,0",True,Spain,"8,0","80,0",1,1,1,0,1,"24,0","33,0","72,7","1,0","5,0",,0,0,,,2025-11-15 17:00:00,World Cup Qual. UEFA E,Georgia,4763,Spain,4698,0,4,W,Georgia,away,True,España,"4,0","20,0",,,,,,,,,"3,0","30,0","19,0","4,0","1,0","18,0","3,0",,,,"51,0","3,0","1,0","3,0",,,"0,0",,,"1,0",,,,,,,,,"26,7","80,0","2,25","27,0","4,5"
13233663,away,4-3-3,823622,Mikel Oyarzabal,M. Oyarzabal,F,"10,0",True,Spain,"8,6","71,0",2,1,3,0,1,"7,0","10,0","70,0","1,0","2,0",,0,0,,,2025-11-15 17:00:00,World Cup Qual. UEFA E,Georgia,4763,Spain,4698,0,4,W,Georgia,away,True,España,"1,0","50,0","1,0",,"1,0","100,0",,,"1,0","1,0",,"7,0","4,0",,,"5,0","3,0","1,0","1,0",,"17,0","2,0",,,,,"0,0",,"1,0",,,,,,,,,,"23,7","23,7","3,8","8,9","0,0"
13233663,away,4-3-3,910031,Alex Baena,A. Baena,M,"10,0",True,Spain,"7,7","90,0",0,0,1,1,3,"53,0","60,0","88,3","3,0","6,0",,0,0,,,2025-11-15 17:00:00,World Cup Qual. UEFA E,Georgia,4763,Spain,4698,0,4,W,Georgia,away,True,España,"3,0","50,0",,,,,"1,0","1,0","6,0","4,0","8,0","48,0","35,0","5,0","1,0","18,0","2,0",,,"1,0","81,0","1,0","2,0","2,0","1,0",,"0,0",,,"1,0",,,,,,,,,"45,0","90,0","0,0","53,0","5,0"
13233663,away,4-3-3,353138,Marcos Llorente,M. Llorente,D,"14,0",False,Spain,"7,0","45,0",0,0,0,0,2,"22,0","26,0","84,6","2,0","3,0",,0,0,,,2025-11-15 17:00:00,World Cup Qual. UEFA E,Georgia,4763,Spain,4698,0,4,W,Georgia,away,True,España,"1,0","66,7",,,,,"1,0","1,0","2,0","1,0","1,0","12,0","10,0","4,0","2,0","5,0","0,0",,,,"38,0",,,"1,0","1,0",,"0,0",,,,,,,,,,,,,,"0,0","44,0","8,0"
13233663,away,4-3-3,1142588,Pablo Barrios,P. Barrios,M,"8,0",False,Spain,"7,0","28,0",0,0,0,0,1,"23,0","25,0","92,0","2,0","4,0",,0,0,,,2025-11-15 17:00:00,World Cup Qual. UEFA E,Georgia,4763,Spain,4698,0,4,W,Georgia,away,True,España,"2,0","50,0",,,,,"1,0",,"1,0","1,0",,"17,0","15,0","2,0",,"2,0","0,0",,"1,0",,"28,0",,,"1,0","1,0",,"0,0",,,,,,,,,,,,,,"0,0","73,9","6,4"
13233663,away,4-3-3,1153270,Fermín López,F. López,M,"16,0",False,Spain,"6,9","28,0",0,0,0,0,0,"22,0","23,0","95,7","3,0","3,0",,0,0,,,2025-11-15 17:00:00,World Cup Qual. UEFA E,Georgia,4763,Spain,4698,0,4,W,Georgia,away,True,España,,"100,0",,,,,"1,0",,"1,0","1,0","1,0","18,0","16,0","1,0","1,0","4,0","0,0",,,,"32,0","1,0",,"2,0","2,0",,"0,0",,,,,,,,,,,,,,"0,0","70,7","3,2"
13233663,away,4-3-3,785989,Borja Iglesias,B. Iglesias,F,"7,0",False,Spain,"5,8","19,0",0,0,1,1,0,"2,0","3,0","66,7",,,,0,0,,,2025-11-15 17:00:00,World Cup Qual. UEFA E,Georgia,4763,Spain,4698,0,4,W,Georgia,away,True,España,,,,,,,,,,,,"3,0","2,0",,"1,0","2,0","2,0","2,0",,,"7,0","1,0",,,,,"0,0",,,,,,,,,,,,"9,5","19,0","0,0","9,5","0,0"
13233663,away,4-3-3,984624,Yéremy Pino,Y. Pino,F,"10,0",False,Spain,"6,7","10,0",0,0,0,1,0,"6,0","7,0","85,7","1,0","4,0",,0,0,,,2025-11-15 17:00:00,World Cup Qual. UEFA E,Georgia,4763,Spain,4698,0,4,W,Georgia,away,True,España,"3,0","25,0",,,,,"1,0","1,0",,,"1,0","5,0","3,0",,,"3,0","1,0",,,,"13,0",,"1,0",,,,"0,0",,"1,0",,,,,,,,,,"10,0",,"0,0","54,0","0,0"
13233663,away,4-3-3,581310,David Raya,D. Raya,G,"1,0",False,Spain,,,0,0,0,0,0,,,,,,,0,0,,,2025-11-15 17:00:00,World Cup Qual. UEFA E,Georgia,4763,Spain,4698,0,4,W,Georgia,away,True,España,,,,,,,,,,,,,,,,,"0,0",,,,,,,,,,,,,,,,,,,,,,,,,,
13233663,away,4-3-3,791773,Álex Remiro,Á. Remiro,G,"1,0",False,Spain,,,0,0,0,0,0,,,,,,,0,0,,,2025-11-15 17:00:00,World Cup Qual. UEFA E,Georgia,4763,Spain,4698,0,4,W,Georgia,away,True,España,,,,,,,,,,,,,,,,,"0,0",,,,,,,,,,,,,,,,,,,,,,,,,,
13233663,away,4-3-3,910978,Dani Vivian,D. Vivian,D,"3,0",False,Spain,,,0,0,0,0,0,,,,,,,0,0,,,2025-11-15 17:00:00,World Cup Qual. UEFA E,Georgia,4763,Spain,4698,0,4,W,Georgia,away,True,España,,,,,,,,,,,,,,,,,"0,0",,,,,,,,,,,,,,,,,,,,,,,,,,
13233663,away,4-3-3,177177,Alejandro Grimaldo,A. Grimaldo,M,"20,0",False,Spain,,,0,0,0,0,0,,,,,,,0,0,,,2025-11-15 17:00:00,World Cup Qual. UEFA E,Georgia,4763,Spain,4698,0,4,W,Georgia,away,True,España,,,,,,,,,,,,,,,,,"0,0",,,,,,,,,,,,,,,,,,,,,,,,,,
13233663,away,4-3-3,816763,Pablo Fornals,P. Fornals,M,"8,0",False,Spain,,,0,0,0,0,0,,,,,,,0,0,,,2025-11-15 17:00:00,World Cup Qual. UEFA E,Georgia,4763,Spain,4698,0,4,W,Georgia,away,True,España,,,,,,,,,,,,,,,,,"0,0",,,,,,,,,,,,,,,,,,,,,,,,,,
13233663,away,4-3-3,796047,Aleix García,A. García,M,"24,0",False,Spain,,,0,0,0,0,0,,,,,,,0,0,,,2025-11-15 17:00:00,World Cup Qual. UEFA E,Georgia,4763,Spain,4698,0,4,W,Georgia,away,True,España,,,,,,,,,,,,,,,,,"0,0",,,,,,,,,,,,,,,,,,,,,,,,,,
13233663,away,4-3-3,789071,Dani Olmo,D. Olmo,M,"20,0",False,Spain,,,0,0,0,0,0,,,,,,,0,0,,,2025-11-15 17:00:00,World Cup Qual. UEFA E,Georgia,4763,Spain,4698,0,4,W,Georgia,away,True,España,,,,,,,,,,,,,,,,,"0,0",,,,,,,,,,,,,,,,,,,,,,,,,,
13233640,home,4-2-3-1,797291,Unai Simón,U. Simón,G,"1,0",True,Spain,"6,8","90,0",0,0,0,0,0,"14,0","16,0","87,5",,,,0,0,,,2025-10-14 18:45:00,World Cup Qual. UEFA E,Spain,4698,Bulgaria,4716,4,0,W,Bulgaria,home,True,España,,,,,,,,,"2,0",,,"1,0","1,0","8,0",,"2,0","0,0",,,,"22,0",,,,,,"0,0",,,,,,,,,,,,,,"0,0","14,0","8,0"
13233640,home,4-2-3-1,913654,Pedro Porro,P. Porro,D,"23,0",True,Spain,"7,2","90,0",0,0,0,0,1,"65,0","72,0","90,3","1,0","5,0",,0,0,,,2025-10-14 18:45:00,World Cup Qual. UEFA E,Spain,4698,Bulgaria,4716,4,0,W,Bulgaria,home,True,España,"4,0","20,0","1,0",,"1,0","100,0",,,"5,0","4,0","8,0","59,0","49,0","2,0",,"13,0","0,0",,,,"88,0",,,,,,"0,0",,"2,0",,,,,,,,,,,,"0,0","65,0","2,0"
13233640,home,4-2-3-1,787751,Robin Le Normand,R. Le Normand,D,"24,0",True,Spain,"7,5","71,0",0,1,0,0,1,"77,0","78,0","98,7","2,0","3,0",,0,0,,,2025-10-14 18:45:00,World Cup Qual. UEFA E,Spain,4698,Bulgaria,4716,4,0,W,Bulgaria,home,True,España,"1,0","66,7","1,0","1,0","2,0","50,0","1,0",,"2,0","1,0",,"50,0","49,0","7,0","1,0","2,0","0,0",,"1,0",,"83,0","1,0",,,,,"0,0",,,,,,,,,,,,,,"1,27","97,6","8,9"
13233640,home,4-2-3-1,149734,Aymeric Laporte,A. Laporte,D,"14,0",True,Spain,"7,7","90,0",0,0,0,0,0,"127,0","128,0","99,2","3,0","6,0",,0,0,,,2025-10-14 18:45:00,World Cup Qual. UEFA E,Spain,4698,Bulgaria,4716,4,0,W,Bulgaria,home,True,España,"3,0","50,0","1,0","2,0","3,0","33,3","1,0","1,0","4,0","4,0",,"93,0","92,0","3,0","1,0","2,0","0,0",,,,"132,0","1,0",,,,,"0,0",,,"1,0",,,,,,,,,,,"0,0","127,0","3,0"
13233640,home,4-2-3-1,177177,Alejandro Grimaldo,A. Grimaldo,M,"20,0",True,Spain,"8,0","90,0",0,1,0,1,4,"74,0","78,0","94,9","2,0","8,0",,0,0,,,2025-10-14 18:45:00,World Cup Qual. UEFA E,Spain,4698,Bulgaria,4716,4,0,W,Bulgaria,home,True,España,"6,0","25,0",,"1,0","1,0","0,0","1,0","1,0","1,0","1,0","9,0","75,0","65,0","4,0",,"14,0","1,0",,,,"101,0",,"2,0","2,0",,,"0,0",,,"1,0","1,0",,,,,,,,"90,0",,"1,0","74,0","4,0"
13233640,home,4-2-3-1,966837,Martín Zubimendi,M. Zubimendi,M,"36,0",True,Spain,"7,6","63,0",0,0,0,2,1,"81,0","82,0","98,8","1,0","1,0",,0,0,,,2025-10-14 18:45:00,World Cup Qual. UEFA E,Spain,4698,Bulgaria,4716,4,0,W,Bulgaria,home,True,España,,"100,0","1,0",,"1,0","100,0",,,"3,0","3,0","1,0","71,0","69,0","6,0","1,0","4,0","3,0",,,,"90,0","1,0",,,,,"0,0",,,,,,,,,,,,"21,0",,"0,0","115,7","8,6"
13233640,home,4-2-3-1,992587,Pedri,Pedri,M,"8,0",True,Spain,"8,1","68,0",0,0,0,2,3,"101,0","109,0","92,7","1,0","1,0","1,0",0,0,,,2025-10-14 18:45:00,World Cup Qual. UEFA E,Spain,4698,Bulgaria,4716,4,0,W,Bulgaria,home,True,España,,"100,0",,,,,,,"2,0","2,0",,"104,0","96,0","4,0","1,0","11,0","2,0","1,0","1,0","1,0","123,0","1,0",,,,,"0,0",,,"1,0",,,,,,,,,"34,0",,"0,0","133,7","5,3"
13233640,home,4-2-3-1,823622,Mikel Oyarzabal,M. Oyarzabal,F,"10,0",True,Spain,"8,0","90,0",1,0,2,2,2,"41,0","48,0","85,4","3,0","5,0",,0,0,,,2025-10-14 18:45:00,World Cup Qual. UEFA E,Spain,4698,Bulgaria,4716,4,0,W,Bulgaria,home,True,España,"2,0","60,0",,,,,"2,0","1,0","1,0","1,0",,"45,0","38,0","2,0",,"8,0","5,0","1,0","1,0",,"61,0",,"1,0","1,0","1,0",,"0,0",,"1,0",,"1,0",,,,,,,,"18,0","45,0","1,0","41,0","2,0"
13233640,home,4-2-3-1,592010,Mikel Merino,M. Merino,M,"23,0",True,Spain,"10,0","90,0",2,0,2,1,5,"40,0","46,0","87,0","5,0","8,0","1,0",0,0,,,2025-10-14 18:45:00,World Cup Qual. UEFA E,Spain,4698,Bulgaria,4716,4,0,W,Bulgaria,home,True,España,"3,0","62,5",,"1,0","1,0","0,0","1,0",,,,"1,0","42,0","36,0","4,0",,"10,0","5,0",,"2,0",,"65,0","3,0",,"1,0","1,0",,"0,0",,"1,0","3,0",,,,,,,,,"18,0","45,0","2,0","40,0","4,0"
13233640,home,4-2-3-1,910031,Alex Baena,A. Baena,M,"10,0",True,Spain,"7,7","63,0",0,0,2,0,2,"45,0","55,0","81,8","2,0","7,0",,0,0,,,2025-10-14 18:45:00,World Cup Qual. UEFA E,Spain,4698,Bulgaria,4716,4,0,W,Bulgaria,home,True,España,"5,0","28,6",,"1,0","1,0","0,0",,,"3,0","2,0","11,0","64,0","44,0","1,0",,"23,0","5,0",,"1,0",,"79,0",,,"3,0","2,0",,"0,0",,"2,0",,"1,0",,,,,,,,"12,6","31,5","0,0","64,3","1,4"
13233640,home,4-2-3-1,1503836,Samu Aghehowa,S. Aghehowa,F,"9,0",True,Spain,"6,1","45,0",0,0,2,1,0,"5,0","7,0","71,4","1,0","6,0",,0,0,,,2025-10-14 18:45:00,World Cup Qual. UEFA E,Spain,4698,Bulgaria,4716,4,0,W,Bulgaria,home,True,España,"5,0","16,7","1,0","1,0","2,0","50,0",,,,,,"7,0","5,0",,,"6,0","5,0","2,0",,,"19,0",,"3,0","1,0",,,"0,0",,,,,,,,,,,,"9,0","22,5","0,0","10,0","0,0"
13233640,home,4-2-3-1,785989,Borja Iglesias,B. Iglesias,F,"7,0",False,Spain,"6,6","45,0",0,0,2,1,0,"7,0","10,0","70,0",,"1,0",,0,0,,,2025-10-14 18:45:00,World Cup Qual. UEFA E,Spain,4698,Bulgaria,4716,4,0,W,Bulgaria,home,True,España,"1,0","0,0",,"1,0","1,0","0,0",,,,,,"9,0","6,0",,,"3,0","3,0","1,0",,,"14,0",,,,,,"0,0",,,,,,,,,,,,"15,0","22,5","0,0","14,0","0,0"
13233640,home,4-2-3-1,796047,Aleix García,A. García,M,"24,0",False,Spain,"7,2","27,0",0,0,0,0,0,"28,0","31,0","90,3",,"1,0",,0,0,,,2025-10-14 18:45:00,World Cup Qual. UEFA E,Spain,4698,Bulgaria,4716,4,0,W,Bulgaria,home,True,España,"1,0","0,0",,,,,,,"3,0","3,0","2,0","25,0","20,0",,,"5,0","0,0",,,,"34,0",,,,,,"0,0",,"1,0",,,,,,,,,,,,"0,0","93,3","0,0"
13233640,home,4-2-3-1,984624,Yéremy Pino,Y. Pino,F,"10,0",False,Spain,"7,1","27,0",0,0,1,1,2,"12,0","15,0","80,0","2,0","3,0","1,0",0,0,,,2025-10-14 18:45:00,World Cup Qual. UEFA E,Spain,4698,Bulgaria,4716,4,0,W,Bulgaria,home,True,España,"1,0","66,7",,,,,"2,0","1,0",,,,"14,0","11,0","1,0",,"6,0","3,0","1,0","1,0",,"25,0","2,0",,"1,0",,,"0,0",,,,,,,,,,,,"9,0","27,0","0,0","40,0","3,3"
13233640,home,4-2-3-1,1142588,Pablo Barrios,P. Barrios,M,"8,0",False,Spain,"6,8","22,0",0,0,0,1,0,"23,0","24,0","95,8",,,,0,0,,,2025-10-14 18:45:00,World Cup Qual. UEFA E,Spain,4698,Bulgaria,4716,4,0,W,Bulgaria,home,True,España,,,,,,,,,"1,0","1,0",,"16,0","15,0","4,0",,"1,0","1,0",,,,"26,0",,,,,,"0,0",,,,,,,,,,,,"22,0",,"0,0","94,1","16,4"
13233640,home,4-2-3-1,910978,Dani Vivian,D. Vivian,D,"3,0",False,Spain,"6,6","19,0",0,0,0,0,0,"17,0","18,0","94,4",,,,0,0,,,2025-10-14 18:45:00,World Cup Qual. UEFA E,Spain,4698,Bulgaria,4716,4,0,W,Bulgaria,home,True,España,,,,,,,,,"2,0","1,0",,"10,0","10,0",,,"1,0","0,0",,,,"18,0",,,,,,"0,0",,,,,,,,,,,,,,"0,0","80,5","0,0"
13233640,home,4-2-3-1,791773,Álex Remiro,Á. Remiro,G,"1,0",False,Spain,,,0,0,0,0,0,,,,,,,0,0,,,2025-10-14 18:45:00,World Cup Qual. UEFA E,Spain,4698,Bulgaria,4716,4,0,W,Bulgaria,home,True,España,,,,,,,,,,,,,,,,,"0,0",,,,,,,,,,,,,,,,,,,,,,,,,,
13233640,home,4-2-3-1,581310,David Raya,D. Raya,G,"1,0",False,Spain,,,0,0,0,0,0,,,,,,,0,0,,,2025-10-14 18:45:00,World Cup Qual. UEFA E,Spain,4698,Bulgaria,4716,4,0,W,Bulgaria,home,True,España,,,,,,,,,,,,,,,,,"0,0",,,,,,,,,,,,,,,,,,,,,,,,,,
13233640,home,4-2-3-1,1402913,Pau Cubarsí,P. Cubarsí,D,"5,0",False,Spain,,,0,0,0,0,0,,,,,,,0,0,,,2025-10-14 18:45:00,World Cup Qual. UEFA E,Spain,4698,Bulgaria,4716,4,0,W,Bulgaria,home,True,España,,,,,,,,,,,,,,,,,"0,0",,,,,,,,,,,,,,,,,,,,,,,,,,
13233640,home,4-2-3-1,353138,Marcos Llorente,M. Llorente,D,"14,0",False,Spain,,,0,0,0,0,0,,,,,,,0,0,,,2025-10-14 18:45:00,World Cup Qual. UEFA E,Spain,4698,Bulgaria,4716,4,0,W,Bulgaria,home,True,España,,,,,,,,,,,,,,,,,"0,0",,,,,,,,,,,,,,,,,,,,,,,,,,
13233640,home,4-2-3-1,794939,Marc Cucurella,M. Cucurella,D,"3,0",False,Spain,,,0,0,0,0,0,,,,,,,0,0,,,2025-10-14 18:45:00,World Cup Qual. UEFA E,Spain,4698,Bulgaria,4716,4,0,W,Bulgaria,home,True,España,,,,,,,,,,,,,,,,,"0,0",,,,,,,,,,,,,,,,,,,,,,,,,,
13233640,home,4-2-3-1,1800245,Jesús Rodriguez,J. Rodriguez,M,"17,0",False,Spain,,,0,0,0,0,0,,,,,,,0,0,,,2025-10-14 18:45:00,World Cup Qual. UEFA E,Spain,4698,Bulgaria,4716,4,0,W,Bulgaria,home,True,España,,,,,,,,,,,,,,,,,"0,0",,,,,,,,,,,,,,,,,,,,,,,,,,
13233640,home,4-2-3-1,900003,Jorge de Frutos,J. de Frutos,F,"19,0",False,Spain,,,0,0,0,0,0,,,,,,,0,0,,,2025-10-14 18:45:00,World Cup Qual. UEFA E,Spain,4698,Bulgaria,4716,4,0,W,Bulgaria,home,True,España,,,,,,,,,,,,,,,,,"0,0",,,,,,,,,,,,,,,,,,,,,,,,,,
13233640,away,4-5-1,936389,Svetoslav Vutsov,S. Vutsov,G,"92,0",True,Bulgaria,"7,9","90,0",0,0,0,0,0,"16,0","29,0","55,2",,,,0,0,,,2025-10-14 18:45:00,World Cup Qual. UEFA E,Spain,4698,Bulgaria,4716,4,0,W,Bulgaria,home,False,España,,,,,,,,,,,,,,,,,"0,0",,,,,,,,,,,,,,,,,,,,,,,,"0,0","16,0","0,0"
13233640,away,4-5-1,1141469,Martin Georgiev,M. Georgiev,D,"15,0",True,Bulgaria,"6,0","90,0",0,0,0,0,0,"13,0","24,0","54,2","3,0",,"1,0",0,0,,,2025-10-14 18:45:00,World Cup Qual. UEFA E,Spain,4698,Bulgaria,4716,4,0,W,Bulgaria,home,False,España,,,,,,,,,,,,,,,,,"0,0",,,,,,,,,,,,,,,,,,,,,,,,"0,0","13,0","0,0"
13233640,away,4-5-1,832076,Petko Hristov,P. Hristov,D,"55,0",True,Bulgaria,"7,0","90,0",0,0,0,0,0,"10,0","14,0","71,4","4,0",,"1,0",0,0,,,2025-10-14 18:45:00,World Cup Qual. UEFA E,Spain,4698,Bulgaria,4716,4,0,W,Bulgaria,home,False,España,,,,,,,,,,,,,,,,,"0,0",,,,,,,,,,,,,,,,,,,,,,,,"0,0","10,0","0,0"
13233640,away,4-5-1,1031642,Atanas Chernev,A. Chernev,D,"16,0",True,Bulgaria,"6,3","90,0",0,0,0,0,0,"19,0","22,0","86,4","2,0",,,0,0,,,2025-10-14 18:45:00,World Cup Qual. UEFA E,Spain,4698,Bulgaria,4716,4,0,W,Bulgaria,home,False,España,,,,,,,,,,,,,,,,,"0,0",,,,,,,,,,,,,,,,,,,,,,,,"0,0","19,0","0,0"
13233640,away,4-5-1,553494,Dimitar Velkovski,D. Velkovski,D,"35,0",True,Bulgaria,"6,3","90,0",0,0,0,0,0,"21,0","28,0","75,0","2,0",,"1,0",0,0,,,2025-10-14 18:45:00,World Cup Qual. UEFA E,Spain,4698,Bulgaria,4716,4,0,W,Bulgaria,home,False,España,,,,,,,,,,,,,,,,,"0,0",,,,,,,,,,,,,,,,,,,,,,,,"0,0","21,0","0,0"
13233640,away,4-5-1,878699,Martin Minchev,M. Minchev,F,"17,0",True,Bulgaria,"6,7","67,0",0,0,0,0,0,"6,0","12,0","50,0","7,0",,,0,0,,,2025-10-14 18:45:00,World Cup Qual. UEFA E,Spain,4698,Bulgaria,4716,4,0,W,Bulgaria,home,False,España,,,,,,,,,,,,,,,,,"0,0",,,,,,,,,,,,,,,,,,,,,,,,"0,0","8,1","0,0"
13233640,away,4-5-1,928337,Stanislav Shopov,S. Shopov,M,"10,0",True,Bulgaria,"6,3","84,0",0,0,0,0,1,"13,0","18,0","72,2","2,0",,,0,0,,,2025-10-14 18:45:00,World Cup Qual. UEFA E,Spain,4698,Bulgaria,4716,4,0,W,Bulgaria,home,False,España,,,,,,,,,,,,,,,,,"0,0",,,,,,,,,,,,,,,,,,,,,,,,"0,0","13,9","0,0"
13233640,away,4-5-1,911679,Ilia Gruev,I. Gruev,M,"44,0",True,Bulgaria,"6,3","89,0",0,0,0,0,0,"30,0","36,0","83,3",,,,0,0,,,2025-10-14 18:45:00,World Cup Qual. UEFA E,Spain,4698,Bulgaria,4716,4,0,W,Bulgaria,home,False,España,,,,,,,,,,,,,,,,,"0,0",,,,,,,,,,,,,,,,,,,,,,,,"0,0","30,3","0,0"
13233640,away,4-5-1,935556,Filip Krastev,F. Krastev,M,"10,0",True,Bulgaria,"7,3","90,0",0,0,0,0,2,"23,0","25,0","92,0","7,0",,"4,0",0,0,,,2025-10-14 18:45:00,World Cup Qual. UEFA E,Spain,4698,Bulgaria,4716,4,0,W,Bulgaria,home,False,España,,,,,,,,,,,,,,,,,"0,0",,,,,,,,,,,,,,,,,,,,,,,,"0,0","23,0","0,0"
13233640,away,4-5-1,94941,Radoslav Kirilov,R. Kirilov,M,"99,0",True,Bulgaria,"6,4","67,0",0,0,0,1,0,"3,0","5,0","60,0","1,0",,,0,0,,,2025-10-14 18:45:00,World Cup Qual. UEFA E,Spain,4698,Bulgaria,4716,4,0,W,Bulgaria,home,False,España,,,,,,,,,,,,,,,,,"1,0",,,,,,,,,,,,,,,,,,,,,,"67,0",,"0,0","4,0","0,0"
13233640,away,4-5-1,226972,Kiril Despodov,K. Despodov,M,"77,0",True,Bulgaria,"6,3","67,0",0,0,0,2,0,"8,0","10,0","80,0","1,0",,,0,0,,,2025-10-14 18:45:00,World Cup Qual. UEFA E,Spain,4698,Bulgaria,4716,4,0,W,Bulgaria,home,False,España,,,,,,,,,,,,,,,,,"2,0",,,,,,,,,,,,,,,,,,,,,,"33,5",,"0,0","10,7","0,0"
13233640,away,4-5-1,871342,Zdravko Dimitrov,Z. Dimitrov,M,"22,0",False,Bulgaria,"6,6","23,0",0,0,0,0,0,"5,0","5,0","100,0","1,0",,,0,0,,,2025-10-14 18:45:00,World Cup Qual. UEFA E,Spain,4698,Bulgaria,4716,4,0,W,Bulgaria,home,False,España,,,,,,,,,,,,,,,,,"0,0",,,,,,,,,,,,,,,,,,,,,,,,"0,0","19,6","0,0"
13233640,away,4-5-1,985186,Marin Petkov,M. Petkov,M,"88,0",False,Bulgaria,"6,4","23,0",0,0,0,0,0,"4,0","5,0","80,0","1,0",,,0,0,,,2025-10-14 18:45:00,World Cup Qual. UEFA E,Spain,4698,Bulgaria,4716,4,0,W,Bulgaria,home,False,España,,,,,,,,,,,,,,,,,"0,0",,,,,,,,,,,,,,,,,,,,,,,,"0,0","15,7","0,0"
13233640,away,4-5-1,932479,Vladimir Nikolov,V. Nikolov,F,"11,0",False,Bulgaria,"6,5","23,0",0,0,0,0,0,"2,0","4,0","50,0","1,0",,,0,0,,,2025-10-14 18:45:00,World Cup Qual. UEFA E,Spain,4698,Bulgaria,4716,4,0,W,Bulgaria,home,False,España,,,,,,,,,,,,,,,,,"0,0",,,,,,,,,,,,,,,,,,,,,,,,"0,0","7,8","0,0"
13233640,away,4-5-1,1215575,Kristiyan Stoyanov,K. Stoyanov,M,"71,0",False,Bulgaria,"6,1","10,0",0,0,0,0,0,,,,,,,0,0,,,2025-10-14 18:45:00,World Cup Qual. UEFA E,Spain,4698,Bulgaria,4716,4,0,W,Bulgaria,home,False,España,,,,,,,,,,,,,,,,,"0,0",,,,,,,,,,,,,,,,,,,,,,,,"0,0","0,0","0,0"
13233640,away,4-5-1,857374,Andrian Kraev,A. Kraev,M,"6,0",False,Bulgaria,,"1,0",0,0,0,0,0,"2,0","2,0","100,0",,,,0,0,,,2025-10-14 18:45:00,World Cup Qual. UEFA E,Spain,4698,Bulgaria,4716,4,0,W,Bulgaria,home,False,España,,,,,,,,,,,,,,,,,"0,0",,,,,,,,,,,,,,,,,,,,,,,,"0,0","180,0","0,0"
13233640,away,4-5-1,802859,Dimitar Mitov,D. Mitov,G,"1,0",False,Bulgaria,,,0,0,0,0,0,,,,,,,0,0,,,2025-10-14 18:45:00,World Cup Qual. UEFA E,Spain,4698,Bulgaria,4716,4,0,W,Bulgaria,home,False,España,,,,,,,,,,,,,,,,,"0,0",,,,,,,,,,,,,,,,,,,,,,,,,,
13233640,away,4-5-1,837440,Dimitar Sheytanov,D. Sheytanov,G,"13,0",False,Bulgaria,,,0,0,0,0,0,,,,,,,0,0,,,2025-10-14 18:45:00,World Cup Qual. UEFA E,Spain,4698,Bulgaria,4716,4,0,W,Bulgaria,home,False,España,,,,,,,,,,,,,,,,,"0,0",,,,,,,,,,,,,,,,,,,,,,,,,,
13233640,away,4-5-1,965935,Viktor Popov,V. Popov,D,"26,0",False,Bulgaria,,,0,0,0,0,0,,,,,,,0,0,,,2025-10-14 18:45:00,World Cup Qual. UEFA E,Spain,4698,Bulgaria,4716,4,0,W,Bulgaria,home,False,España,,,,,,,,,,,,,,,,,"0,0",,,,,,,,,,,,,,,,,,,,,,,,,,
13233640,away,4-5-1,826915,Kristian Dimitrov,K. Dimitrov,D,"50,0",False,Bulgaria,,,0,0,0,0,0,,,,,,,0,0,,,2025-10-14 18:45:00,World Cup Qual. UEFA E,Spain,4698,Bulgaria,4716,4,0,W,Bulgaria,home,False,España,,,,,,,,,,,,,,,,,"0,0",,,,,,,,,,,,,,,,,,,,,,,,,,
13233640,away,4-5-1,1152943,Rosen Bozhinov,R. Bozhinov,D,"2,0",False,Bulgaria,,,0,0,0,0,0,,,,,,,0,0,,,2025-10-14 18:45:00,World Cup Qual. UEFA E,Spain,4698,Bulgaria,4716,4,0,W,Bulgaria,home,False,España,,,,,,,,,,,,,,,,,"0,0",,,,,,,,,,,,,,,,,,,,,,,,,,
13233640,away,4-5-1,1129996,Hristiyan Petrov,H. Petrov,D,"28,0",False,Bulgaria,,,0,0,0,0,0,,,,,,,0,0,,,2025-10-14 18:45:00,World Cup Qual. UEFA E,Spain,4698,Bulgaria,4716,4,0,W,Bulgaria,home,False,España,,,,,,,,,,,,,,,,,"0,0",,,,,,,,,,,,,,,,,,,,,,,,,,
13233640,away,4-5-1,94681,Ivajlo Chochev,I. Chochev,M,"18,0",False,Bulgaria,,,0,0,0,0,0,,,,,,,0,0,,,2025-10-14 18:45:00,World Cup Qual. UEFA E,Spain,4698,Bulgaria,4716,4,0,W,Bulgaria,home,False,España,,,,,,,,,,,,,,,,,"0,0",,,,,,,,,,,,,,,,,,,,,,,,,,
13233608,home,4-3-3,797291,Unai Simón,U. Simón,G,"1,0",True,Spain,"6,9","90,0",0,0,0,0,0,"8,0","8,0","100,0",,,,0,0,,,2025-10-11 18:45:00,World Cup Qual. UEFA E,Spain,4698,Georgia,4763,2,0,W,Georgia,home,True,España,,,,,,,,,"1,0","1,0",,,,"6,0",,,"0,0",,,,"12,0",,,,,,"0,0",,,,,"1,0",,,,,,,,,"0,0","8,0","6,0"
13233608,home,4-3-3,913654,Pedro Porro,P. Porro,D,"23,0",True,Spain,"9,1","75,0",0,0,0,2,6,"71,0","80,0","88,8","5,0","9,0","3,0",0,0,,,2025-10-11 18:45:00,World Cup Qual. UEFA E,Spain,4698,Georgia,4763,2,0,W,Georgia,home,True,España,"4,0","55,6",,"2,0","2,0","0,0","2,0","2,0","8,0","6,0","15,0","71,0","54,0","1,0",,"19,0","4,0",,"4,0","1,0","112,0","1,0",,"2,0","2,0",,"0,0",,"2,0","1,0",,,,,,,,,"18,8",,"0,0","85,2","1,2"
13233608,home,4-3-3,787751,Robin Le Normand,R. Le Normand,D,"24,0",True,Spain,"8,2","90,0",0,1,0,1,2,"111,0","112,0","99,1","6,0","7,0",,0,0,,,2025-10-11 18:45:00,World Cup Qual. UEFA E,Spain,4698,Georgia,4763,2,0,W,Georgia,home,True,España,"1,0","85,7","3,0",,"3,0","100,0","1,0","1,0","3,0","3,0",,"66,0","66,0","4,0","2,0","2,0","1,0",,"1,0",,"120,0",,,"2,0","1,0",,"0,0",,,"1,0",,,,,,,,,"90,0",,"1,0","111,0","4,0"
13233608,home,4-3-3,1402913,Pau Cubarsí,P. Cubarsí,D,"5,0",True,Spain,"7,6","90,0",0,0,0,0,0,"123,0","125,0","98,4","2,0","4,0","1,0",0,0,,,2025-10-11 18:45:00,World Cup Qual. UEFA E,Spain,4698,Georgia,4763,2,0,W,Georgia,home,True,España,"2,0","50,0",,"1,0","1,0","0,0","2,0","2,0","9,0","7,0",,"67,0","66,0","5,0","1,0","2,0","0,0",,,,"129,0",,,,,,"0,0",,"1,0",,,,,,,,,,,,"0,0","123,0","5,0"
13233608,home,4-3-3,794939,Marc Cucurella,M. Cucurella,D,"3,0",True,Spain,"8,0","90,0",0,0,0,0,2,"68,0","75,0","90,7","5,0","7,0","3,0",0,0,,,2025-10-11 18:45:00,World Cup Qual. UEFA E,Spain,4698,Georgia,4763,2,0,W,Georgia,home,True,España,"2,0","71,4","3,0","1,0","4,0","75,0","1,0",,,,"1,0","51,0","46,0","6,0","1,0","10,0","0,0",,"1,0",,"94,0",,"1,0",,,,"0,0",,,"1,0","1,0",,,,,,,,,,"0,0","68,0","6,0"
13233608,home,4-3-3,592010,Mikel Merino,M. Merino,M,"23,0",True,Spain,"6,8","90,0",0,0,0,4,1,"39,0","44,0","88,6","4,0","11,0",,0,0,,,2025-10-11 18:45:00,World Cup Qual. UEFA E,Spain,4698,Georgia,4763,2,0,W,Georgia,home,True,España,"7,0","36,4","2,0",,"2,0","100,0","1,0","1,0",,,,"29,0","24,0","7,0","1,0","11,0","5,0","2,0","1,0",,"62,0","4,0","2,0",,,,"0,0",,"5,0","1,0",,,,,,,,,"18,0",,"0,0","39,0","7,0"
13233608,home,4-3-3,966837,Martín Zubimendi,M. Zubimendi,M,"36,0",True,Spain,"7,8","81,0",0,0,0,2,0,"90,0","95,0","94,7","7,0","7,0","3,0",0,0,,,2025-10-11 18:45:00,World Cup Qual. UEFA E,Spain,4698,Georgia,4763,2,0,W,Georgia,home,True,España,,"100,0","2,0",,"2,0","100,0","4,0","2,0","7,0","7,0",,"66,0","62,0","2,0",,"6,0","2,0","1,0",,,"109,0",,,"1,0","1,0",,"0,0",,,,,,,,,,,,"40,5",,"0,0","100,0","2,2"
13233608,home,4-3-3,992587,Pedri,Pedri,M,"8,0",True,Spain,"8,2","75,0",0,0,0,0,5,"77,0","87,0","88,5","4,0","6,0","1,0",0,0,,,2025-10-11 18:45:00,World Cup Qual. UEFA E,Spain,4698,Georgia,4763,2,0,W,Georgia,home,True,España,"2,0","66,7",,,,,"3,0","3,0","4,0","3,0",,"72,0","63,0","5,0","1,0","11,0","0,0",,,,"97,0",,"1,0",,,,"0,0",,"1,0","1,0",,,,,,,,,,,"0,0","92,4","6,0"
13233608,home,4-3-3,855833,Ferran Torres,F. Torres,F,"7,0",True,Spain,"5,9","90,0",0,0,2,2,0,"14,0","16,0","87,5","2,0","6,0",,0,0,,,2025-10-11 18:45:00,World Cup Qual. UEFA E,Spain,4698,Georgia,4763,2,0,W,Georgia,home,True,España,"4,0","33,3","1,0","1,0","2,0","50,0",,,,,"6,0","21,0","14,0",,,"10,0","5,0","3,0",,,"31,0","1,0","1,0","1,0",,,"0,0",,"1,0","1,0",,,,,,,,,"18,0","45,0","0,0","14,0","0,0"
13233608,home,4-3-3,823622,Mikel Oyarzabal,M. Oyarzabal,F,"10,0",True,Spain,"6,6","65,0",1,0,4,1,1,"9,0","11,0","81,8","2,0","4,0",,0,0,,,2025-10-11 18:45:00,World Cup Qual. UEFA E,Spain,4698,Georgia,4763,2,0,W,Georgia,home,True,España,"2,0","50,0",,,,,,,,,,"8,0","7,0",,,"4,0","5,0","3,0",,"1,0","22,0","1,0","1,0","2,0","2,0",,"0,0",,"1,0",,,,,,,,,,"13,0","16,2","1,38","12,5","0,0"
13233608,home,4-3-3,984624,Yéremy Pino,Y. Pino,F,"10,0",True,Spain,"7,7","64,0",1,0,1,0,1,"31,0","36,0","86,1","3,0","7,0",,0,0,,,2025-10-11 18:45:00,World Cup Qual. UEFA E,Spain,4698,Georgia,4763,2,0,W,Georgia,home,True,España,"4,0","42,9",,"2,0","2,0","0,0","3,0","2,0","1,0",,"1,0","31,0","26,0","3,0",,"11,0","1,0",,"1,0",,"47,0","2,0","1,0","1,0",,,"0,0",,,,,,,,,,,,"64,0","64,0","1,41","43,6","4,2"
13233608,home,4-3-3,910031,Alex Baena,A. Baena,M,"10,0",False,Spain,"6,8","26,0",0,0,0,0,0,"25,0","31,0","80,6",,,,0,0,,,2025-10-11 18:45:00,World Cup Qual. UEFA E,Spain,4698,Georgia,4763,2,0,W,Georgia,home,True,España,,,,,,,,,"1,0","1,0","3,0","29,0","20,0","1,0",,"9,0","0,0",,,,"36,0",,,,,,"0,0",,,,"1,0",,,,,,,,,,"0,0","86,5","3,5"
13233608,home,4-3-3,785989,Borja Iglesias,B. Iglesias,F,"7,0",False,Spain,"6,5","25,0",0,0,0,0,0,"4,0","6,0","66,7",,"1,0",,0,0,,,2025-10-11 18:45:00,World Cup Qual. UEFA E,Spain,4698,Georgia,4763,2,0,W,Georgia,home,True,España,"1,0","0,0",,,,,,,,,,"5,0","4,0",,,"3,0","0,0",,,,"8,0",,"1,0",,,,"0,0",,,,,,,,,,,,,,"0,0","14,4","0,0"
13233608,home,4-3-3,353138,Marcos Llorente,M. Llorente,D,"14,0",False,Spain,"6,8","15,0",0,0,0,0,0,"21,0","23,0","91,3","3,0","3,0",,0,0,,,2025-10-11 18:45:00,World Cup Qual. UEFA E,Spain,4698,Georgia,4763,2,0,W,Georgia,home,True,España,,"100,0",,,,,"2,0","1,0","1,0","1,0","1,0","14,0","11,0","1,0",,"3,0","0,0",,,,"30,0",,,"1,0","1,0",,"0,0",,,,,,,,,,,,,,"0,0","126,0","6,0"
13233608,home,4-3-3,1142588,Pablo Barrios,P. Barrios,M,"8,0",False,Spain,"6,9","15,0",0,0,0,0,0,"31,0","32,0","96,9","2,0","5,0",,0,0,,,2025-10-11 18:45:00,World Cup Qual. UEFA E,Spain,4698,Georgia,4763,2,0,W,Georgia,home,True,España,"3,0","40,0",,"1,0","1,0","0,0","2,0","2,0","3,0","2,0",,"21,0","20,0","1,0",,"3,0","1,0",,,,"38,0",,"1,0",,,,"0,0",,"1,0",,,,,,,,,,"15,0",,"0,0","186,0","6,0"
13233608,home,4-3-3,796047,Aleix García,A. García,M,"24,0",False,Spain,"6,8","9,0",0,0,0,0,0,"33,0","33,0","100,0",,"1,0",,0,0,,,2025-10-11 18:45:00,World Cup Qual. UEFA E,Spain,4698,Georgia,4763,2,0,W,Georgia,home,True,España,"1,0","0,0",,,,,,,"4,0","4,0",,"20,0","20,0","1,0",,"1,0","0,0",,,,"35,0",,"1,0",,,,"0,0",,,,,,,,,,,,,,"0,0","330,0","10,0"
13233608,home,4-3-3,581310,David Raya,D. Raya,G,"1,0",False,Spain,,,0,0,0,0,0,,,,,,,0,0,,,2025-10-11 18:45:00,World Cup Qual. UEFA E,Spain,4698,Georgia,4763,2,0,W,Georgia,home,True,España,,,,,,,,,,,,,,,,,"0,0",,,,,,,,,,,,,,,,,,,,,,,,,,
13233608,home,4-3-3,791773,Álex Remiro,Á. Remiro,G,"1,0",False,Spain,,,0,0,0,0,0,,,,,,,0,0,,,2025-10-11 18:45:00,World Cup Qual. UEFA E,Spain,4698,Georgia,4763,2,0,W,Georgia,home,True,España,,,,,,,,,,,,,,,,,"0,0",,,,,,,,,,,,,,,,,,,,,,,,,,
13233608,home,4-3-3,910978,Dani Vivian,D. Vivian,D,"3,0",False,Spain,,,0,0,0,0,0,,,,,,,0,0,,,2025-10-11 18:45:00,World Cup Qual. UEFA E,Spain,4698,Georgia,4763,2,0,W,Georgia,home,True,España,,,,,,,,,,,,,,,,,"0,0",,,,,,,,,,,,,,,,,,,,,,,,,,
13233608,home,4-3-3,1800245,Jesús Rodriguez,J. Rodriguez,M,"17,0",False,Spain,,,0,0,0,0,0,,,,,,,0,0,,,2025-10-11 18:45:00,World Cup Qual. UEFA E,Spain,4698,Georgia,4763,2,0,W,Georgia,home,True,España,,,,,,,,,,,,,,,,,"0,0",,,,,,,,,,,,,,,,,,,,,,,,,,
13233608,home,4-3-3,177177,Alejandro Grimaldo,A. Grimaldo,M,"20,0",False,Spain,,,0,0,0,0,0,,,,,,,0,0,,,2025-10-11 18:45:00,World Cup Qual. UEFA E,Spain,4698,Georgia,4763,2,0,W,Georgia,home,True,España,,,,,,,,,,,,,,,,,"0,0",,,,,,,,,,,,,,,,,,,,,,,,,,
13233608,home,4-3-3,900003,Jorge de Frutos,J. de Frutos,F,"19,0",False,Spain,,,0,0,0,0,0,,,,,,,0,0,,,2025-10-11 18:45:00,World Cup Qual. UEFA E,Spain,4698,Georgia,4763,2,0,W,Georgia,home,True,España,,,,,,,,,,,,,,,,,"0,0",,,,,,,,,,,,,,,,,,,,,,,,,,
13233608,home,4-3-3,1503836,Samu Aghehowa,S. Aghehowa,F,"9,0",False,Spain,,,0,0,0,0,0,,,,,,,0,0,,,2025-10-11 18:45:00,World Cup Qual. UEFA E,Spain,4698,Georgia,4763,2,0,W,Georgia,home,True,España,,,,,,,,,,,,,,,,,"0,0",,,,,,,,,,,,,,,,,,,,,,,,,,
13233608,away,5-3-2,930997,Giorgi Mamardashvili,G. Mamardashvili,G,"25,0",True,Georgia,"7,1","90,0",0,0,0,0,0,"10,0","25,0","40,0",,,,0,0,,,2025-10-11 18:45:00,World Cup Qual. UEFA E,Spain,4698,Georgia,4763,2,0,W,Georgia,home,False,España,,,,,,,,,,,,,,,,,"0,0",,,,,,,,,,,,,,,,,,,,,,,,"0,0","10,0","0,0"
13233608,away,5-3-2,182023,Otar Kakabadze,Kakabadze,M,"25,0",True,Georgia,"6,4","80,0",0,0,0,0,0,"10,0","18,0","55,6","2,0",,"3,0",0,0,,,2025-10-11 18:45:00,World Cup Qual. UEFA E,Spain,4698,Georgia,4763,2,0,W,Georgia,home,False,España,,,,,,,,,,,,,,,,,"0,0",,,,,,,,,,,,,,,,,,,,,,,,"0,0","11,2","0,0"
13233608,away,5-3-2,1126175,Saba Goglichidze,S. Goglichidze,D,"3,0",True,Georgia,"6,4","90,0",0,0,0,0,0,"14,0","18,0","77,8","1,0",,"1,0",0,0,,,2025-10-11 18:45:00,World Cup Qual. UEFA E,Spain,4698,Georgia,4763,2,0,W,Georgia,home,False,España,,,,,,,,,,,,,,,,,"0,0",,,,,,,,,,,,,,,,,,,,,,,,"0,0","14,0","0,0"
13233608,away,5-3-2,43136,Guram Kashia,G. Kashia,D,"4,0",True,Georgia,"6,5","90,0",0,0,0,0,0,"9,0","14,0","64,3","1,0",,"1,0",0,0,,,2025-10-11 18:45:00,World Cup Qual. UEFA E,Spain,4698,Georgia,4763,2,0,W,Georgia,home,False,España,,,,,,,,,,,,,,,,,"0,0",,,,,,,,,,,,,,,,,,,,,,,,"0,0","9,0","0,0"
13233608,away,5-3-2,182025,Lasha Dvali,L. Dvali,D,"21,0",True,Georgia,"7,0","90,0",0,0,0,0,0,"5,0","8,0","62,5","1,0",,"1,0",0,0,,,2025-10-11 18:45:00,World Cup Qual. UEFA E,Spain,4698,Georgia,4763,2,0,W,Georgia,home,False,España,,,,,,,,,,,,,,,,,"0,0",,,,,,,,,,,,,,,,,,,,,,,,"0,0","5,0","0,0"
13233608,away,5-3-2,1035752,Giorgi Gocholeishvili,G. Gocholeishvili,D,"16,0",True,Georgia,"6,3","90,0",0,0,1,0,0,"10,0","16,0","62,5","3,0",,,0,0,,,2025-10-11 18:45:00,World Cup Qual. UEFA E,Spain,4698,Georgia,4763,2,0,W,Georgia,home,False,España,,,,,,,,,,,,,,,,,"1,0",,,,,,,,,,,,,,,,,,,,,,"90,0","90,0","0,0","10,0","0,0"
13233608,away,5-3-2,797994,Otar Kiteishvili,O. Kiteishvili,M,"10,0",True,Georgia,"6,5","69,0",0,0,0,0,0,"9,0","13,0","69,2","1,0",,,0,0,,,2025-10-11 18:45:00,World Cup Qual. UEFA E,Spain,4698,Georgia,4763,2,0,W,Georgia,home,False,España,,,,,,,,,,,,,,,,,"0,0",,,,,,,,,,,,,,,,,,,,,,,,"0,0","11,7","0,0"
13233608,away,5-3-2,886402,Giorgi Kochorashvili,G. Kochorashvili,M,"14,0",True,Georgia,"6,8","90,0",0,0,0,0,0,"18,0","25,0","72,0","10,0",,"1,0",0,0,,,2025-10-11 18:45:00,World Cup Qual. UEFA E,Spain,4698,Georgia,4763,2,0,W,Georgia,home,False,España,,,,,,,,,,,,,,,,,"0,0",,,,,,,,,,,,,,,,,,,,,,,,"0,0","18,0","0,0"
13233608,away,5-3-2,965260,Anzor Mekvabishvili,A. Mekvabishvili,M,"5,0",True,Georgia,"6,5","86,0",0,0,0,0,0,"9,0","13,0","69,2","5,0",,"1,0",0,0,,,2025-10-11 18:45:00,World Cup Qual. UEFA E,Spain,4698,Georgia,4763,2,0,W,Georgia,home,False,España,,,,,,,,,,,,,,,,,"0,0",,,,,,,,,,,,,,,,,,,,,,,,"0,0","9,4","0,0"
13233608,away,5-3-2,1009372,Georges Mikautadze,G. Mikautadze,F,"9,0",True,Georgia,"6,5","69,0",0,0,0,0,0,"7,0","9,0","77,8","4,0",,,0,0,,,2025-10-11 18:45:00,World Cup Qual. UEFA E,Spain,4698,Georgia,4763,2,0,W,Georgia,home,False,España,,,,,,,,,,,,,,,,,"0,0",,,,,,,,,,,,,,,,,,,,,,,,"0,0","9,1","0,0"
13233608,away,5-3-2,889259,Khvicha Kvaratskhelia,K. Kvaratskhelia,F,"7,0",True,Georgia,"5,9","69,0",0,0,0,0,0,"6,0","8,0","75,0","1,0",,,0,0,,,2025-10-11 18:45:00,World Cup Qual. UEFA E,Spain,4698,Georgia,4763,2,0,W,Georgia,home,False,España,,,,,,,,,,,,,,,,,"0,0",,,,,,,,,,,,,,,,,,,,,,,,"0,0","7,8","0,0"
13233608,away,5-3-2,979074,Nika Gagnidze,N. Gagnidze,M,"20,0",False,Georgia,"6,7","21,0",0,0,0,0,0,"1,0","1,0","100,0","2,0",,"2,0",0,0,,,2025-10-11 18:45:00,World Cup Qual. UEFA E,Spain,4698,Georgia,4763,2,0,W,Georgia,home,False,España,,,,,,,,,,,,,,,,,"0,0",,,,,,,,,,,,,,,,,,,,,,,,"0,0","4,3","0,0"
13233608,away,5-3-2,921369,Zuriko Davitashvili,Z. Davitashvili,F,"22,0",False,Georgia,"6,3","21,0",0,0,0,0,0,,,,"1,0",,,0,0,,,2025-10-11 18:45:00,World Cup Qual. UEFA E,Spain,4698,Georgia,4763,2,0,W,Georgia,home,False,España,,,,,,,,,,,,,,,,,"0,0",,,,,,,,,,,,,,,,,,,,,,,,"0,0","0,0","0,0"
13233608,away,5-3-2,1140001,Giorgi Kvernadze,G. Kvernadze,F,"17,0",False,Georgia,"6,5","21,0",0,0,0,0,0,"2,0","3,0","66,7","1,0",,,0,0,,,2025-10-11 18:45:00,World Cup Qual. UEFA E,Spain,4698,Georgia,4763,2,0,W,Georgia,home,False,España,,,,,,,,,,,,,,,,,"0,0",,,,,,,,,,,,,,,,,,,,,,,,"0,0","8,6","0,0"
13233608,away,5-3-2,979665,Irakli Azarovi,I. Azarovi,D,"16,0",False,Georgia,"6,5","10,0",0,0,0,0,0,,,,,,,0,0,,,2025-10-11 18:45:00,World Cup Qual. UEFA E,Spain,4698,Georgia,4763,2,0,W,Georgia,home,False,España,,,,,,,,,,,,,,,,,"0,0",,,,,,,,,,,,,,,,,,,,,,,,"0,0","0,0","0,0"
13233608,away,5-3-2,827469,Vladimer Mamuchashvili,V. Mamuchashvili,M,"7,0",False,Georgia,,"4,0",0,0,0,0,0,,,,,,,0,0,,,2025-10-11 18:45:00,World Cup Qual. UEFA E,Spain,4698,Georgia,4763,2,0,W,Georgia,home,False,España,,,,,,,,,,,,,,,,,"0,0",,,,,,,,,,,,,,,,,,,,,,,,"0,0","0,0","0,0"
13233608,away,5-3-2,902518,Davit Kereselidze,D. Kereselidze,G,"1,0",False,Georgia,,,0,0,0,0,0,,,,,,,0,0,,,2025-10-11 18:45:00,World Cup Qual. UEFA E,Spain,4698,Georgia,4763,2,0,W,Georgia,home,False,España,,,,,,,,,,,,,,,,,"0,0",,,,,,,,,,,,,,,,,,,,,,,,,,
13233608,away,5-3-2,827472,Luka Gugeshashvili,L. Gugeshashvili,G,"25,0",False,Georgia,,,0,0,0,0,0,,,,,,,0,0,,,2025-10-11 18:45:00,World Cup Qual. UEFA E,Spain,4698,Georgia,4763,2,0,W,Georgia,home,False,España,,,,,,,,,,,,,,,,,"0,0",,,,,,,,,,,,,,,,,,,,,,,,,,
13233608,away,5-3-2,965244,Iva Gelashvili,I. Gelashvili,D,"5,0",False,Georgia,,,0,0,0,0,0,,,,,,,0,0,,,2025-10-11 18:45:00,World Cup Qual. UEFA E,Spain,4698,Georgia,4763,2,0,W,Georgia,home,False,España,,,,,,,,,,,,,,,,,"0,0",,,,,,,,,,,,,,,,,,,,,,,,,,
13233608,away,5-3-2,286923,Saba Lobzhanidze,S. Lobzhanidze,M,"11,0",False,Georgia,,,0,0,0,0,0,,,,,,,0,0,,,2025-10-11 18:45:00,World Cup Qual. UEFA E,Spain,4698,Georgia,4763,2,0,W,Georgia,home,False,España,,,,,,,,,,,,,,,,,"0,0",,,,,,,,,,,,,,,,,,,,,,,,,,
13233608,away,5-3-2,875677,Giorgi Tsitaishvili,G. Tsitaishvili,M,"7,0",False,Georgia,,,0,0,0,0,0,,,,,,,0,0,,,2025-10-11 18:45:00,World Cup Qual. UEFA E,Spain,4698,Georgia,4763,2,0,W,Georgia,home,False,España,,,,,,,,,,,,,,,,,"0,0",,,,,,,,,,,,,,,,,,,,,,,,,,
13233608,away,5-3-2,149728,Budu Zivzivadze,B. Zivzivadze,F,"11,0",False,Georgia,,,0,0,0,0,0,,,,,,,0,0,,,2025-10-11 18:45:00,World Cup Qual. UEFA E,Spain,4698,Georgia,4763,2,0,W,Georgia,home,False,España,,,,,,,,,,,,,,,,,"0,0",,,,,,,,,,,,,,,,,,,,,,,,,,
13233608,away,5-3-2,965257,Giorgi Guliashvili,G. Guliashvili,F,"7,0",False,Georgia,,,0,0,0,0,0,,,,,,,0,0,,,2025-10-11 18:45:00,World Cup Qual. UEFA E,Spain,4698,Georgia,4763,2,0,W,Georgia,home,False,España,,,,,,,,,,,,,,,,,"0,0",,,,,,,,,,,,,,,,,,,,,,,,,,
13233482,home,4-2-3-1,754330,Uğurcan Çakır,U. Çakır,G,"1,0",True,Türkiye,"7,0","90,0",0,0,0,0,0,"26,0","40,0","65,0",,,,0,0,,,2025-09-07 18:45:00,World Cup Qual. UEFA E,Türkiye,4700,Spain,4698,0,6,W,Türkiye,away,False,España,,,,,,,,,,,,,,,,,"0,0",,,,,,,,,,,,,,,,,,,,,,,,"0,0","26,0","0,0"
13233482,home,4-2-3-1,836683,Mert Müldür,M. Müldür,D,"18,0",True,Türkiye,"5,9","63,0",0,0,0,0,0,"30,0","32,0","93,8","1,0",,"3,0",0,0,,,2025-09-07 18:45:00,World Cup Qual. UEFA E,Türkiye,4700,Spain,4698,0,6,W,Türkiye,away,False,España,,,,,,,,,,,,,,,,,"0,0",,,,,,,,,,,,,,,,,,,,,,,,"0,0","42,9","0,0"
13233482,home,4-2-3-1,806968,Merih Demiral,M. Demiral,D,"28,0",True,Türkiye,"6,2","90,0",0,0,0,0,0,"52,0","60,0","86,7","4,0",,"2,0",0,0,,,2025-09-07 18:45:00,World Cup Qual. UEFA E,Türkiye,4700,Spain,4698,0,6,W,Türkiye,away,False,España,,,,,,,,,,,,,,,,,"0,0",,,,,,,,,,,,,,,,,,,,,,,,"0,0","52,0","0,0"
13233482,home,4-2-3-1,178963,Abdülkerim Bardakcı,A. Bardakcı,D,"42,0",True,Türkiye,"6,0","90,0",0,0,0,0,0,"63,0","68,0","92,6","3,0",,"1,0",0,0,,,2025-09-07 18:45:00,World Cup Qual. UEFA E,Türkiye,4700,Spain,4698,0,6,W,Türkiye,away,False,España,,,,,,,,,,,,,,,,,"0,0",,,,,,,,,,,,,,,,,,,,,,,,"0,0","63,0","0,0"
13233482,home,4-2-3-1,981483,Eren Elmalı,E. Elmalı,D,"17,0",True,Türkiye,"5,7","63,0",0,0,0,0,1,"17,0","22,0","77,3","2,0",,,0,0,,,2025-09-07 18:45:00,World Cup Qual. UEFA E,Türkiye,4700,Spain,4698,0,6,W,Türkiye,away,False,España,,,,,,,,,,,,,,,,,"0,0",,,,,,,,,,,,,,,,,,,,,,,,"0,0","24,3","0,0"
13233482,home,4-2-3-1,952600,İsmail Yüksek,İ. Yüksek,M,"5,0",True,Türkiye,"6,4","82,0",0,0,0,0,1,"37,0","40,0","92,5","6,0",,,0,0,,,2025-09-07 18:45:00,World Cup Qual. UEFA E,Türkiye,4700,Spain,4698,0,6,W,Türkiye,away,False,España,,,,,,,,,,,,,,,,,"0,0",,,,,,,,,,,,,,,,,,,,,,,,"0,0","40,6","0,0"
13233482,home,4-2-3-1,135700,Hakan Çalhanoğlu,H. Çalhanoğlu,M,"20,0",True,Türkiye,"6,5","68,0",0,0,1,0,0,"42,0","47,0","89,4","2,0",,"1,0",0,0,,,2025-09-07 18:45:00,World Cup Qual. UEFA E,Türkiye,4700,Spain,4698,0,6,W,Türkiye,away,False,España,,,,,,,,,,,,,,,,,"1,0",,,,,,,,,,,,,,,,,,,,,,"68,0","68,0","0,0","55,6","0,0"
13233482,home,4-2-3-1,857738,Yunus Akgün,Y. Akgün,M,"11,0",True,Türkiye,"6,2","45,0",0,0,0,0,0,"9,0","9,0","100,0","2,0",,,0,0,,,2025-09-07 18:45:00,World Cup Qual. UEFA E,Türkiye,4700,Spain,4698,0,6,W,Türkiye,away,False,España,,,,,,,,,,,,,,,,,"0,0",,,,,,,,,,,,,,,,,,,,,,,,"0,0","18,0","0,0"
13233482,home,4-2-3-1,1091116,Arda Güler,A. Güler,M,"15,0",True,Türkiye,"6,6","90,0",0,0,0,0,1,"49,0","56,0","87,5","3,0",,"2,0",0,0,,,2025-09-07 18:45:00,World Cup Qual. UEFA E,Türkiye,4700,Spain,4698,0,6,W,Türkiye,away,False,España,,,,,,,,,,,,,,,,,"0,0",,,,,,,,,,,,,,,,,,,,,,,,"0,0","49,0","0,0"
13233482,home,4-2-3-1,1149011,Kenan Yıldız,K. Yıldız,F,"10,0",True,Türkiye,"6,4","90,0",0,0,1,0,1,"36,0","37,0","97,3","7,0",,"1,0",0,0,,,2025-09-07 18:45:00,World Cup Qual. UEFA E,Türkiye,4700,Spain,4698,0,6,W,Türkiye,away,False,España,,,,,,,,,,,,,,,,,"1,0",,,,,,,,,,,,,,,,,,,,,,"90,0","90,0","0,0","36,0","0,0"
13233482,home,4-2-3-1,903324,Kerem Aktürkoğlu,K. Aktürkoğlu,F,"9,0",True,Türkiye,"6,3","90,0",0,0,0,0,2,"12,0","15,0","80,0","1,0",,"1,0",0,0,,,2025-09-07 18:45:00,World Cup Qual. UEFA E,Türkiye,4700,Spain,4698,0,6,W,Türkiye,away,False,España,,,,,,,,,,,,,,,,,"0,0",,,,,,,,,,,,,,,,,,,,,,,,"0,0","12,0","0,0"
13233482,home,4-2-3-1,999396,Oğuz Aydın,O. Aydın,M,"70,0",False,Türkiye,"6,7","45,0",0,0,0,0,0,"23,0","27,0","85,2","1,0",,,0,0,,,2025-09-07 18:45:00,World Cup Qual. UEFA E,Türkiye,4700,Spain,4698,0,6,W,Türkiye,away,False,España,,,,,,,,,,,,,,,,,"0,0",,,,,,,,,,,,,,,,,,,,,,,,"0,0","46,0","0,0"
13233482,home,4-2-3-1,893008,Zeki Çelik,Z. Çelik,D,"19,0",False,Türkiye,"6,7","27,0",0,0,0,0,0,"10,0","12,0","83,3","2,0",,"1,0",0,0,,,2025-09-07 18:45:00,World Cup Qual. UEFA E,Türkiye,4700,Spain,4698,0,6,W,Türkiye,away,False,España,,,,,,,,,,,,,,,,,"0,0",,,,,,,,,,,,,,,,,,,,,,,,"0,0","33,3","0,0"
13233482,home,4-2-3-1,825844,Ferdi Kadıoğlu,F. Kadıoğlu,D,"24,0",False,Türkiye,"6,7","27,0",0,0,0,0,0,"20,0","20,0","100,0",,,,0,0,,,2025-09-07 18:45:00,World Cup Qual. UEFA E,Türkiye,4700,Spain,4698,0,6,W,Türkiye,away,False,España,,,,,,,,,,,,,,,,,"0,0",,,,,,,,,,,,,,,,,,,,,,,,"0,0","66,7","0,0"
13233482,home,4-2-3-1,907461,Orkun Kökçü,O. Kökçü,M,"10,0",False,Türkiye,"6,7","22,0",0,0,0,1,0,"11,0","14,0","78,6","2,0",,,0,0,,,2025-09-07 18:45:00,World Cup Qual. UEFA E,Türkiye,4700,Spain,4698,0,6,W,Türkiye,away,False,España,,,,,,,,,,,,,,,,,"1,0",,,,,,,,,,,,,,,,,,,,,,"22,0",,"0,0","45,0","0,0"
13233482,home,4-2-3-1,795005,Salih Özcan,S. Özcan,M,"6,0",False,Türkiye,"6,5","8,0",0,0,0,0,1,"8,0","10,0","80,0",,,,0,0,,,2025-09-07 18:45:00,World Cup Qual. UEFA E,Türkiye,4700,Spain,4698,0,6,W,Türkiye,away,False,España,,,,,,,,,,,,,,,,,"0,0",,,,,,,,,,,,,,,,,,,,,,,,"0,0","90,0","0,0"
13233482,home,4-2-3-1,39573,Mert Günok,M. Günok,G,"34,0",False,Türkiye,,,0,0,0,0,0,,,,,,,0,0,,,2025-09-07 18:45:00,World Cup Qual. UEFA E,Türkiye,4700,Spain,4698,0,6,W,Türkiye,away,False,España,,,,,,,,,,,,,,,,,"0,0",,,,,,,,,,,,,,,,,,,,,,,,,,
13233482,home,4-2-3-1,815890,Altay Bayındır,A. Bayındır,G,"1,0",False,Türkiye,,,0,0,0,0,0,,,,,,,0,0,,,2025-09-07 18:45:00,World Cup Qual. UEFA E,Türkiye,4700,Spain,4698,0,6,W,Türkiye,away,False,España,,,,,,,,,,,,,,,,,"0,0",,,,,,,,,,,,,,,,,,,,,,,,,,
13233482,home,4-2-3-1,758608,Çağlar Söyüncü,Ç. Söyüncü,D,"4,0",False,Türkiye,,,0,0,0,0,0,,,,,,,0,0,,,2025-09-07 18:45:00,World Cup Qual. UEFA E,Türkiye,4700,Spain,4698,0,6,W,Türkiye,away,False,España,,,,,,,,,,,,,,,,,"0,0",,,,,,,,,,,,,,,,,,,,,,,,,,
13233482,home,4-2-3-1,863600,Samet Akaydın,S. Akaydın,D,"3,0",False,Türkiye,,,0,0,0,0,0,,,,,,,0,0,,,2025-09-07 18:45:00,World Cup Qual. UEFA E,Türkiye,4700,Spain,4698,0,6,W,Türkiye,away,False,España,,,,,,,,,,,,,,,,,"0,0",,,,,,,,,,,,,,,,,,,,,,,,,,
13233482,home,4-2-3-1,226986,İrfan Can Kahveci,İ. C. Kahveci,M,"71,0",False,Türkiye,,,0,0,0,0,0,,,,,,,0,0,,,2025-09-07 18:45:00,World Cup Qual. UEFA E,Türkiye,4700,Spain,4698,0,6,W,Türkiye,away,False,España,,,,,,,,,,,,,,,,,"0,0",,,,,,,,,,,,,,,,,,,,,,,,,,
13233482,home,4-2-3-1,1440948,Can Uzun,C. Uzun,M,"42,0",False,Türkiye,,,0,0,0,0,0,,,,,,,0,0,,,2025-09-07 18:45:00,World Cup Qual. UEFA E,Türkiye,4700,Spain,4698,0,6,W,Türkiye,away,False,España,,,,,,,,,,,,,,,,,"0,0",,,,,,,,,,,,,,,,,,,,,,,,,,
13233482,home,4-2-3-1,1407720,Deniz Gül,D. Gül,F,"27,0",False,Türkiye,,,0,0,0,0,0,,,,,,,0,0,,,2025-09-07 18:45:00,World Cup Qual. UEFA E,Türkiye,4700,Spain,4698,0,6,W,Türkiye,away,False,España,,,,,,,,,,,,,,,,,"0,0",,,,,,,,,,,,,,,,,,,,,,,,,,
13233482,away,4-3-3,797291,Unai Simón,U. Simón,G,"1,0",True,Spain,"7,4","90,0",0,0,0,0,0,"30,0","34,0","88,2",,,,0,0,,,2025-09-07 18:45:00,World Cup Qual. UEFA E,Türkiye,4700,Spain,4698,0,6,W,Türkiye,away,True,España,,,,,,,,,"8,0","5,0",,"2,0",,"5,0","1,0","4,0","0,0",,,,"40,0",,,,,,"0,0",,,,,"2,0",,,,,,,,,"0,0","30,0","5,0"
13233482,away,4-3-3,913654,Pedro Porro,P. Porro,D,"23,0",True,Spain,"7,1","90,0",0,0,0,0,3,"38,0","47,0","80,9","4,0","9,0",,0,0,,,2025-09-07 18:45:00,World Cup Qual. UEFA E,Türkiye,4700,Spain,4698,0,6,W,Türkiye,away,True,España,"5,0","44,4",,"1,0","1,0","0,0","4,0",,"6,0",,"3,0","29,0","19,0","7,0","4,0","12,0","0,0",,"1,0",,"67,0",,,,,,"0,0",,"1,0",,,,,,,,,,,,"0,0","38,0","7,0"
13233482,away,4-3-3,787751,Robin Le Normand,R. Le Normand,D,"24,0",True,Spain,"7,5","90,0",0,0,1,0,1,"53,0","54,0","98,1","3,0","6,0","1,0",0,0,,,2025-09-07 18:45:00,World Cup Qual. UEFA E,Türkiye,4700,Spain,4698,0,6,W,Türkiye,away,True,España,"3,0","50,0","3,0","2,0","5,0","60,0",,,"2,0","2,0",,"18,0","18,0","2,0","6,0","2,0","1,0",,,,"68,0",,,"1,0",,,"0,0",,"1,0",,,,,,,,,,"90,0","90,0","0,0","53,0","2,0"
13233482,away,4-3-3,1176744,Dean Huijsen,D. Huijsen,D,"24,0",True,Spain,"8,2","90,0",0,0,0,0,0,"65,0","74,0","87,8","3,0","3,0","1,0",0,0,,,2025-09-07 18:45:00,World Cup Qual. UEFA E,Türkiye,4700,Spain,4698,0,6,W,Türkiye,away,True,España,,"100,0","1,0",,"1,0","100,0","2,0","2,0","7,0","3,0",,"34,0","27,0","4,0","9,0","9,0","0,0",,,,"94,0",,,,,,"0,0",,,,,,,,,,,,,,"0,0","65,0","4,0"
13233482,away,4-3-3,794939,Marc Cucurella,M. Cucurella,D,"3,0",True,Spain,"7,6","90,0",0,0,0,0,0,"38,0","42,0","90,5","6,0","9,0","2,0",0,0,,,2025-09-07 18:45:00,World Cup Qual. UEFA E,Türkiye,4700,Spain,4698,0,6,W,Türkiye,away,True,España,"3,0","66,7","1,0",,"1,0","100,0","4,0",,"2,0","1,0","1,0","28,0","25,0","7,0","5,0","7,0","0,0",,,,"73,0","1,0","1,0",,,,"0,0",,"2,0","1,0",,,,,,,,,,,"0,0","38,0","7,0"
13233482,away,4-3-3,592010,Mikel Merino,M. Merino,M,"23,0",True,Spain,"9,7","90,0",3,0,3,1,2,"38,0","44,0","86,4","4,0","7,0","1,0",0,0,,,2025-09-07 18:45:00,World Cup Qual. UEFA E,Türkiye,4700,Spain,4698,0,6,W,Türkiye,away,True,España,"3,0","57,1","1,0",,"1,0","100,0","3,0","1,0","1,0",,,"22,0","19,0","4,0","1,0","7,0","4,0","1,0","1,0",,"58,0",,"1,0",,,,"0,0",,"1,0",,,,,,,,,,"22,5","30,0","3,0","38,0","4,0"
13233482,away,4-3-3,966837,Martín Zubimendi,M. Zubimendi,M,"36,0",True,Spain,"7,1","73,0",0,0,0,0,1,"48,0","51,0","94,1","3,0","4,0",,0,0,,,2025-09-07 18:45:00,World Cup Qual. UEFA E,Türkiye,4700,Spain,4698,0,6,W,Türkiye,away,True,España,"1,0","75,0",,,,,"2,0","2,0","1,0","1,0",,"24,0","22,0","2,0","3,0","3,0","1,0",,,,"59,0",,,,,,"0,0",,,"1,0",,,,,,,,,"73,0",,"0,0","59,2","2,5"
13233482,away,4-3-3,992587,Pedri,Pedri,M,"8,0",True,Spain,"9,4","68,0",2,0,3,0,3,"49,0","54,0","90,7","5,0","7,0",,0,0,,,2025-09-07 18:45:00,World Cup Qual. UEFA E,Türkiye,4700,Spain,4698,0,6,W,Türkiye,away,True,España,"2,0","71,4",,,,,"3,0","1,0","3,0","2,0","1,0","38,0","33,0","5,0",,"9,0","3,0",,"1,0",,"67,0","1,0","1,0","2,0","1,0",,"0,0",,,"1,0",,,,,,,,,"22,7","22,7","2,65","64,9","6,6"
13233482,away,4-3-3,1402912,Lamine Yamal,L. Yamal,M,"10,0",True,Spain,"9,4","73,0",0,2,1,2,4,"22,0","27,0","81,5","13,0","17,0","1,0",0,0,,,2025-09-07 18:45:00,World Cup Qual. UEFA E,Türkiye,4700,Spain,4698,0,6,W,Türkiye,away,True,España,"4,0","76,5",,,,,"4,0",,"1,0","1,0","2,0","22,0","16,0","6,0",,"10,0","6,0","1,0","3,0",,"54,0","1,0",,"10,0","8,0",,"0,0",,,"1,0",,,,,,,,,"12,2","73,0","2,47","27,1","7,4"
13233482,away,4-3-3,823622,Mikel Oyarzabal,M. Oyarzabal,F,"10,0",True,Spain,"8,9","68,0",0,3,0,0,3,"16,0","19,0","84,2","4,0","8,0",,0,0,,,2025-09-07 18:45:00,World Cup Qual. UEFA E,Türkiye,4700,Spain,4698,0,6,W,Türkiye,away,True,España,"4,0","50,0",,"2,0","2,0","0,0","2,0","2,0",,,,"16,0","13,0","3,0","1,0","6,0","0,0",,"3,0",,"31,0","2,0","1,0","2,0","2,0",,"0,0",,"1,0",,,,,,,,,,,,"3,97","21,2","4,0"
13233482,away,4-3-3,1085400,Nico Williams,N. Williams,M,"10,0",True,Spain,"6,1","44,0",0,1,2,1,3,"13,0","15,0","86,7",,"1,0",,0,0,,,2025-09-07 18:45:00,World Cup Qual. UEFA E,Türkiye,4700,Spain,4698,0,6,W,Türkiye,away,True,España,"1,0","0,0",,,,,,,,,,"14,0","12,0","2,0",,"5,0","3,0","3,0",,,"24,0","2,0",,,,,"0,0",,,,,,,,,,,,"14,7","22,0","2,05","26,6","4,1"
13233482,away,4-3-3,855833,Ferran Torres,F. Torres,F,"7,0",False,Spain,"6,9","46,0",1,0,2,0,0,"17,0","19,0","89,5","1,0","7,0",,0,0,,,2025-09-07 18:45:00,World Cup Qual. UEFA E,Türkiye,4700,Spain,4698,0,6,W,Türkiye,away,True,España,"6,0","14,3",,"2,0","2,0","0,0",,,,,,"13,0","11,0","2,0",,"8,0","2,0","1,0",,,"29,0","2,0","3,0",,,,"0,0",,"1,0","1,0","1,0",,,,,,,,"23,0","23,0","1,96","33,3","3,9"
13233482,away,4-3-3,1153270,Fermín López,F. López,M,"16,0",False,Spain,"6,6","22,0",0,0,0,0,0,"12,0","13,0","92,3","1,0","2,0",,0,0,,,2025-09-07 18:45:00,World Cup Qual. UEFA E,Türkiye,4700,Spain,4698,0,6,W,Türkiye,away,True,España,"1,0","50,0",,,,,,,,,,"11,0","10,0",,,"2,0","1,0",,,,"16,0",,,,,,"0,0",,"1,0","1,0",,,,,,,,,"22,0",,"0,0","49,1","0,0"
13233482,away,4-3-3,900003,Jorge de Frutos,J. de Frutos,F,"19,0",False,Spain,"6,7","22,0",0,0,0,0,1,"8,0","8,0","100,0",,,,0,0,,,2025-09-07 18:45:00,World Cup Qual. UEFA E,Türkiye,4700,Spain,4698,0,6,W,Türkiye,away,True,España,,,,,,,,,,,,"7,0","7,0","1,0",,"1,0","0,0",,,,"10,0","1,0",,,,,"0,0",,,,,,,,,,,,,,"0,0","32,7","4,1"
13233482,away,4-3-3,827606,Rodri,Rodri,M,"16,0",False,Spain,"6,8","17,0",0,0,0,0,0,"18,0","20,0","90,0","2,0","3,0","1,0",0,0,,,2025-09-07 18:45:00,World Cup Qual. UEFA E,Türkiye,4700,Spain,4698,0,6,W,Türkiye,away,True,España,"1,0","66,7",,,,,"2,0","1,0","2,0","2,0",,"11,0","9,0",,,"3,0","0,0",,,,"25,0",,"1,0",,,,"0,0",,,,,,,,,,,,,,"0,0","95,3","0,0"
13233482,away,4-3-3,125407,Álvaro Morata,Á. Morata,F,"7,0",False,Spain,"6,4","17,0",0,0,0,0,0,"3,0","4,0","75,0",,"2,0",,0,0,,,2025-09-07 18:45:00,World Cup Qual. UEFA E,Türkiye,4700,Spain,4698,0,6,W,Türkiye,away,True,España,"2,0","0,0",,,,,,,,,,"3,0","3,0","1,0","1,0","2,0","0,0",,,,"6,0",,,"1,0",,,"0,0",,"1,0",,"2,0",,,,,,,,,,"0,0","15,9","5,3"
13233482,away,4-3-3,581310,David Raya,D. Raya,G,"1,0",False,Spain,,,0,0,0,0,0,,,,,,,0,0,,,2025-09-07 18:45:00,World Cup Qual. UEFA E,Türkiye,4700,Spain,4698,0,6,W,Türkiye,away,True,España,,,,,,,,,,,,,,,,,"0,0",,,,,,,,,,,,,,,,,,,,,,,,,,
13233482,away,4-3-3,791773,Álex Remiro,Á. Remiro,G,"1,0",False,Spain,,,0,0,0,0,0,,,,,,,0,0,,,2025-09-07 18:45:00,World Cup Qual. UEFA E,Türkiye,4700,Spain,4698,0,6,W,Türkiye,away,True,España,,,,,,,,,,,,,,,,,"0,0",,,,,,,,,,,,,,,,,,,,,,,,,,
13233482,away,4-3-3,138572,Dani Carvajal,D. Carvajal,D,"2,0",False,Spain,,,0,0,0,0,0,,,,,,,0,0,,,2025-09-07 18:45:00,World Cup Qual. UEFA E,Türkiye,4700,Spain,4698,0,6,W,Türkiye,away,True,España,,,,,,,,,,,,,,,,,"0,0",,,,,,,,,,,,,,,,,,,,,,,,,,
13233482,away,4-3-3,1402913,Pau Cubarsí,P. Cubarsí,D,"5,0",False,Spain,,,0,0,0,0,0,,,,,,,0,0,,,2025-09-07 18:45:00,World Cup Qual. UEFA E,Türkiye,4700,Spain,4698,0,6,W,Türkiye,away,True,España,,,,,,,,,,,,,,,,,"0,0",,,,,,,,,,,,,,,,,,,,,,,,,,
13233482,away,4-3-3,796047,Aleix García,A. García,M,"24,0",False,Spain,,,0,0,0,0,0,,,,,,,0,0,,,2025-09-07 18:45:00,World Cup Qual. UEFA E,Türkiye,4700,Spain,4698,0,6,W,Türkiye,away,True,España,,,,,,,,,,,,,,,,,"0,0",,,,,,,,,,,,,,,,,,,,,,,,,,
13233482,away,4-3-3,789071,Dani Olmo,D. Olmo,M,"20,0",False,Spain,,,0,0,0,0,0,,,,,,,0,0,,,2025-09-07 18:45:00,World Cup Qual. UEFA E,Türkiye,4700,Spain,4698,0,6,W,Türkiye,away,True,España,,,,,,,,,,,,,,,,,"0,0",,,,,,,,,,,,,,,,,,,,,,,,,,
13233482,away,4-3-3,177177,Alejandro Grimaldo,A. Grimaldo,M,"20,0",False,Spain,,,0,0,0,0,0,,,,,,,0,0,,,2025-09-07 18:45:00,World Cup Qual. UEFA E,Türkiye,4700,Spain,4698,0,6,W,Türkiye,away,True,España,,,,,,,,,,,,,,,,,"0,0",,,,,,,,,,,,,,,,,,,,,,,,,,
13233457,home,4-3-3,936389,Svetoslav Vutsov,S. Vutsov,G,"92,0",True,Bulgaria,"7,5","90,0",0,0,0,0,0,"17,0","36,0","47,2","1,0",,,0,0,,,2025-09-04 18:45:00,World Cup Qual. UEFA E,Bulgaria,4716,Spain,4698,0,3,W,Bulgaria,away,False,España,,,,,,,,,,,,,,,,,"0,0",,,,,,,,,,,,,,,,,,,,,,,,"0,0","17,0","0,0"
13233457,home,4-3-3,173521,Anton Nedyalkov,A. Nedyalkov,D,"3,0",True,Bulgaria,"6,5","90,0",0,0,0,0,0,"15,0","23,0","65,2","5,0",,"2,0",0,0,,,2025-09-04 18:45:00,World Cup Qual. UEFA E,Bulgaria,4716,Spain,4698,0,3,W,Bulgaria,away,False,España,,,,,,,,,,,,,,,,,"0,0",,,,,,,,,,,,,,,,,,,,,,,,"0,0","15,0","0,0"
13233457,home,4-3-3,826915,Kristian Dimitrov,K. Dimitrov,D,"50,0",True,Bulgaria,"6,3","90,0",0,0,0,0,1,"19,0","25,0","76,0","1,0",,,0,0,,,2025-09-04 18:45:00,World Cup Qual. UEFA E,Bulgaria,4716,Spain,4698,0,3,W,Bulgaria,away,False,España,,,,,,,,,,,,,,,,,"0,0",,,,,,,,,,,,,,,,,,,,,,,,"0,0","19,0","0,0"
13233457,home,4-3-3,1117952,Emil Tsenov,E. Tsenov,D,"26,0",True,Bulgaria,"7,1","90,0",0,0,0,0,1,"25,0","30,0","83,3","3,0",,"1,0",0,0,,,2025-09-04 18:45:00,World Cup Qual. UEFA E,Bulgaria,4716,Spain,4698,0,3,W,Bulgaria,away,False,España,,,,,,,,,,,,,,,,,"0,0",,,,,,,,,,,,,,,,,,,,,,,,"0,0","25,0","0,0"
13233457,home,4-3-3,940886,Fabian Nürnberger,F. Nürnberger,D,"15,0",True,Bulgaria,"6,1","62,0",0,0,0,0,0,"14,0","16,0","87,5","3,0",,,0,0,,,2025-09-04 18:45:00,World Cup Qual. UEFA E,Bulgaria,4716,Spain,4698,0,3,W,Bulgaria,away,False,España,,,,,,,,,,,,,,,,,"0,0",,,,,,,,,,,,,,,,,,,,,,,,"0,0","20,3","0,0"
13233457,home,4-3-3,123034,Vasil Panayotov,V. Panayotov,M,"71,0",True,Bulgaria,"6,3","45,0",0,0,0,0,0,"1,0","3,0","33,3","1,0",,,0,0,,,2025-09-04 18:45:00,World Cup Qual. UEFA E,Bulgaria,4716,Spain,4698,0,3,W,Bulgaria,away,False,España,,,,,,,,,,,,,,,,,"0,0",,,,,,,,,,,,,,,,,,,,,,,,"0,0","2,0","0,0"
13233457,home,4-3-3,94681,Ivajlo Chochev,I. Chochev,M,"18,0",True,Bulgaria,"6,7","81,0",0,0,0,1,0,"12,0","14,0","85,7","7,0",,,0,0,,,2025-09-04 18:45:00,World Cup Qual. UEFA E,Bulgaria,4716,Spain,4698,0,3,W,Bulgaria,away,False,España,,,,,,,,,,,,,,,,,"1,0",,,,,,,,,,,,,,,,,,,,,,"81,0",,"0,0","13,3","0,0"
13233457,home,4-3-3,911679,Ilia Gruev,I. Gruev,M,"44,0",True,Bulgaria,"6,7","90,0",0,0,0,0,0,"20,0","26,0","76,9","6,0",,,0,0,,,2025-09-04 18:45:00,World Cup Qual. UEFA E,Bulgaria,4716,Spain,4698,0,3,W,Bulgaria,away,False,España,,,,,,,,,,,,,,,,,"0,0",,,,,,,,,,,,,,,,,,,,,,,,"0,0","20,0","0,0"
13233457,home,4-3-3,797801,Nikolay Minkov,N. Minkov,D,,True,Bulgaria,"6,7","90,0",0,0,0,0,0,"11,0","13,0","84,6",,,,0,0,,,2025-09-04 18:45:00,World Cup Qual. UEFA E,Bulgaria,4716,Spain,4698,0,3,W,Bulgaria,away,False,España,,,,,,,,,,,,,,,,,"0,0",,,,,,,,,,,,,,,,,,,,,,,,"0,0","11,0","0,0"
13233457,home,4-3-3,257159,Aleksandar Kolev,A. Kolev,F,"9,0",True,Bulgaria,"6,4","71,0",0,0,0,0,0,"6,0","14,0","42,9","7,0",,,0,0,,,2025-09-04 18:45:00,World Cup Qual. UEFA E,Bulgaria,4716,Spain,4698,0,3,W,Bulgaria,away,False,España,,,,,,,,,,,,,,,,,"0,0",,,,,,,,,,,,,,,,,,,,,,,,"0,0","7,6","0,0"
13233457,home,4-3-3,94941,Radoslav Kirilov,R. Kirilov,M,"99,0",True,Bulgaria,"6,5","72,0",0,0,0,0,0,"6,0","8,0","75,0","1,0",,,0,0,,,2025-09-04 18:45:00,World Cup Qual. UEFA E,Bulgaria,4716,Spain,4698,0,3,W,Bulgaria,away,False,España,,,,,,,,,,,,,,,,,"0,0",,,,,,,,,,,,,,,,,,,,,,,,"0,0","7,5","0,0"
13233457,home,4-3-3,985186,Marin Petkov,M. Petkov,M,"88,0",False,Bulgaria,"6,7","45,0",0,0,0,0,0,"4,0","6,0","66,7","8,0",,,0,0,,,2025-09-04 18:45:00,World Cup Qual. UEFA E,Bulgaria,4716,Spain,4698,0,3,W,Bulgaria,away,False,España,,,,,,,,,,,,,,,,,"0,0",,,,,,,,,,,,,,,,,,,,,,,,"0,0","8,0","0,0"
13233457,home,4-3-3,1152943,Rosen Bozhinov,R. Bozhinov,D,"2,0",False,Bulgaria,"6,7","28,0",0,0,0,0,0,"6,0","8,0","75,0",,,"1,0",0,0,,,2025-09-04 18:45:00,World Cup Qual. UEFA E,Bulgaria,4716,Spain,4698,0,3,W,Bulgaria,away,False,España,,,,,,,,,,,,,,,,,"0,0",,,,,,,,,,,,,,,,,,,,,,,,"0,0","19,3","0,0"
13233457,home,4-3-3,932479,Vladimir Nikolov,V. Nikolov,F,"11,0",False,Bulgaria,"6,8","19,0",0,0,0,0,1,"1,0","3,0","33,3","5,0",,,0,0,,,2025-09-04 18:45:00,World Cup Qual. UEFA E,Bulgaria,4716,Spain,4698,0,3,W,Bulgaria,away,False,España,,,,,,,,,,,,,,,,,"0,0",,,,,,,,,,,,,,,,,,,,,,,,"0,0","4,7","0,0"
13233457,home,4-3-3,878699,Martin Minchev,M. Minchev,F,"17,0",False,Bulgaria,"6,4","18,0",0,0,0,0,0,,"1,0",,,,,0,0,,,2025-09-04 18:45:00,World Cup Qual. UEFA E,Bulgaria,4716,Spain,4698,0,3,W,Bulgaria,away,False,España,,,,,,,,,,,,,,,,,"0,0",,,,,,,,,,,,,,,,,,,,,,,,"0,0","0,0","0,0"
13233457,home,4-3-3,78201,Georgi Milanov,G. Milanov,M,"17,0",False,Bulgaria,"6,5","9,0",0,0,0,0,0,"2,0","2,0","100,0",,,,0,0,,,2025-09-04 18:45:00,World Cup Qual. UEFA E,Bulgaria,4716,Spain,4698,0,3,W,Bulgaria,away,False,España,,,,,,,,,,,,,,,,,"0,0",,,,,,,,,,,,,,,,,,,,,,,,"0,0","20,0","0,0"
13233457,home,4-3-3,802859,Dimitar Mitov,D. Mitov,G,"1,0",False,Bulgaria,,,0,0,0,0,0,,,,,,,0,0,,,2025-09-04 18:45:00,World Cup Qual. UEFA E,Bulgaria,4716,Spain,4698,0,3,W,Bulgaria,away,False,España,,,,,,,,,,,,,,,,,"0,0",,,,,,,,,,,,,,,,,,,,,,,,,,
13233457,home,4-3-3,840799,Ivan Dyulgerov,I. Dyulgerov,G,"21,0",False,Bulgaria,,,0,0,0,0,0,,,,,,,0,0,,,2025-09-04 18:45:00,World Cup Qual. UEFA E,Bulgaria,4716,Spain,4698,0,3,W,Bulgaria,away,False,España,,,,,,,,,,,,,,,,,"0,0",,,,,,,,,,,,,,,,,,,,,,,,,,
13233457,home,4-3-3,67706,Zhivko Atanasov,Z. Atanasov,D,"3,0",False,Bulgaria,,,0,0,0,0,0,,,,,,,0,0,,,2025-09-04 18:45:00,World Cup Qual. UEFA E,Bulgaria,4716,Spain,4698,0,3,W,Bulgaria,away,False,España,,,,,,,,,,,,,,,,,"0,0",,,,,,,,,,,,,,,,,,,,,,,,,,
13233457,home,4-3-3,1129996,Hristiyan Petrov,H. Petrov,D,"28,0",False,Bulgaria,,,0,0,0,0,0,,,,,,,0,0,,,2025-09-04 18:45:00,World Cup Qual. UEFA E,Bulgaria,4716,Spain,4698,0,3,W,Bulgaria,away,False,España,,,,,,,,,,,,,,,,,"0,0",,,,,,,,,,,,,,,,,,,,,,,,,,
13233457,home,4-3-3,226972,Kiril Despodov,K. Despodov,M,"77,0",False,Bulgaria,,,0,0,0,0,0,,,,,,,0,0,,,2025-09-04 18:45:00,World Cup Qual. UEFA E,Bulgaria,4716,Spain,4698,0,3,W,Bulgaria,away,False,España,,,,,,,,,,,,,,,,,"0,0",,,,,,,,,,,,,,,,,,,,,,,,,,
13233457,home,4-3-3,960017,Lukas Petkov,L. Petkov,M,"25,0",False,Bulgaria,,,0,0,0,0,0,,,,,,,0,0,,,2025-09-04 18:45:00,World Cup Qual. UEFA E,Bulgaria,4716,Spain,4698,0,3,W,Bulgaria,away,False,España,,,,,,,,,,,,,,,,,"0,0",,,,,,,,,,,,,,,,,,,,,,,,,,
13233457,home,4-3-3,857374,Andrian Kraev,A. Kraev,M,"6,0",False,Bulgaria,,,0,0,0,0,0,,,,,,,0,0,,,2025-09-04 18:45:00,World Cup Qual. UEFA E,Bulgaria,4716,Spain,4698,0,3,W,Bulgaria,away,False,España,,,,,,,,,,,,,,,,,"0,0",,,,,,,,,,,,,,,,,,,,,,,,,,
13233457,away,4-3-3,797291,Unai Simón,U. Simón,G,"1,0",True,Spain,"6,7","90,0",0,0,0,0,0,"12,0","12,0","100,0",,,,0,0,,,2025-09-04 18:45:00,World Cup Qual. UEFA E,Bulgaria,4716,Spain,4698,0,3,W,Bulgaria,away,True,España,,,,,,,,,,,,,,"7,0",,,"0,0",,,,"16,0",,,,,,"0,0",,,,,,,,,,,,,,"0,0","12,0","7,0"
13233457,away,4-3-3,913654,Pedro Porro,P. Porro,D,"23,0",True,Spain,"7,8","62,0",0,0,0,1,1,"46,0","52,0","88,5","1,0","1,0","1,0",0,0,,,2025-09-04 18:45:00,World Cup Qual. UEFA E,Bulgaria,4716,Spain,4698,0,3,W,Bulgaria,away,True,España,,"100,0",,,,,"1,0","1,0","5,0","4,0","2,0","33,0","27,0","3,0","2,0","8,0","1,0",,"1,0",,"68,0",,,,,,"0,0",,,,,,,,,,,,"62,0",,"0,0","66,8","4,4"
13233457,away,4-3-3,787751,Robin Le Normand,R. Le Normand,D,"24,0",True,Spain,"6,7","45,0",0,0,0,0,0,"41,0","41,0","100,0","4,0","11,0",,0,0,,,2025-09-04 18:45:00,World Cup Qual. UEFA E,Bulgaria,4716,Spain,4698,0,3,W,Bulgaria,away,True,España,"7,0","36,4","2,0","4,0","6,0","33,3",,,"1,0","1,0",,"26,0","26,0","3,0","2,0",,"0,0",,,,"50,0",,,,,,"0,0",,"3,0","2,0",,,,,,,,,,,"0,0","82,0","6,0"
13233457,away,4-3-3,1176744,Dean Huijsen,D. Huijsen,D,"24,0",True,Spain,"7,8","90,0",0,0,0,2,1,"97,0","103,0","94,2","4,0","7,0","1,0",0,0,,,2025-09-04 18:45:00,World Cup Qual. UEFA E,Bulgaria,4716,Spain,4698,0,3,W,Bulgaria,away,True,España,"3,0","57,1","2,0","1,0","3,0","66,7","1,0",,"7,0","6,0",,"73,0","69,0","3,0","4,0","8,0","2,0",,,,"116,0","1,0",,"2,0","1,0",,"0,0",,"2,0",,,,,,,,,,"45,0",,"0,0","97,0","3,0"
13233457,away,4-3-3,794939,Marc Cucurella,M. Cucurella,D,"3,0",True,Spain,"8,0","90,0",1,0,1,0,2,"77,0","81,0","95,1","1,0","6,0",,0,0,,,2025-09-04 18:45:00,World Cup Qual. UEFA E,Bulgaria,4716,Spain,4698,0,3,W,Bulgaria,away,True,España,"5,0","16,7",,"1,0","1,0","0,0","1,0","1,0","2,0","2,0",,"63,0","60,0","1,0",,"5,0","2,0",,,,"91,0",,,,,,"0,0",,"2,0",,,,,,,,,,"45,0","90,0","1,0","77,0","1,0"
13233457,away,4-3-3,592010,Mikel Merino,M. Merino,M,"23,0",True,Spain,"8,1","90,0",1,0,4,0,1,"48,0","52,0","92,3","3,0","8,0",,0,0,,,2025-09-04 18:45:00,World Cup Qual. UEFA E,Bulgaria,4716,Spain,4698,0,3,W,Bulgaria,away,True,España,"5,0","37,5","3,0","4,0","7,0","42,9",,,"3,0","2,0",,"41,0","37,0","7,0","1,0","7,0","5,0","1,0",,"1,0","62,0","2,0",,,,,"0,0",,"1,0",,,,,,,,,,"18,0","22,5","1,0","48,0","7,0"
13233457,away,4-3-3,966837,Martín Zubimendi,M. Zubimendi,M,"36,0",True,Spain,"8,0","62,0",0,1,0,0,2,"69,0","78,0","88,5","2,0","3,0",,0,0,,,2025-09-04 18:45:00,World Cup Qual. UEFA E,Bulgaria,4716,Spain,4698,0,3,W,Bulgaria,away,True,España,"1,0","66,7","2,0",,"2,0","100,0",,,"4,0","3,0",,"66,0","59,0","3,0","2,0","9,0","0,0",,"2,0",,"82,0",,,,,,"0,0",,"1,0",,,,,,,,,,,,"1,45","100,2","4,4"
13233457,away,4-3-3,992587,Pedri,Pedri,M,"8,0",True,Spain,"8,0","90,0",0,0,0,1,2,"120,0","130,0","92,3","1,0","2,0",,0,0,,,2025-09-04 18:45:00,World Cup Qual. UEFA E,Bulgaria,4716,Spain,4698,0,3,W,Bulgaria,away,True,España,"1,0","50,0",,,,,,,"10,0","8,0","2,0","112,0","102,0","2,0",,"14,0","2,0",,,,"142,0","2,0",,"1,0",,,"0,0",,,"1,0",,,,,,,,,"45,0",,"0,0","120,0","2,0"
13233457,away,4-3-3,1402912,Lamine Yamal,L. Yamal,M,"10,0",True,Spain,"7,9","79,0",0,1,3,0,2,"39,0","51,0","76,5","8,0","16,0",,0,0,,,2025-09-04 18:45:00,World Cup Qual. UEFA E,Bulgaria,4716,Spain,4698,0,3,W,Bulgaria,away,True,España,"8,0","50,0",,,,,"1,0","1,0","1,0","1,0","7,0","54,0","37,0","5,0",,"27,0","5,0","2,0","1,0",,"85,0","3,0","2,0","12,0","7,0",,"0,0",,"1,0",,"1,0",,,,,,,,"15,8","26,3","1,14","44,4","5,7"
13233457,away,4-3-3,823622,Mikel Oyarzabal,M. Oyarzabal,F,"10,0",True,Spain,"7,6","90,0",1,0,2,0,2,"21,0","24,0","87,5","3,0","6,0",,0,0,,,2025-09-04 18:45:00,World Cup Qual. UEFA E,Bulgaria,4716,Spain,4698,0,3,W,Bulgaria,away,True,España,"3,0","50,0","1,0","1,0","2,0","50,0",,,,,,"20,0","17,0","2,0",,"7,0","3,0","1,0","1,0",,"35,0","2,0","1,0","2,0","1,0",,"0,0",,,"1,0",,,,,,,,,"30,0","45,0","1,0","21,0","2,0"
13233457,away,4-3-3,1085400,Nico Williams,N. Williams,M,"10,0",True,Spain,"7,6","71,0",0,0,1,1,2,"42,0","45,0","93,3","1,0","4,0",,0,0,,,2025-09-04 18:45:00,World Cup Qual. UEFA E,Bulgaria,4716,Spain,4698,0,3,W,Bulgaria,away,True,España,"3,0","25,0",,,,,,,,,"1,0","45,0","41,0","2,0",,"7,0","2,0",,"1,0",,"53,0","2,0","1,0","1,0","1,0",,"0,0",,"2,0",,,,,,,,,,"35,5","71,0","0,0","53,2","2,5"
13233457,away,4-3-3,1402913,Pau Cubarsí,P. Cubarsí,D,"5,0",False,Spain,"6,9","45,0",0,0,0,0,0,"53,0","55,0","96,4","3,0","5,0","1,0",0,0,,,2025-09-04 18:45:00,World Cup Qual. UEFA E,Bulgaria,4716,Spain,4698,0,3,W,Bulgaria,away,True,España,"2,0","60,0","2,0","1,0","3,0","66,7","1,0",,"2,0","1,0",,"34,0","32,0","3,0",,"2,0","0,0",,,,"57,0",,,,,,"0,0",,"1,0",,,,,,,,,,,,"0,0","106,0","6,0"
13233457,away,4-3-3,138572,Dani Carvajal,D. Carvajal,D,"2,0",False,Spain,"6,7","28,0",0,0,0,0,0,"25,0","25,0","100,0","1,0","2,0",,0,0,,,2025-09-04 18:45:00,World Cup Qual. UEFA E,Bulgaria,4716,Spain,4698,0,3,W,Bulgaria,away,True,España,"1,0","50,0",,,,,,,,,"2,0","16,0","14,0","3,0",,"3,0","0,0",,,,"33,0",,,"1,0",,,"0,0",,,"1,0",,,,,,,,,,,"0,0","80,4","9,6"
13233457,away,4-3-3,827606,Rodri,Rodri,M,"16,0",False,Spain,"7,0","28,0",0,0,1,0,0,"44,0","48,0","91,7",,"3,0",,0,0,,,2025-09-04 18:45:00,World Cup Qual. UEFA E,Bulgaria,4716,Spain,4698,0,3,W,Bulgaria,away,True,España,"3,0","0,0",,,,,,,"5,0","4,0",,"34,0","31,0","5,0",,"6,0","1,0",,,,"52,0","1,0","1,0",,,,"0,0",,"2,0",,,,,,,,,,"28,0","28,0","0,0","141,4","16,1"
13233457,away,4-3-3,789071,Dani Olmo,D. Olmo,M,"20,0",False,Spain,"6,2","19,0",0,0,0,0,1,"9,0","10,0","90,0",,"6,0",,0,0,,,2025-09-04 18:45:00,World Cup Qual. UEFA E,Bulgaria,4716,Spain,4698,0,3,W,Bulgaria,away,True,España,"6,0","0,0",,,,,,,,,,"8,0","7,0","1,0",,"7,0","1,0",,,,"17,0","3,0","1,0","2,0",,,"0,0",,"2,0",,,,,,,,,,"19,0",,"0,0","42,6","4,7"
13233457,away,4-3-3,1800245,Jesús Rodriguez,J. Rodriguez,M,"17,0",False,Spain,"6,6","11,0",0,0,0,0,0,"10,0","11,0","90,9",,,,0,0,,,2025-09-04 18:45:00,World Cup Qual. UEFA E,Bulgaria,4716,Spain,4698,0,3,W,Bulgaria,away,True,España,,,,,,,,,,,"1,0","8,0","6,0",,"1,0","3,0","0,0",,,,"16,0",,,,,,"0,0",,,,,,,,,,,,,,"0,0","81,8","0,0"
13233457,away,4-3-3,581310,David Raya,D. Raya,G,"1,0",False,Spain,,,0,0,0,0,0,,,,,,,0,0,,,2025-09-04 18:45:00,World Cup Qual. UEFA E,Bulgaria,4716,Spain,4698,0,3,W,Bulgaria,away,True,España,,,,,,,,,,,,,,,,,"0,0",,,,,,,,,,,,,,,,,,,,,,,,,,
13233457,away,4-3-3,791773,Álex Remiro,Á. Remiro,G,"1,0",False,Spain,,,0,0,0,0,0,,,,,,,0,0,,,2025-09-04 18:45:00,World Cup Qual. UEFA E,Bulgaria,4716,Spain,4698,0,3,W,Bulgaria,away,True,España,,,,,,,,,,,,,,,,,"0,0",,,,,,,,,,,,,,,,,,,,,,,,,,
13233457,away,4-3-3,1153270,Fermín López,F. López,M,"16,0",False,Spain,,,0,0,0,0,0,,,,,,,0,0,,,2025-09-04 18:45:00,World Cup Qual. UEFA E,Bulgaria,4716,Spain,4698,0,3,W,Bulgaria,away,True,España,,,,,,,,,,,,,,,,,"0,0",,,,,,,,,,,,,,,,,,,,,,,,,,
13233457,away,4-3-3,796047,Aleix García,A. García,M,"24,0",False,Spain,,,0,0,0,0,0,,,,,,,0,0,,,2025-09-04 18:45:00,World Cup Qual. UEFA E,Bulgaria,4716,Spain,4698,0,3,W,Bulgaria,away,True,España,,,,,,,,,,,,,,,,,"0,0",,,,,,,,,,,,,,,,,,,,,,,,,,
13233457,away,4-3-3,177177,Alejandro Grimaldo,A. Grimaldo,M,"20,0",False,Spain,,,0,0,0,0,0,,,,,,,0,0,,,2025-09-04 18:45:00,World Cup Qual. UEFA E,Bulgaria,4716,Spain,4698,0,3,W,Bulgaria,away,True,España,,,,,,,,,,,,,,,,,"0,0",,,,,,,,,,,,,,,,,,,,,,,,,,
13233457,away,4-3-3,125407,Álvaro Morata,Á. Morata,F,"7,0",False,Spain,,,0,0,0,0,0,,,,,,,0,0,,,2025-09-04 18:45:00,World Cup Qual. UEFA E,Bulgaria,4716,Spain,4698,0,3,W,Bulgaria,away,True,España,,,,,,,,,,,,,,,,,"0,0",,,,,,,,,,,,,,,,,,,,,,,,,,
13233457,away,4-3-3,855833,Ferran Torres,F. Torres,F,"7,0",False,Spain,,,0,0,0,0,0,,,,,,,0,0,,,2025-09-04 18:45:00,World Cup Qual. UEFA E,Bulgaria,4716,Spain,4698,0,3,W,Bulgaria,away,True,España,,,,,,,,,,,,,,,,,"0,0",,,,,,,,,,,,,,,,,,,,,,,,,,
13157878,home,4-3-3,797291,Unai Simón,U. Simón,G,"1,0",True,Spain,"7,4","90,0",0,0,0,0,0,"26,0","36,0","72,2",,,,0,0,,,2025-06-05 19:00:00,"UEFA Nations League, Finals",Spain,4698,France,4481,5,4,W,France,home,True,España,,,,,,,,,"18,0","8,0",,"7,0","2,0","5,0",,"10,0","0,0",,,,"47,0",,,,,,"0,0",,,,,"6,0",,,,,,,,,"0,0","26,0","5,0"
13157878,home,4-3-3,913654,Pedro Porro,P. Porro,D,"23,0",True,Spain,"6,7","90,0",0,1,0,0,3,"27,0","38,0","71,1","6,0","8,0","1,0",0,0,,,2025-06-05 19:00:00,"UEFA Nations League, Finals",Spain,4698,France,4481,5,4,W,France,home,True,España,"2,0","75,0",,,,,"5,0","4,0","6,0","2,0","2,0","15,0","7,0","4,0","3,0","17,0","0,0",,,,"64,0","1,0",,"1,0",,,"0,0",,"1,0","1,0",,,,,,,,,,,"1,0","27,0","4,0"
13157878,home,4-3-3,787751,Robin Le Normand,R. Le Normand,D,"24,0",True,Spain,"6,5","77,0",0,0,0,0,0,"26,0","30,0","86,7","2,0","3,0",,0,0,,,2025-06-05 19:00:00,"UEFA Nations League, Finals",Spain,4698,France,4481,5,4,W,France,home,True,España,"1,0","66,7",,,,,"2,0","1,0","4,0","1,0",,"6,0","4,0","1,0",,"4,0","0,0",,,,"35,0",,,,,,"0,0",,,,,,,,,,,,,,"0,0","30,4","1,2"
13157878,home,4-3-3,1176744,Dean Huijsen,D. Huijsen,D,"24,0",True,Spain,"6,6","90,0",0,0,0,0,0,"58,0","66,0","87,9","1,0","4,0","3,0",0,0,,,2025-06-05 19:00:00,"UEFA Nations League, Finals",Spain,4698,France,4481,5,4,W,France,home,True,España,"3,0","25,0",,"1,0","1,0","0,0","1,0","1,0","4,0","1,0",,"21,0","15,0","6,0","3,0","8,0","0,0",,,,"77,0",,,,,,"0,0",,"2,0",,,,,,,,,,,,"0,0","58,0","6,0"
13157878,home,4-3-3,794939,Marc Cucurella,M. Cucurella,D,"3,0",True,Spain,"6,3","90,0",0,0,0,0,0,"29,0","39,0","74,4","4,0","9,0",,0,0,,,2025-06-05 19:00:00,"UEFA Nations League, Finals",Spain,4698,France,4481,5,4,W,France,home,True,España,"5,0","44,4",,"2,0","2,0","0,0","3,0","2,0","1,0","1,0",,"17,0","12,0","3,0","2,0","14,0","0,0",,,,"57,0",,"1,0",,,,"0,0",,"1,0","1,0",,,,,,,,,,,"0,0","29,0","3,0"
13157878,home,4-3-3,992587,Pedri,Pedri,M,"8,0",True,Spain,"7,0","64,0",1,0,1,0,1,"23,0","29,0","79,3",,"3,0",,0,0,,,2025-06-05 19:00:00,"UEFA Nations League, Finals",Spain,4698,France,4481,5,4,W,France,home,True,España,"3,0","0,0",,,,,,,"1,0","1,0","3,0","17,0","11,0","2,0",,"9,0","1,0",,,,"39,0",,"1,0",,,,"0,0",,,,,,,,,,,,"64,0","64,0","1,41","32,3","2,8"
13157878,home,4-3-3,966837,Martín Zubimendi,M. Zubimendi,M,"36,0",True,Spain,"6,3","90,0",0,0,0,0,0,"36,0","37,0","97,3","2,0","6,0",,0,0,,,2025-06-05 19:00:00,"UEFA Nations League, Finals",Spain,4698,France,4481,5,4,W,France,home,True,España,"4,0","33,3",,,,,"2,0","1,0","2,0","2,0",,"13,0","13,0","1,0","1,0","3,0","0,0",,,,"44,0",,"1,0",,,,"0,0",,"1,0",,"1,0",,,,,,,,,,"0,0","36,0","1,0"
13157878,home,4-3-3,592010,Mikel Merino,M. Merino,M,"23,0",True,Spain,"7,5","89,0",1,0,1,0,1,"26,0","31,0","83,9","14,0","24,0","1,0",0,0,,,2025-06-05 19:00:00,"UEFA Nations League, Finals",Spain,4698,France,4481,5,4,W,France,home,True,España,"10,0","58,3","3,0","3,0","6,0","50,0","5,0","3,0","1,0","1,0",,"16,0","12,0","4,0","3,0","9,0","3,0",,,,"56,0","1,0","3,0","1,0","1,0",,"0,0",,"3,0","5,0",,,,,,,,,"29,7","89,0","1,01","26,3","4,0"
13157878,home,4-3-3,1402912,Lamine Yamal,L. Yamal,M,"10,0",True,Spain,"9,7","90,0",2,0,2,0,3,"24,0","29,0","82,8","10,0","12,0","1,0",0,0,,,2025-06-05 19:00:00,"UEFA Nations League, Finals",Spain,4698,France,4481,5,4,W,France,home,True,España,"2,0","83,3",,,,,"4,0","2,0","4,0","2,0","1,0","17,0","13,0","10,0",,"8,0","5,0",,"1,0",,"50,0","1,0",,"3,0","2,0",,"0,0",,"1,0","4,0","1,0",,,,,,,,"18,0","45,0","2,0","24,0","10,0"
13157878,home,4-3-3,823622,Mikel Oyarzabal,M. Oyarzabal,F,"10,0",True,Spain,"7,9","77,0",0,2,0,0,4,"11,0","15,0","73,3","1,0","7,0",,0,0,,,2025-06-05 19:00:00,"UEFA Nations League, Finals",Spain,4698,France,4481,5,4,W,France,home,True,España,"6,0","14,3",,"2,0","2,0","0,0","1,0",,,,,"9,0","7,0","2,0",,"5,0","1,0",,"2,0",,"20,0",,,"1,0",,,"0,0",,"2,0",,,,,,,,,,"77,0",,"2,34","12,9","2,3"
13157878,home,4-3-3,1085400,Nico Williams,N. Williams,M,"10,0",True,Spain,"8,4","64,0",1,1,3,0,1,"10,0","13,0","76,9","1,0","4,0",,0,0,,,2025-06-05 19:00:00,"UEFA Nations League, Finals",Spain,4698,France,4481,5,4,W,France,home,True,España,"3,0","25,0",,"1,0","1,0","0,0",,,,,,"7,0","5,0","6,0",,"5,0","5,0",,"1,0",,"23,0","1,0","1,0",,,,"0,0",,"1,0","1,0",,,,,,,,,"12,8","21,3","2,81","14,1","8,4"
13157878,home,4-3-3,784655,Fabián Ruiz,F. Ruiz,M,"8,0",False,Spain,"6,1","26,0",0,0,0,0,0,"15,0","16,0","93,8","2,0","5,0",,0,0,,,2025-06-05 19:00:00,"UEFA Nations League, Finals",Spain,4698,France,4481,5,4,W,France,home,True,España,"3,0","40,0",,,,,"1,0",,"1,0",,,"8,0","7,0","1,0",,"3,0","0,0",,,,"20,0",,"1,0","1,0",,,"0,0",,"1,0","1,0",,,,,,,,,,,"0,0","51,9","3,5"
13157878,home,4-3-3,789071,Dani Olmo,D. Olmo,M,"20,0",False,Spain,"6,1","26,0",0,0,0,0,0,"8,0","9,0","88,9",,"2,0",,0,0,,,2025-06-05 19:00:00,"UEFA Nations League, Finals",Spain,4698,France,4481,5,4,W,France,home,True,España,"2,0","0,0",,,,,,,,,"1,0","7,0","5,0",,,"2,0","0,0",,,,"10,0",,,,,,"0,0",,"1,0",,,,,,,,,,,,"0,0","27,7","0,0"
13157878,home,4-3-3,910978,Dani Vivian,D. Vivian,D,"3,0",False,Spain,"5,4","13,0",0,0,0,0,0,,,,,"1,0",,0,0,,,2025-06-05 19:00:00,"UEFA Nations League, Finals",Spain,4698,France,4481,5,4,W,France,home,True,España,"1,0","0,0",,,,,,,,,,,,,"1,0",,"0,0",,,,"2,0",,,,,,"0,0",,"1,0",,,,,,,,,,,,"0,0","0,0","0,0"
13157878,home,4-3-3,1503836,Samu Aghehowa,S. Aghehowa,F,"9,0",False,Spain,"6,1","13,0",0,0,1,0,0,"4,0","5,0","80,0","1,0","4,0",,0,0,,,2025-06-05 19:00:00,"UEFA Nations League, Finals",Spain,4698,France,4481,5,4,W,France,home,True,España,"3,0","25,0","1,0","1,0","2,0","50,0",,,"1,0","1,0",,"1,0",,,,"2,0","1,0","1,0",,,"7,0","1,0",,,,,"0,0",,"2,0",,,,,,,,,,"13,0","13,0","0,0","27,7","0,0"
13157878,home,4-3-3,1103693,Pablo Gavi,Gavi,M,"6,0",False,Spain,,"1,0",0,0,0,0,0,,,,,,,0,0,,,2025-06-05 19:00:00,"UEFA Nations League, Finals",Spain,4698,France,4481,5,4,W,France,home,True,España,,,,,,,,,,,,,,,,,"0,0",,,,,,,,,,"0,0",,,,,,,,,,,,,,"0,0","0,0","0,0"
13157878,home,4-3-3,581310,David Raya,D. Raya,G,"1,0",False,Spain,,,0,0,0,0,0,,,,,,,0,0,,,2025-06-05 19:00:00,"UEFA Nations League, Finals",Spain,4698,France,4481,5,4,W,France,home,True,España,,,,,,,,,,,,,,,,,"0,0",,,,,,,,,,,,,,,,,,,,,,,,,,
13157878,home,4-3-3,791773,Álex Remiro,Á. Remiro,G,"1,0",False,Spain,,,0,0,0,0,0,,,,,,,0,0,,,2025-06-05 19:00:00,"UEFA Nations League, Finals",Spain,4698,France,4481,5,4,W,France,home,True,España,,,,,,,,,,,,,,,,,"0,0",,,,,,,,,,,,,,,,,,,,,,,,,,
13157878,home,4-3-3,1402913,Pau Cubarsí,P. Cubarsí,D,"5,0",False,Spain,,,0,0,0,0,0,,,,,,,0,0,,,2025-06-05 19:00:00,"UEFA Nations League, Finals",Spain,4698,France,4481,5,4,W,France,home,True,España,,,,,,,,,,,,,,,,,"0,0",,,,,,,,,,,,,,,,,,,,,,,,,,
13157878,home,4-3-3,859773,Óscar Mingueza,Ó. Mingueza,M,"3,0",False,Spain,,,0,0,0,0,0,,,,,,,0,0,,,2025-06-05 19:00:00,"UEFA Nations League, Finals",Spain,4698,France,4481,5,4,W,France,home,True,España,,,,,,,,,,,,,,,,,"0,0",,,,,,,,,,,,,,,,,,,,,,,,,,
13157878,home,4-3-3,910031,Alex Baena,A. Baena,M,"10,0",False,Spain,,,0,0,0,0,0,,,,,,,0,0,,,2025-06-05 19:00:00,"UEFA Nations League, Finals",Spain,4698,France,4481,5,4,W,France,home,True,España,,,,,,,,,,,,,,,,,"0,0",,,,,,,,,,,,,,,,,,,,,,,,,,
13157878,home,4-3-3,177177,Alejandro Grimaldo,A. Grimaldo,M,"20,0",False,Spain,,,0,0,0,0,0,,,,,,,0,0,,,2025-06-05 19:00:00,"UEFA Nations League, Finals",Spain,4698,France,4481,5,4,W,France,home,True,España,,,,,,,,,,,,,,,,,"0,0",,,,,,,,,,,,,,,,,,,,,,,,,,
13157878,home,4-3-3,103417,Isco,Isco,M,"22,0",False,Spain,,,0,0,0,0,0,,,,,,,0,0,,,2025-06-05 19:00:00,"UEFA Nations League, Finals",Spain,4698,France,4481,5,4,W,France,home,True,España,,,,,,,,,,,,,,,,,"0,0",,,,,,,,,,,,,,,,,,,,,,,,,,
13157878,home,4-3-3,1153270,Fermín López,F. López,M,"16,0",False,Spain,,,0,0,0,0,0,,,,,,,0,0,,,2025-06-05 19:00:00,"UEFA Nations League, Finals",Spain,4698,France,4481,5,4,W,France,home,True,España,,,,,,,,,,,,,,,,,"0,0",,,,,,,,,,,,,,,,,,,,,,,,,,
13157878,home,4-3-3,125407,Álvaro Morata,Á. Morata,F,"7,0",False,Spain,,,0,0,0,0,0,,,,,,,0,0,,,2025-06-05 19:00:00,"UEFA Nations League, Finals",Spain,4698,France,4481,5,4,W,France,home,True,España,,,,,,,,,,,,,,,,,"0,0",,,,,,,,,,,,,,,,,,,,,,,,,,
13157878,home,4-3-3,984624,Yéremy Pino,Y. Pino,F,"10,0",False,Spain,,,0,0,0,0,0,,,,,,,0,0,,,2025-06-05 19:00:00,"UEFA Nations League, Finals",Spain,4698,France,4481,5,4,W,France,home,True,España,,,,,,,,,,,,,,,,,"0,0",,,,,,,,,,,,,,,,,,,,,,,,,,
13157878,away,4-2-3-1,191210,Mike Maignan,M. Maignan,G,"16,0",True,France,"6,2","90,0",0,0,0,0,0,"25,0","30,0","83,3",,,,0,0,,,2025-06-05 19:00:00,"UEFA Nations League, Finals",Spain,4698,France,4481,5,4,W,France,home,False,España,,,,,,,,,,,,,,,,,"0,0",,,,,,,,,,,,,,,,,,,,,,,,"0,0","25,0","0,0"
13157878,away,4-2-3-1,965330,Pierre Kalulu,P. Kalulu,D,"15,0",True,France,"6,1","63,0",0,0,0,0,0,"26,0","31,0","83,9","1,0",,"3,0",0,0,,,2025-06-05 19:00:00,"UEFA Nations League, Finals",Spain,4698,France,4481,5,4,W,France,home,False,España,,,,,,,,,,,,,,,,,"0,0",,,,,,,,,,,,,,,,,,,,,,,,"0,0","37,1","0,0"
13157878,away,4-2-3-1,826215,Ibrahima Konaté,I. Konaté,D,"5,0",True,France,"6,4","90,0",0,0,0,0,0,"48,0","51,0","94,1","7,0",,"1,0",0,0,,,2025-06-05 19:00:00,"UEFA Nations League, Finals",Spain,4698,France,4481,5,4,W,France,home,False,España,,,,,,,,,,,,,,,,,"0,0",,,,,,,,,,,,,,,,,,,,,,,,"0,0","48,0","0,0"
13157878,away,4-2-3-1,580550,Clément Lenglet,C. Lenglet,D,"15,0",True,France,"6,1","72,0",0,0,0,0,0,"47,0","48,0","97,9","2,0",,"1,0",0,0,,,2025-06-05 19:00:00,"UEFA Nations League, Finals",Spain,4698,France,4481,5,4,W,France,home,False,España,,,,,,,,,,,,,,,,,"0,0",,,,,,,,,,,,,,,,,,,,,,,,"0,0","58,8","0,0"
13157878,away,4-2-3-1,788027,Theo Hernández,T. Hernández,D,"19,0",True,France,"6,7","90,0",0,0,0,2,1,"39,0","43,0","90,7","3,0",,"2,0",0,0,,,2025-06-05 19:00:00,"UEFA Nations League, Finals",Spain,4698,France,4481,5,4,W,France,home,False,España,,,,,,,,,,,,,,,,,"2,0",,,,,,,,,,,,,,,,,,,,,,"45,0",,"0,0","39,0","0,0"
13157878,away,4-2-3-1,974087,Manu Koné,M. Koné,M,"17,0",True,France,"7,2","90,0",0,0,0,0,1,"45,0","47,0","95,7","8,0",,"1,0",0,0,,,2025-06-05 19:00:00,"UEFA Nations League, Finals",Spain,4698,France,4481,5,4,W,France,home,False,España,,,,,,,,,,,,,,,,,"0,0",,,,,,,,,,,,,,,,,,,,,,,,"0,0","45,0","0,0"
13157878,away,4-2-3-1,250737,Adrien Rabiot,A. Rabiot,M,"12,0",True,France,"6,6","90,0",0,0,0,1,0,"44,0","49,0","89,8","5,0",,"1,0",0,0,,,2025-06-05 19:00:00,"UEFA Nations League, Finals",Spain,4698,France,4481,5,4,W,France,home,False,España,,,,,,,,,,,,,,,,,"1,0",,,,,,,,,,,,,,,,,,,,,,"90,0",,"0,0","44,0","0,0"
13157878,away,4-2-3-1,818244,Ousmane Dembélé,O. Dembélé,F,"10,0",True,France,"7,4","76,0",0,0,2,1,4,"28,0","32,0","87,5","7,0",,,0,0,,,2025-06-05 19:00:00,"UEFA Nations League, Finals",Spain,4698,France,4481,5,4,W,France,home,False,España,,,,,,,,,,,,,,,,,"3,0",,,,,,,,,,,,,,,,,,,,,,"25,3","38,0","0,0","33,2","0,0"
13157878,away,4-2-3-1,978838,Michael Olise,M. Olise,M,"17,0",True,France,"6,5","63,0",0,0,0,0,4,"29,0","31,0","93,5","1,0",,,0,0,,,2025-06-05 19:00:00,"UEFA Nations League, Finals",Spain,4698,France,4481,5,4,W,France,home,False,España,,,,,,,,,,,,,,,,,"0,0",,,,,,,,,,,,,,,,,,,,,,,,"0,0","41,4","0,0"
13157878,away,4-2-3-1,1154605,Désiré Doué,D. Doué,F,"14,0",True,France,"6,4","63,0",0,0,2,1,2,"21,0","27,0","77,8","2,0",,"1,0",0,0,,,2025-06-05 19:00:00,"UEFA Nations League, Finals",Spain,4698,France,4481,5,4,W,France,home,False,España,,,,,,,,,,,,,,,,,"3,0",,,,,,,,,,,,,,,,,,,,,,"21,0","31,5","0,0","30,0","0,0"
13157878,away,4-2-3-1,826643,Kylian Mbappé,K. Mbappé,F,"10,0",True,France,"8,4","90,0",1,1,3,0,2,"40,0","44,0","90,9","5,0",,,0,0,,,2025-06-05 19:00:00,"UEFA Nations League, Finals",Spain,4698,France,4481,5,4,W,France,home,False,España,,,,,,,,,,,,,,,,,"3,0",,,,,,,,,,,,,,,,,,,,,,"30,0","30,0","2,0","40,0","0,0"
13157878,away,4-2-3-1,996958,Malo Gusto,M. Gusto,D,"27,0",False,France,"6,8","27,0",0,0,0,0,1,"16,0","19,0","84,2","3,0",,"1,0",0,0,,,2025-06-05 19:00:00,"UEFA Nations League, Finals",Spain,4698,France,4481,5,4,W,France,home,False,España,,,,,,,,,,,,,,,,,"0,0",,,,,,,,,,,,,,,,,,,,,,,,"0,0","53,3","0,0"
13157878,away,4-2-3-1,979128,Rayan Cherki,R. Cherki,M,"10,0",False,France,"8,8","27,0",1,1,1,0,3,"18,0","19,0","94,7","2,0",,,0,0,,,2025-06-05 19:00:00,"UEFA Nations League, Finals",Spain,4698,France,4481,5,4,W,France,home,False,España,,,,,,,,,,,,,,,,,"1,0",,,,,,,,,,,,,,,,,,,,,,"27,0","27,0","6,67","60,0","0,0"
13157878,away,4-2-3-1,996952,Bradley Barcola,B. Barcola,F,"29,0",False,France,"6,9","27,0",0,0,0,2,1,"10,0","12,0","83,3",,,,0,0,,,2025-06-05 19:00:00,"UEFA Nations League, Finals",Spain,4698,France,4481,5,4,W,France,home,False,España,,,,,,,,,,,,,,,,,"2,0",,,,,,,,,,,,,,,,,,,,,,"13,5",,"0,0","33,3","0,0"
13157878,away,4-2-3-1,352370,Lucas Hernández,L. Hernández,D,"21,0",False,France,"6,6","18,0",0,0,0,0,0,"15,0","18,0","83,3","1,0",,,0,0,,,2025-06-05 19:00:00,"UEFA Nations League, Finals",Spain,4698,France,4481,5,4,W,France,home,False,España,,,,,,,,,,,,,,,,,"0,0",,,,,,,,,,,,,,,,,,,,,,,,"0,0","75,0","0,0"
13157878,away,4-2-3-1,871706,Randal Kolo Muani,R. Kolo Muani,F,"39,0",False,France,"7,3","14,0",1,0,1,1,0,"2,0","2,0","100,0","1,0",,,0,0,,,2025-06-05 19:00:00,"UEFA Nations League, Finals",Spain,4698,France,4481,5,4,W,France,home,False,España,,,,,,,,,,,,,,,,,"2,0",,,,,,,,,,,,,,,,,,,,,,"7,0","14,0","6,43","12,9","0,0"
13157878,away,4-2-3-1,164055,Brice Samba,B. Samba,G,"30,0",False,France,,,0,0,0,0,0,,,,,,,0,0,,,2025-06-05 19:00:00,"UEFA Nations League, Finals",Spain,4698,France,4481,5,4,W,France,home,False,España,,,,,,,,,,,,,,,,,"0,0",,,,,,,,,,,,,,,,,,,,,,,,,,
13157878,away,4-2-3-1,996953,Lucas Chevalier,L. Chevalier,G,"30,0",False,France,,,0,0,0,0,0,,,,,,,0,0,,,2025-06-05 19:00:00,"UEFA Nations League, Finals",Spain,4698,France,4481,5,4,W,France,home,False,España,,,,,,,,,,,,,,,,,"0,0",,,,,,,,,,,,,,,,,,,,,,,,,,
13157878,away,4-2-3-1,787505,Benjamin Pavard,B. Pavard,D,"28,0",False,France,,,0,0,0,0,0,,,,,,,0,0,,,2025-06-05 19:00:00,"UEFA Nations League, Finals",Spain,4698,France,4481,5,4,W,France,home,False,España,,,,,,,,,,,,,,,,,"0,0",,,,,,,,,,,,,,,,,,,,,,,,,,
13157878,away,4-2-3-1,96538,Lucas Digne,L. Digne,D,"12,0",False,France,,,0,0,0,0,0,,,,,,,0,0,,,2025-06-05 19:00:00,"UEFA Nations League, Finals",Spain,4698,France,4481,5,4,W,France,home,False,España,,,,,,,,,,,,,,,,,"0,0",,,,,,,,,,,,,,,,,,,,,,,,,,
13157878,away,4-2-3-1,1006489,Loïc Badé,L. Badé,D,"5,0",False,France,,,0,0,0,0,0,,,,,,,0,0,,,2025-06-05 19:00:00,"UEFA Nations League, Finals",Spain,4698,France,4481,5,4,W,France,home,False,España,,,,,,,,,,,,,,,,,"0,0",,,,,,,,,,,,,,,,,,,,,,,,,,
13157878,away,4-2-3-1,1142672,Warren Zaïre-Emery,W. Zaïre-Emery,M,"33,0",False,France,,,0,0,0,0,0,,,,,,,0,0,,,2025-06-05 19:00:00,"UEFA Nations League, Finals",Spain,4698,France,4481,5,4,W,France,home,False,España,,,,,,,,,,,,,,,,,"0,0",,,,,,,,,,,,,,,,,,,,,,,,,,
13157878,away,4-2-3-1,852404,Mattéo Guendouzi,M. Guendouzi,M,"6,0",False,France,,,0,0,0,0,0,,,,,,,0,0,,,2025-06-05 19:00:00,"UEFA Nations League, Finals",Spain,4698,France,4481,5,4,W,France,home,False,España,,,,,,,,,,,,,,,,,"0,0",,,,,,,,,,,,,,,,,,,,,,,,,,
13157878,away,4-2-3-1,859025,Aurélien Tchouaméni,A. Tchouaméni,M,"14,0",False,France,,,0,0,0,0,0,,,,,,,0,0,,,2025-06-05 19:00:00,"UEFA Nations League, Finals",Spain,4698,France,4481,5,4,W,France,home,False,España,,,,,,,,,,,,,,,,,"0,0",,,,,,,,,,,,,,,,,,,,,,,,,,
13157878,away,4-2-3-1,791702,Marcus Thuram,M. Thuram,F,"9,0",False,France,,,0,0,0,0,0,,,,,,,0,0,,,2025-06-05 19:00:00,"UEFA Nations League, Finals",Spain,4698,France,4481,5,4,W,France,home,False,España,,,,,,,,,,,,,,,,,"0,0",,,,,,,,,,,,,,,,,,,,,,,,,,
15926539,home,4-1-4-1,990408,Raúl Rangel,R. Rangel,G,"1,0",True,Mexico,"6,5","90,0",0,0,0,0,0,"22,0","26,0","84,6",,,,0,0,,,2026-06-05 02:00:00,Int. Friendly Games,Mexico,4781,Serbia,6355,5,1,W,Serbia,home,True,México,,,,,,,,,"7,0","4,0",,"4,0","1,0","7,0",,"4,0","0,0",,,,"28,0",,,,,"3,0","10,6","0,0",,,,,,,"0,0","-0,01","-0,12",,,,"0,0","22,0","7,0"
15926539,home,4-1-4-1,832868,Jorge Sánchez,J. Sánchez,D,"35,0",True,Mexico,"6,2","90,0",0,0,0,0,0,"46,0","51,0","90,2",,"3,0",,0,0,,,2026-06-05 02:00:00,Int. Friendly Games,Mexico,4781,Serbia,6355,5,1,W,Serbia,home,True,México,"3,0","0,0",,,,,,,"1,0",,"1,0","27,0","23,0","5,0","1,0","8,0","0,0",,,,"63,0","1,0","1,0",,,"7,0","51,9","0,0","1,0",,,,,,"0,04","0,02","-0,23",,,,"0,0","46,0","5,0"
15926539,home,4-1-4-1,818406,César Montes,C. Montes,D,"23,0",True,Mexico,"6,4","59,0",0,0,0,1,0,"49,0","54,0","90,7","3,0","7,0",,0,0,,,2026-06-05 02:00:00,Int. Friendly Games,Mexico,4781,Serbia,6355,5,1,W,Serbia,home,True,México,"4,0","42,9","2,0","2,0","4,0","50,0","1,0","1,0","4,0","3,0",,"11,0","8,0","2,0","2,0","6,0","1,0","1,0",,,"59,0",,"1,0",,,"16,0","108,2","0,0",,,,,,"-0,39","0,04","0,05","-0,19",,"59,0",,"0,0","74,7","3,1"
15926539,home,4-1-4-1,889785,Johan Vásquez,J. Vásquez,D,"22,0",True,Mexico,"7,5","73,0",1,0,1,0,0,"72,0","73,0","98,6","1,0","3,0",,0,0,,,2026-06-05 02:00:00,Int. Friendly Games,Mexico,4781,Serbia,6355,5,1,W,Serbia,home,True,México,"2,0","33,3","1,0","1,0","2,0","50,0",,,"2,0","1,0","1,0","19,0","18,0","4,0","1,0","1,0","1,0",,,,"77,0",,,,,"29,0","254,5","2,0","1,0",,,,,"0,5","0,14","0,1","-0,17",,"73,0","73,0","1,23","88,8","4,9"
15926539,home,4-1-4-1,770253,Jesús Gallardo,J. Gallardo,D,"20,0",True,Mexico,"6,4","72,0",0,0,0,0,0,"43,0","48,0","89,6","1,0","3,0",,0,0,,,2026-06-05 02:00:00,Int. Friendly Games,Mexico,4781,Serbia,6355,5,1,W,Serbia,home,True,México,"2,0","33,3","1,0","1,0","2,0","50,0",,,"2,0","2,0","3,0","24,0","21,0","2,0","2,0","7,0","0,0",,,,"59,0",,,,,"16,0","101,1","0,0","1,0",,,,,,"0,41","0,05","-0,5",,,,"0,0","53,8","2,5"
15926539,home,4-1-4-1,944068,Erik Lira,E. Lira,D,"6,0",True,Mexico,"6,5","45,0",0,0,0,0,0,"31,0","34,0","91,2",,"1,0",,0,0,,,2026-06-05 02:00:00,Int. Friendly Games,Mexico,4781,Serbia,6355,5,1,W,Serbia,home,True,México,"1,0","0,0",,,,,,,"2,0","2,0","1,0","20,0","17,0","2,0",,"4,0","0,0",,,,"35,0",,,,,"14,0","95,7","2,0","1,0",,,,,,"-0,04","0,07","-0,05",,,,"0,0","62,0","4,0"
15926539,home,4-1-4-1,1023088,Brian Gutiérrez,B. Gutiérrez,M,"11,0",True,Mexico,"7,4","58,0",0,1,1,1,3,"35,0","35,0","100,0","4,0","6,0",,0,0,,,2026-06-05 02:00:00,Int. Friendly Games,Mexico,4781,Serbia,6355,5,1,W,Serbia,home,True,México,"2,0","66,7",,,,,"1,0",,,,"5,0","28,0","28,0","4,0",,"7,0","3,0","1,0","1,0",,"51,0","1,0",,"3,0","2,0","5,0","42,6","1,0",,"1,0",,,,"-0,51","0,7","0,36","-0,11",,"19,3","58,0","1,55","54,3","6,2"
15926539,home,4-1-4-1,865500,Roberto Alvarado,R. Alvarado,F,"25,0",True,Mexico,"7,4","73,0",0,0,0,0,4,"44,0","49,0","89,8","3,0","6,0",,0,0,,,2026-06-05 02:00:00,Int. Friendly Games,Mexico,4781,Serbia,6355,5,1,W,Serbia,home,True,México,"3,0","50,0","1,0",,"1,0","100,0","2,0","2,0","1,0","1,0","4,0","41,0","38,0",,,"9,0","0,0",,"1,0",,"60,0",,,"3,0",,"29,0","283,4","6,0",,,,,,,"0,36","0,42","-0,06",,,,"0,0","54,2","0,0"
15926539,home,4-1-4-1,838629,Álvaro Fidalgo,Á. Fidalgo,M,"15,0",True,Mexico,"6,9","59,0",0,0,0,0,1,"51,0","54,0","94,4","1,0","3,0",,0,0,,,2026-06-05 02:00:00,Int. Friendly Games,Mexico,4781,Serbia,6355,5,1,W,Serbia,home,True,México,"2,0","33,3",,,,,,,"7,0","6,0",,"36,0","33,0","1,0",,"3,0","0,0",,,,"56,0",,,"1,0","1,0","19,0","136,9","2,0","2,0",,,,,,"0,29","0,1","-0,06",,,,"0,0","77,8","1,5"
15926539,home,4-1-4-1,843114,Julián Quiñones,J. Quiñones,F,"33,0",True,Mexico,"6,4","58,0",0,0,1,3,1,"33,0","36,0","91,7","2,0","8,0",,0,0,,,2026-06-05 02:00:00,Int. Friendly Games,Mexico,4781,Serbia,6355,5,1,W,Serbia,home,True,México,"6,0","25,0","1,0","1,0","2,0","50,0","1,0","1,0","1,0","1,0","1,0","24,0","22,0","3,0",,"10,0","4,0","1,0",,"1,0","50,0","2,0","2,0","1,0",,"15,0","101,2","3,0","2,0",,,,,"-0,6","0,24","0,33","-0,07",,"14,5","58,0","0,0","51,2","4,7"
15926539,home,4-1-4-1,192442,Raúl Jiménez,R. Jiménez,F,"7,0",True,Mexico,"6,8","59,0",1,0,3,0,1,"10,0","10,0","100,0","5,0","10,0",,0,0,,,2026-06-05 02:00:00,Int. Friendly Games,Mexico,4781,Serbia,6355,5,1,W,Serbia,home,True,México,"5,0","50,0","1,0",,"1,0","100,0","1,0",,"1,0","1,0",,"7,0","7,0",,,"4,0","3,0",,"1,0",,"21,0","1,0","2,0","2,0","2,0","2,0","12,2","0,0","3,0","1,0","1,0",,,"0,29","-0,06","-0,06","-0,08",,"19,7","19,7","1,53","15,3","0,0"
15926539,home,4-1-4-1,847151,Edson Álvarez,E. Álvarez,M,"11,0",False,Mexico,"6,7","45,0",0,0,0,0,0,"19,0","21,0","90,5","2,0","4,0","1,0",0,0,,,2026-06-05 02:00:00,Int. Friendly Games,Mexico,4781,Serbia,6355,5,1,W,Serbia,home,True,México,"2,0","50,0",,,,,"1,0","1,0","2,0","1,0",,"12,0","10,0","1,0",,"4,0","0,0",,,,"27,0","1,0",,"1,0",,"8,0","75,9","0,0","1,0","1,0",,,,,"0,12","0,07","0,0",,,,"0,0","38,0","2,0"
15926539,home,4-1-4-1,815637,Alexis Vega,A. Vega,M,"9,0",False,Mexico,"6,9","32,0",0,0,0,1,2,"13,0","14,0","92,9","1,0","1,0",,0,0,,,2026-06-05 02:00:00,Int. Friendly Games,Mexico,4781,Serbia,6355,5,1,W,Serbia,home,True,México,,"100,0",,,,,,,,,"1,0","11,0","10,0","1,0",,"3,0","1,0",,,"1,0","18,0","1,0",,,,"11,0","103,8","3,0",,"1,0",,,,"-0,17","0,29","0,28","0,0",,"32,0",,"0,0","36,6","2,8"
15926539,home,4-1-4-1,795282,Guillermo Martínez,G. Martínez,F,"9,0",False,Mexico,"6,2","32,0",0,0,0,1,0,"2,0","3,0","66,7",,"2,0",,0,0,,,2026-06-05 02:00:00,Int. Friendly Games,Mexico,4781,Serbia,6355,5,1,W,Serbia,home,True,México,"2,0","0,0",,"1,0","1,0","0,0",,,,,,"2,0","1,0",,,"4,0","2,0",,,,"11,0","2,0","1,0",,,"1,0","3,6","0,0",,,,,,"-0,42","-0,03","-0,12","0,13",,"16,0",,"0,0","5,6","0,0"
15926539,home,4-1-4-1,989236,Israel Reyes,I. Reyes,D,"3,0",False,Mexico,"6,8","31,0",0,0,0,0,0,"8,0","9,0","88,9","2,0","2,0",,0,0,,,2026-06-05 02:00:00,Int. Friendly Games,Mexico,4781,Serbia,6355,5,1,W,Serbia,home,True,México,,"100,0","1,0",,"1,0","100,0","1,0","1,0",,,,"2,0","1,0","1,0",,"1,0","0,0",,,,"11,0",,,,,"3,0","16,9","0,0",,,,,,,"0,02","0,01","0,15",,,,"0,0","23,2","2,9"
15926539,home,4-1-4-1,1914576,Gilberto Mora,G. Mora,M,"19,0",False,Mexico,"6,9","31,0",0,0,0,0,1,"11,0","11,0","100,0","1,0","1,0",,0,0,,,2026-06-05 02:00:00,Int. Friendly Games,Mexico,4781,Serbia,6355,5,1,W,Serbia,home,True,México,,"100,0",,,,,,,,,"1,0","6,0","6,0","1,0",,"1,0","0,0",,,,"14,0","1,0",,,,"6,0","57,8","0,0",,"1,0",,,,,"0,28","0,05","0,13",,,,"0,0","31,9","2,9"
15926539,home,4-1-4-1,757770,Luis Chávez,L. Chávez,M,"24,0",False,Mexico,"7,6","31,0",1,0,1,1,1,"14,0","17,0","82,4",,"1,0",,0,0,,,2026-06-05 02:00:00,Int. Friendly Games,Mexico,4781,Serbia,6355,5,1,W,Serbia,home,True,México,"1,0","0,0",,"1,0","1,0","0,0",,,,,,"13,0","10,0","1,0",,"4,0","2,0",,,,"21,0",,,,,"5,0","33,0","0,0",,,,,,"0,5","0,11","0,0","-0,01",,"15,5","31,0","2,9","40,6","2,9"
15926539,home,4-1-4-1,1172773,Luis Romo,L. Romo,D,"7,0",False,Mexico,"6,6","18,0",0,0,0,0,0,"11,0","11,0","100,0",,"1,0",,0,0,,,2026-06-05 02:00:00,Int. Friendly Games,Mexico,4781,Serbia,6355,5,1,W,Serbia,home,True,México,"1,0","0,0",,,,,,,"1,0","1,0",,"2,0","2,0","2,0","1,0","1,0","0,0",,,,"13,0",,"1,0",,,"4,0","39,5","0,0",,,,,,,"0,02","0,05","0,15",,,,"0,0","55,0","10,0"
15926539,home,4-1-4-1,1638685,Mateo Chávez,M. Chávez,D,"15,0",False,Mexico,"6,9","17,0",0,0,0,0,0,"4,0","6,0","66,7","4,0","4,0","1,0",0,0,,,2026-06-05 02:00:00,Int. Friendly Games,Mexico,4781,Serbia,6355,5,1,W,Serbia,home,True,México,,"100,0",,,,,"2,0","2,0",,,"1,0","3,0","2,0","1,0",,"3,0","0,0",,,,"15,0",,,"2,0","2,0","5,0","31,8","0,0",,,,,,,"-0,04","0,02","0,13",,,,"0,0","21,2","5,3"
15926539,home,4-1-4-1,850404,Orbelín Pineda,O. Pineda,M,"13,0",False,Mexico,"6,6","17,0",0,0,0,0,0,"5,0","5,0","100,0",,,,0,0,,,2026-06-05 02:00:00,Int. Friendly Games,Mexico,4781,Serbia,6355,5,1,W,Serbia,home,True,México,,,,,,,,,,,,"4,0","4,0",,,,"0,0",,,,"5,0",,,,,"2,0","9,4","0,0",,,,,,,"-0,06","0,02","0,13",,,,"0,0","26,5","0,0"
15926539,home,4-1-4-1,15497,Guillermo Ochoa,G. Ochoa,G,"13,0",False,Mexico,,,0,0,0,0,0,,,,,,,0,0,,,2026-06-05 02:00:00,Int. Friendly Games,Mexico,4781,Serbia,6355,5,1,W,Serbia,home,True,México,,,,,,,,,,,,,,,,,"0,0",,,,,,,,,,,,,,,,,,,,,,,,,,
15926539,home,4-1-4-1,840519,Carlos Acevedo,C. Acevedo,G,"1,0",False,Mexico,,,0,0,0,0,0,,,,,,,0,0,,,2026-06-05 02:00:00,Int. Friendly Games,Mexico,4781,Serbia,6355,5,1,W,Serbia,home,True,México,,,,,,,,,,,,,,,,,"0,0",,,,,,,,,,,,,,,,,,,,,,,,,,
15926539,home,4-1-4-1,905257,César Huerta,C. Huerta,M,"21,0",False,Mexico,,,0,0,0,0,0,,,,,,,0,0,,,2026-06-05 02:00:00,Int. Friendly Games,Mexico,4781,Serbia,6355,5,1,W,Serbia,home,True,México,,,,,,,,,,,,,,,,,"0,0",,,,,,,,,,,,,,,,,,,,,,,,,,
15926539,home,4-1-4-1,1119345,Obed Vargas,O. Vargas,M,"21,0",False,Mexico,,,0,0,0,0,0,,,,,,,0,0,,,2026-06-05 02:00:00,Int. Friendly Games,Mexico,4781,Serbia,6355,5,1,W,Serbia,home,True,México,,,,,,,,,,,,,,,,,"0,0",,,,,,,,,,,,,,,,,,,,,,,,,,
15926539,home,4-1-4-1,892141,Santiago Giménez,S. Giménez,F,"7,0",False,Mexico,,,0,0,0,0,0,,,,,,,0,0,,,2026-06-05 02:00:00,Int. Friendly Games,Mexico,4781,Serbia,6355,5,1,W,Serbia,home,True,México,,,,,,,,,,,,,,,,,"0,0",,,,,,,,,,,,,,,,,,,,,,,,,,
15926539,home,4-1-4-1,1595162,Armando González,A. González,F,"34,0",False,Mexico,,,0,0,0,0,0,,,,,,,0,0,,,2026-06-05 02:00:00,Int. Friendly Games,Mexico,4781,Serbia,6355,5,1,W,Serbia,home,True,México,,,,,,,,,,,,,,,,,"0,0",,,,,,,,,,,,,,,,,,,,,,,,,,
15926539,away,4-2-3-1,986355,Filip Stanković,F. Stanković,G,"1,0",True,Serbia,"6,7","61,0",0,0,0,0,0,"13,0","20,0","65,0",,,,0,0,,,2026-06-05 02:00:00,Int. Friendly Games,Mexico,4781,Serbia,6355,5,1,W,Serbia,home,False,México,,,,,,,,,,,,,,,,,"0,0",,,,,,,,,,,,,,,,,,,,,,,,"0,0","19,2","0,0"
15926539,away,4-2-3-1,1147544,Vukašin Đurđević,V. Đurđević,D,"24,0",True,Serbia,"5,8","75,0",0,0,0,0,0,"21,0","25,0","84,0","3,0",,,0,0,,,2026-06-05 02:00:00,Int. Friendly Games,Mexico,4781,Serbia,6355,5,1,W,Serbia,home,False,México,,,,,,,,,,,,,,,,,"0,0",,,,,,,,,,,,,,,,,,,,,,,,"0,0","25,2","0,0"
15926539,away,4-2-3-1,940827,Strahinja Eraković,S. Eraković,D,"25,0",True,Serbia,"5,9","79,0",0,0,0,0,0,"35,0","37,0","94,6","1,0",,,0,0,,,2026-06-05 02:00:00,Int. Friendly Games,Mexico,4781,Serbia,6355,5,1,W,Serbia,home,False,México,,,,,,,,,,,,,,,,,"0,0",,,,,,,,,,,,,,,,,,,,,,,,"0,0","39,9","0,0"
15926539,away,4-2-3-1,1427163,Nikola Simic,N. Simić,D,"40,0",True,Serbia,"6,0","75,0",0,0,0,0,0,"28,0","30,0","93,3","3,0",,"1,0",0,0,,,2026-06-05 02:00:00,Int. Friendly Games,Mexico,4781,Serbia,6355,5,1,W,Serbia,home,False,México,,,,,,,,,,,,,,,,,"0,0",,,,,,,,,,,,,,,,,,,,,,,,"0,0","33,6","0,0"
15926539,away,4-2-3-1,1152947,Stefan Bukinac,S. Bukinac,D,"33,0",True,Serbia,"5,3","61,0",0,0,0,1,0,"6,0","6,0","100,0","3,0",,,0,0,,,2026-06-05 02:00:00,Int. Friendly Games,Mexico,4781,Serbia,6355,5,1,W,Serbia,home,False,México,,,,,,,,,,,,,,,,,"1,0",,,,,,,,,,,,,,,,,,,,,,"61,0",,"0,0","8,9","0,0"
15926539,away,4-2-3-1,1153957,Aleksandar Stanković,A. Stanković,M,"25,0",True,Serbia,"6,7","75,0",0,0,0,0,1,"35,0","39,0","89,7","3,0",,"1,0",0,0,,,2026-06-05 02:00:00,Int. Friendly Games,Mexico,4781,Serbia,6355,5,1,W,Serbia,home,False,México,,,,,,,,,,,,,,,,,"0,0",,,,,,,,,,,,,,,,,,,,,,,,"0,0","42,0","0,0"
15926539,away,4-2-3-1,1500276,Vanja Dragojević,V. Dragojevic,M,"6,0",True,Serbia,"6,1","61,0",0,0,0,0,0,"11,0","12,0","91,7",,,"3,0",0,0,,,2026-06-05 02:00:00,Int. Friendly Games,Mexico,4781,Serbia,6355,5,1,W,Serbia,home,False,México,,,,,,,,,,,,,,,,,"0,0",,,,,,,,,,,,,,,,,,,,,,,,"0,0","16,2","0,0"
15926539,away,4-2-3-1,938000,Lazar Ranđelović,L. Ranđelović,M,"77,0",True,Serbia,"6,6","45,0",0,0,0,0,0,"3,0","4,0","75,0","3,0",,,0,0,,,2026-06-05 02:00:00,Int. Friendly Games,Mexico,4781,Serbia,6355,5,1,W,Serbia,home,False,México,,,,,,,,,,,,,,,,,"0,0",,,,,,,,,,,,,,,,,,,,,,,,"0,0","6,0","0,0"
15926539,away,4-2-3-1,1128120,Petar Stanić,P. Stanić,M,"14,0",True,Serbia,"7,4","45,0",1,0,1,0,0,"5,0","7,0","71,4","2,0",,,0,0,,,2026-06-05 02:00:00,Int. Friendly Games,Mexico,4781,Serbia,6355,5,1,W,Serbia,home,False,México,,,,,,,,,,,,,,,,,"1,0",,,,,,,,,,,,,,,,,,,,,,"45,0","45,0","2,0","10,0","0,0"
15926539,away,4-2-3-1,1029788,Vladimir Lučić,V. Lučić,M,"37,0",True,Serbia,"6,0","79,0",0,0,0,0,0,"19,0","27,0","70,4","4,0",,"3,0",0,0,,,2026-06-05 02:00:00,Int. Friendly Games,Mexico,4781,Serbia,6355,5,1,W,Serbia,home,False,México,,,,,,,,,,,,,,,,,"0,0",,,,,,,,,,,,,,,,,,,,,,,,"0,0","21,6","0,0"
15926539,away,4-2-3-1,1029748,Nikola Štulić,N. Štulić,F,"9,0",True,Serbia,"6,7","45,0",0,0,0,0,0,"5,0","7,0","71,4","5,0",,,0,0,,,2026-06-05 02:00:00,Int. Friendly Games,Mexico,4781,Serbia,6355,5,1,W,Serbia,home,False,México,,,,,,,,,,,,,,,,,"0,0",,,,,,,,,,,,,,,,,,,,,,,,"0,0","10,0","0,0"
15926539,away,4-2-3-1,892635,Dejan Zukić,D. Zukić,F,"20,0",False,Serbia,"6,4","45,0",0,0,0,0,0,"11,0","11,0","100,0","2,0",,,0,0,,,2026-06-05 02:00:00,Int. Friendly Games,Mexico,4781,Serbia,6355,5,1,W,Serbia,home,False,México,,,,,,,,,,,,,,,,,"0,0",,,,,,,,,,,,,,,,,,,,,,,,"0,0","22,0","0,0"
15926539,away,4-2-3-1,831510,Veljko Birmančević,V. Birmančević,F,"20,0",False,Serbia,"6,5","45,0",0,0,0,0,1,"4,0","7,0","57,1","3,0",,,0,0,,,2026-06-05 02:00:00,Int. Friendly Games,Mexico,4781,Serbia,6355,5,1,W,Serbia,home,False,México,,,,,,,,,,,,,,,,,"0,0",,,,,,,,,,,,,,,,,,,,,,,,"0,0","8,0","0,0"
15926539,away,4-2-3-1,1165838,Mihailo Ivanović,M. Ivanović,F,"9,0",False,Serbia,"6,5","45,0",0,0,0,1,0,"6,0","8,0","75,0",,,,0,0,,,2026-06-05 02:00:00,Int. Friendly Games,Mexico,4781,Serbia,6355,5,1,W,Serbia,home,False,México,,,,,,,,,,,,,,,,,"1,0",,,,,,,,,,,,,,,,,,,,,,"45,0",,"0,0","12,0","0,0"
15926539,away,4-2-3-1,1132010,Veljko Ilić,V. Ilić,G,"30,0",False,Serbia,"6,1","29,0",0,0,0,0,0,"3,0","5,0","60,0",,,,0,0,,,2026-06-05 02:00:00,Int. Friendly Games,Mexico,4781,Serbia,6355,5,1,W,Serbia,home,False,México,,,,,,,,,,,,,,,,,"0,0",,,,,,,,,,,,,,,,,,,,,,,,"0,0","9,3","0,0"
15926539,away,4-2-3-1,1493918,Adem Avdić,A. Avdić,D,"71,0",False,Serbia,"5,5","29,0",0,0,0,0,0,"1,0","2,0","50,0","3,0",,,0,0,,,2026-06-05 02:00:00,Int. Friendly Games,Mexico,4781,Serbia,6355,5,1,W,Serbia,home,False,México,,,,,,,,,,,,,,,,,"0,0",,,,,,,,,,,,,,,,,,,,,,,,"0,0","3,1","0,0"
15926539,away,4-2-3-1,844179,Njegoš Petrović,N. Petrović,M,"18,0",False,Serbia,"6,5","29,0",0,0,0,0,0,"15,0","18,0","83,3",,,"1,0",0,0,,,2026-06-05 02:00:00,Int. Friendly Games,Mexico,4781,Serbia,6355,5,1,W,Serbia,home,False,México,,,,,,,,,,,,,,,,,"0,0",,,,,,,,,,,,,,,,,,,,,,,,"0,0","46,6","0,0"
15926539,away,4-2-3-1,1500275,Petar Petrović,P. Petrović,D,"21,0",False,Serbia,"6,4","15,0",0,0,0,0,0,"12,0","13,0","92,3",,,"1,0",0,0,,,2026-06-05 02:00:00,Int. Friendly Games,Mexico,4781,Serbia,6355,5,1,W,Serbia,home,False,México,,,,,,,,,,,,,,,,,"0,0",,,,,,,,,,,,,,,,,,,,,,,,"0,0","72,0","0,0"
15926539,away,4-2-3-1,1146274,Ognjen Mimović,O. Mimović,D,"21,0",False,Serbia,"6,0","15,0",0,0,0,0,0,"6,0","7,0","85,7",,,,0,0,,,2026-06-05 02:00:00,Int. Friendly Games,Mexico,4781,Serbia,6355,5,1,W,Serbia,home,False,México,,,,,,,,,,,,,,,,,"0,0",,,,,,,,,,,,,,,,,,,,,,,,"0,0","36,0","0,0"
15926539,away,4-2-3-1,1825955,Vasilije Kostov,V. Kostov,M,"22,0",False,Serbia,"6,4","15,0",0,0,0,0,0,"4,0","5,0","80,0",,,,0,0,,,2026-06-05 02:00:00,Int. Friendly Games,Mexico,4781,Serbia,6355,5,1,W,Serbia,home,False,México,,,,,,,,,,,,,,,,,"0,0",,,,,,,,,,,,,,,,,,,,,,,,"0,0","24,0","0,0"
15926539,away,4-2-3-1,1001880,Mirko Milikić,M. Milikić,D,"6,0",False,Serbia,"6,4","11,0",0,0,0,0,0,"7,0","8,0","87,5","1,0",,,0,0,,,2026-06-05 02:00:00,Int. Friendly Games,Mexico,4781,Serbia,6355,5,1,W,Serbia,home,False,México,,,,,,,,,,,,,,,,,"0,0",,,,,,,,,,,,,,,,,,,,,,,,"0,0","57,3","0,0"
15926539,away,4-2-3-1,1152923,Kosta Nedeljković,K. Nedeljković,D,"19,0",False,Serbia,"6,3","11,0",0,0,0,0,0,"4,0","4,0","100,0",,,"1,0",0,0,,,2026-06-05 02:00:00,Int. Friendly Games,Mexico,4781,Serbia,6355,5,1,W,Serbia,home,False,México,,,,,,,,,,,,,,,,,"0,0",,,,,,,,,,,,,,,,,,,,,,,,"0,0","32,7","0,0"
15926539,away,4-2-3-1,1152919,Luka Lijeskić,L. Lijeskić,G,"81,0",False,Serbia,,,0,0,0,0,0,,,,,,,0,0,,,2026-06-05 02:00:00,Int. Friendly Games,Mexico,4781,Serbia,6355,5,1,W,Serbia,home,False,México,,,,,,,,,,,,,,,,,"0,0",,,,,,,,,,,,,,,,,,,,,,,,,,
15926539,away,4-2-3-1,1406171,Andrija Maksimović,A. Maksimović,M,"33,0",False,Serbia,,,0,0,0,0,0,,,,,,,0,0,,,2026-06-05 02:00:00,Int. Friendly Games,Mexico,4781,Serbia,6355,5,1,W,Serbia,home,False,México,,,,,,,,,,,,,,,,,"0,0",,,,,,,,,,,,,,,,,,,,,,,,,,
15891671,home,4-2-3-1,990408,Raúl Rangel,R. Rangel,G,"1,0",True,Mexico,"6,7","45,0",0,0,0,0,0,"17,0","18,0","94,4",,,,0,0,,,2026-05-31 02:00:00,Int. Friendly Games,Mexico,4781,Australia,4741,1,0,W,Australia,home,True,México,,,,,,,,,"4,0","3,0",,"2,0","1,0","2,0","1,0","1,0","0,0",,,,"21,0",,,,,"1,0","5,3","0,0",,,,,,,"0,01","0,0","0,19",,,,"0,0","34,0","4,0"
15891671,home,4-2-3-1,832868,Jorge Sánchez,J. Sánchez,D,"35,0",True,Mexico,"6,7","45,0",0,0,0,0,0,"45,0","49,0","91,8","1,0","2,0",,0,0,,,2026-05-31 02:00:00,Int. Friendly Games,Mexico,4781,Australia,4741,1,0,W,Australia,home,True,México,"1,0","50,0",,"1,0","1,0","0,0","1,0",,"2,0","1,0","1,0","17,0","13,0","4,0","1,0","5,0","0,0",,,,"61,0",,,,,"7,0","45,3","0,0",,,,,,,"-0,07","-0,07","0,13",,,,"0,0","90,0","8,0"
15891671,home,4-2-3-1,847151,Edson Álvarez,E. Álvarez,M,"11,0",True,Mexico,"7,0","60,0",0,0,0,0,1,"75,0","77,0","97,4","2,0","2,0","1,0",0,0,,,2026-05-31 02:00:00,Int. Friendly Games,Mexico,4781,Australia,4741,1,0,W,Australia,home,True,México,,"100,0","1,0",,"1,0","100,0",,,"4,0","2,0",,"26,0","24,0","1,0","5,0","3,0","0,0",,,,"91,0","1,0",,,,"28,0","279,4","0,0",,"1,0",,,,,"0,11","0,16","0,19",,,,"0,0","112,5","1,5"
15891671,home,4-2-3-1,889785,Johan Vásquez,J. Vásquez,D,"22,0",True,Mexico,"8,0","74,0",1,0,1,0,0,"87,0","92,0","94,6","2,0","5,0",,0,0,,,2026-05-31 02:00:00,Int. Friendly Games,Mexico,4781,Australia,4741,1,0,W,Australia,home,True,México,"3,0","40,0","1,0","1,0","2,0","50,0","1,0","1,0","5,0","1,0",,"17,0","14,0","3,0","2,0","5,0","2,0",,,,"102,0",,,,,"30,0","228,1","1,0","2,0",,,,,"0,5","0,05","0,1","0,23",,"37,0","74,0","1,22","105,8","3,6"
15891671,home,4-2-3-1,1638685,Mateo Chávez,M. Chávez,D,"15,0",True,Mexico,"6,8","60,0",0,0,0,0,0,"33,0","36,0","91,7","5,0","9,0",,0,0,,,2026-05-31 02:00:00,Int. Friendly Games,Mexico,4781,Australia,4741,1,0,W,Australia,home,True,México,"4,0","55,6","1,0","1,0","2,0","50,0","2,0","2,0",,,"4,0","18,0","16,0","3,0","1,0","10,0","0,0",,,,"54,0","1,0","1,0","2,0",,"14,0","102,6","1,0",,"2,0","1,0",,,,"0,09","0,08","-0,1",,,,"0,0","49,5","4,5"
15891671,home,4-2-3-1,1172773,Luis Romo,L. Romo,D,"7,0",True,Mexico,"7,2","74,0",0,0,0,0,1,"50,0","55,0","90,9","1,0","1,0",,0,0,,,2026-05-31 02:00:00,Int. Friendly Games,Mexico,4781,Australia,4741,1,0,W,Australia,home,True,México,,"100,0",,,,,"1,0",,"4,0","3,0",,"23,0","20,0","1,0","1,0","6,0","1,0",,,,"62,0",,,,,"6,0","38,2","0,0",,,,,,"-0,08","0,26","0,01","0,33",,"74,0",,"0,0","60,8","1,2"
15891671,home,4-2-3-1,757770,Luis Chávez,L. Chávez,M,"24,0",True,Mexico,"6,7","60,0",0,0,0,1,1,"41,0","44,0","93,2","1,0","4,0",,0,0,,,2026-05-31 02:00:00,Int. Friendly Games,Mexico,4781,Australia,4741,1,0,W,Australia,home,True,México,"3,0","25,0",,"2,0","2,0","0,0","1,0","1,0","3,0","2,0","5,0","27,0","24,0","2,0","1,0","8,0","3,0",,"1,0",,"58,0","1,0",,"1,0",,"14,0","140,9","2,0",,,,,,"-0,13","0,24","0,07","0,16",,"20,0",,"0,0","61,5","3,0"
15891671,home,4-2-3-1,850404,Orbelín Pineda,O. Pineda,M,"13,0",True,Mexico,"6,4","45,0",0,0,0,0,0,"15,0","17,0","88,2","2,0","6,0",,0,0,,,2026-05-31 02:00:00,Int. Friendly Games,Mexico,4781,Australia,4741,1,0,W,Australia,home,True,México,"4,0","33,3",,"1,0","1,0","0,0","1,0","1,0","1,0","1,0","1,0","8,0","7,0",,,"10,0","0,0",,,,"28,0","4,0",,"2,0",,"8,0","62,2","1,0",,"1,0",,,,,"-0,12","0,03","-0,05",,,,"0,0","30,0","0,0"
15891671,home,4-2-3-1,838629,Álvaro Fidalgo,Á. Fidalgo,M,"15,0",True,Mexico,"6,7","60,0",0,0,1,0,1,"23,0","25,0","92,0","1,0","1,0","1,0",0,0,,,2026-05-31 02:00:00,Int. Friendly Games,Mexico,4781,Australia,4741,1,0,W,Australia,home,True,México,,"100,0",,,,,,,,,,"13,0","12,0",,,"3,0","3,0",,,,"33,0",,,,,"11,0","74,2","0,0",,"1,0",,,,"-0,09","-0,02","0,08","0,13",,"20,0","60,0","0,0","34,5","0,0"
15891671,home,4-2-3-1,815637,Alexis Vega,A. Vega,M,"9,0",True,Mexico,"6,9","60,0",0,1,1,0,3,"35,0","39,0","89,7",,"1,0",,0,0,,,2026-05-31 02:00:00,Int. Friendly Games,Mexico,4781,Australia,4741,1,0,W,Australia,home,True,México,"1,0","0,0",,"1,0","1,0","0,0",,,,,"4,0","29,0","26,0","1,0","2,0","6,0","2,0","1,0",,,"48,0",,,,,"15,0","116,7","2,0",,,,,,"-0,13","0,32","0,07","0,22",,"30,0","60,0","1,5","52,5","1,5"
15891671,home,4-2-3-1,795282,Guillermo Martínez,G. Martínez,F,"9,0",True,Mexico,"6,4","45,0",0,0,0,0,0,"4,0","5,0","80,0","1,0","5,0",,0,0,,,2026-05-31 02:00:00,Int. Friendly Games,Mexico,4781,Australia,4741,1,0,W,Australia,home,True,México,"4,0","20,0","1,0","3,0","4,0","25,0",,,,,,"2,0","1,0","3,0",,"3,0","0,0",,,,"9,0","1,0","1,0",,,"2,0","12,4","0,0",,,"1,0",,,,"0,0","0,05","0,13",,,,"0,0","8,0","6,0"
15891671,home,4-2-3-1,15497,Guillermo Ochoa,G. Ochoa,G,"13,0",False,Mexico,"6,6","45,0",0,0,0,0,0,"10,0","18,0","55,6",,,,0,0,,,2026-05-31 02:00:00,Int. Friendly Games,Mexico,4781,Australia,4741,1,0,W,Australia,home,True,México,,,,,,,,,"9,0","1,0",,"9,0","1,0","2,0","1,0","8,0","0,0",,,,"23,0",,,,,"4,0","20,8","0,0",,,,"1,0","0,3999",,"0,02","0,0","-0,01","0,36",,,"0,0","20,0","4,0"
15891671,home,4-2-3-1,989236,Israel Reyes,I. Reyes,D,"3,0",False,Mexico,"7,5","45,0",0,0,0,0,0,"21,0","22,0","95,5","5,0","6,0","1,0",0,0,,,2026-05-31 02:00:00,Int. Friendly Games,Mexico,4781,Australia,4741,1,0,W,Australia,home,True,México,"1,0","83,3","3,0",,"3,0","100,0","1,0","1,0","2,0","2,0",,"7,0","7,0","3,0","3,0","1,0","0,0",,,,"33,0",,,"1,0","1,0","6,0","57,0","0,0","1,0","1,0",,,,,"0,06","0,1","0,52",,,,"0,0","42,0","6,0"
15891671,home,4-2-3-1,905257,César Huerta,C. Huerta,M,"21,0",False,Mexico,"6,5","45,0",0,0,0,0,0,"6,0","9,0","66,7","2,0","4,0",,0,0,,,2026-05-31 02:00:00,Int. Friendly Games,Mexico,4781,Australia,4741,1,0,W,Australia,home,True,México,"2,0","50,0","1,0",,"1,0","100,0","1,0","1,0",,,,"5,0","2,0","2,0","3,0","8,0","0,0",,,,"20,0","3,0",,"1,0",,"5,0","28,0","0,0","1,0",,"1,0",,,,"-0,04","0,06","0,2",,,,"0,0","12,0","4,0"
15891671,home,4-2-3-1,892141,Santiago Giménez,S. Giménez,F,"7,0",False,Mexico,"6,6","45,0",0,0,0,1,0,"2,0","4,0","50,0","4,0","7,0",,0,0,,,2026-05-31 02:00:00,Int. Friendly Games,Mexico,4781,Australia,4741,1,0,W,Australia,home,True,México,"3,0","57,1","3,0","3,0","6,0","50,0",,,,,,"3,0","2,0","2,0","1,0","5,0","1,0",,,,"12,0","2,0",,,,"2,0","23,0","1,0",,"1,0",,,,"-0,52","-0,03","0,06","0,14",,"45,0",,"0,0","4,0","4,0"
15891671,home,4-2-3-1,944068,Erik Lira,E. Lira,D,"6,0",False,Mexico,"6,9","30,0",0,0,0,0,0,"18,0","20,0","90,0","3,0","3,0","1,0",0,0,,,2026-05-31 02:00:00,Int. Friendly Games,Mexico,4781,Australia,4741,1,0,W,Australia,home,True,México,,"100,0",,,,,"1,0","1,0","1,0",,,"7,0","5,0","4,0",,"2,0","0,0",,,,"25,0",,,,,"5,0","45,1","0,0",,"2,0",,,,,"0,11","-0,01","0,16",,,,"0,0","54,0","12,0"
15891671,home,4-2-3-1,818406,César Montes,C. Montes,D,"23,0",False,Mexico,"6,8","30,0",0,0,0,0,0,"16,0","20,0","80,0","2,0","4,0",,0,0,,,2026-05-31 02:00:00,Int. Friendly Games,Mexico,4781,Australia,4741,1,0,W,Australia,home,True,México,"2,0","50,0","2,0",,"2,0","100,0",,,"2,0","1,0",,"6,0","3,0",,"4,0","5,0","0,0",,,,"25,0",,,,,"6,0","42,4","0,0","2,0",,,,,,"-0,02","0,02","0,2",,,,"0,0","48,0","0,0"
15891671,home,4-2-3-1,770253,Jesús Gallardo,J. Gallardo,D,"20,0",False,Mexico,"6,8","30,0",0,0,0,0,1,"11,0","17,0","64,7",,"2,0",,0,0,,,2026-05-31 02:00:00,Int. Friendly Games,Mexico,4781,Australia,4741,1,0,W,Australia,home,True,México,"2,0","0,0",,"1,0","1,0","0,0",,,,,"1,0","6,0","3,0","2,0","1,0","6,0","0,0",,,,"25,0",,,,,"7,0","40,0","0,0","1,0",,,,,,"0,28","0,07","0,14",,,,"0,0","33,0","6,0"
15891671,home,4-2-3-1,1914576,Gilberto Mora,G. Mora,M,"19,0",False,Mexico,"6,6","30,0",0,0,0,0,0,"10,0","11,0","90,9","2,0","4,0",,0,0,,,2026-05-31 02:00:00,Int. Friendly Games,Mexico,4781,Australia,4741,1,0,W,Australia,home,True,México,"2,0","50,0",,,,,"1,0","1,0","1,0",,,"5,0","4,0","1,0",,"3,0","1,0",,,,"18,0","1,0","1,0",,,"7,0","66,7","0,0",,"1,0","1,0",,,"0,0","-0,02","0,05","-0,04",,"30,0",,"0,0","30,0","3,0"
15891671,home,4-2-3-1,843114,Julián Quiñones,J. Quiñones,F,"33,0",False,Mexico,"6,3","30,0",0,0,0,0,0,"9,0","10,0","90,0","1,0","7,0",,0,0,,,2026-05-31 02:00:00,Int. Friendly Games,Mexico,4781,Australia,4741,1,0,W,Australia,home,True,México,"6,0","14,3",,"1,0","1,0","0,0",,,,,,"5,0","4,0",,,"7,0","0,0",,,,"17,0",,"3,0","3,0","1,0","7,0","79,5","1,0",,,,,,,"-0,03","0,05","-0,01",,,,"0,0","27,0","0,0"
15891671,home,4-2-3-1,972391,Jesús Gómez,J. Gómez,D,"6,0",False,Mexico,"6,6","16,0",0,0,0,0,0,"9,0","10,0","90,0",,,,0,0,,,2026-05-31 02:00:00,Int. Friendly Games,Mexico,4781,Australia,4741,1,0,W,Australia,home,True,México,,,,,,,,,"1,0",,,"1,0","1,0",,,"1,0","0,0",,,,"11,0",,,,,"5,0","36,7","0,0",,,,,,,"0,0","0,0","0,0",,,,"0,0","50,6","0,0"
15891671,home,4-2-3-1,1119345,Obed Vargas,O. Vargas,M,"21,0",False,Mexico,"6,5","16,0",0,0,0,0,0,"4,0","5,0","80,0",,"1,0",,0,0,,,2026-05-31 02:00:00,Int. Friendly Games,Mexico,4781,Australia,4741,1,0,W,Australia,home,True,México,"1,0","0,0",,,,,,,,,,"4,0","3,0","1,0",,"1,0","0,0",,,,"5,0",,,,,"3,0","24,1","0,0",,,,,,,"-0,04","0,1","-0,02",,,,"0,0","22,5","5,6"
15891671,home,4-2-3-1,840519,Carlos Acevedo,C. Acevedo,G,"1,0",False,Mexico,,,0,0,0,0,0,,,,,,,0,0,,,2026-05-31 02:00:00,Int. Friendly Games,Mexico,4781,Australia,4741,1,0,W,Australia,home,True,México,,,,,,,,,,,,,,,,,"0,0",,,,,,,,,,,,,,,,,,,,,,,,,,
15891671,home,4-2-3-1,942708,Kevin Castañeda,K. Castañeda,M,"10,0",False,Mexico,,,0,0,0,0,0,,,,,,,0,0,,,2026-05-31 02:00:00,Int. Friendly Games,Mexico,4781,Australia,4741,1,0,W,Australia,home,True,México,,,,,,,,,,,,,,,,,"0,0",,,,,,,,,,,,,,,,,,,,,,,,,,
15891671,home,4-2-3-1,1023088,Brian Gutiérrez,B. Gutiérrez,M,"11,0",False,Mexico,,,0,0,0,0,0,,,,,,,0,0,,,2026-05-31 02:00:00,Int. Friendly Games,Mexico,4781,Australia,4741,1,0,W,Australia,home,True,México,,,,,,,,,,,,,,,,,"0,0",,,,,,,,,,,,,,,,,,,,,,,,,,
15891671,home,4-2-3-1,1595162,Armando González,A. González,F,"34,0",False,Mexico,,,0,0,0,0,0,,,,,,,0,0,,,2026-05-31 02:00:00,Int. Friendly Games,Mexico,4781,Australia,4741,1,0,W,Australia,home,True,México,,,,,,,,,,,,,,,,,"0,0",,,,,,,,,,,,,,,,,,,,,,,,,,
15891671,away,5-4-1,134029,Mathew Ryan,M. Ryan,G,"13,0",True,Australia,"6,4","90,0",0,0,0,0,0,"15,0","20,0","75,0",,,,0,0,,,2026-05-31 02:00:00,Int. Friendly Games,Mexico,4781,Australia,4741,1,0,W,Australia,home,False,México,,,,,,,,,,,,,,,,,"0,0",,,,,,,,,,,,,,,,,,,,,,,,"0,0","15,0","0,0"
15891671,away,5-4-1,907217,Jacob Italiano,J. Italiano,M,"23,0",True,Australia,"6,1","67,0",0,0,0,0,0,"10,0","14,0","71,4","4,0",,,0,0,,,2026-05-31 02:00:00,Int. Friendly Games,Mexico,4781,Australia,4741,1,0,W,Australia,home,False,México,,,,,,,,,,,,,,,,,"0,0",,,,,,,,,,,,,,,,,,,,,,,,"0,0","13,4","0,0"
15891671,away,5-4-1,1155423,Alessandro Circati,A. Circati,D,"39,0",True,Australia,"6,8","90,0",0,0,0,0,0,"46,0","59,0","78,0","7,0",,"1,0",0,0,,,2026-05-31 02:00:00,Int. Friendly Games,Mexico,4781,Australia,4741,1,0,W,Australia,home,False,México,,,,,,,,,,,,,,,,,"0,0",,,,,,,,,,,,,,,,,,,,,,,,"0,0","46,0","0,0"
15891671,away,5-4-1,808680,Harry Souttar,H. Souttar,D,"15,0",True,Australia,"6,9","90,0",0,0,0,0,1,"52,0","62,0","83,9","7,0",,,0,0,,,2026-05-31 02:00:00,Int. Friendly Games,Mexico,4781,Australia,4741,1,0,W,Australia,home,False,México,,,,,,,,,,,,,,,,,"0,0",,,,,,,,,,,,,,,,,,,,,,,,"0,0","52,0","0,0"
15891671,away,5-4-1,1646783,Lucas Herrington,L. Herrington,D,"22,0",True,Australia,"6,5","89,0",0,0,0,0,1,"53,0","56,0","94,6","1,0",,,0,0,,,2026-05-31 02:00:00,Int. Friendly Games,Mexico,4781,Australia,4741,1,0,W,Australia,home,False,México,,,,,,,,,,,,,,,,,"0,0",,,,,,,,,,,,,,,,,,,,,,,,"0,0","53,6","0,0"
15891671,away,5-4-1,1144138,Jordan Bos,J. Bos,D,"15,0",True,Australia,"6,4","80,0",0,0,0,0,0,"19,0","23,0","82,6","4,0",,,0,0,,,2026-05-31 02:00:00,Int. Friendly Games,Mexico,4781,Australia,4741,1,0,W,Australia,home,False,México,,,,,,,,,,,,,,,,,"0,0",,,,,,,,,,,,,,,,,,,,,,,,"0,0","21,4","0,0"
15891671,away,5-4-1,122570,Mathew Leckie,M. Leckie,M,"7,0",True,Australia,"6,6","67,0",0,0,0,0,0,"5,0","10,0","50,0","4,0",,,0,0,,,2026-05-31 02:00:00,Int. Friendly Games,Mexico,4781,Australia,4741,1,0,W,Australia,home,False,México,,,,,,,,,,,,,,,,,"0,0",,,,,,,,,,,,,,,,,,,,,,,,"0,0","6,7","0,0"
15891671,away,5-4-1,181581,Jackson Irvine,J. Irvine,M,"7,0",True,Australia,"6,9","89,0",0,0,0,1,0,"29,0","33,0","87,9","5,0",,"1,0",0,0,,,2026-05-31 02:00:00,Int. Friendly Games,Mexico,4781,Australia,4741,1,0,W,Australia,home,False,México,,,,,,,,,,,,,,,,,"1,0",,,,,,,,,,,,,,,,,,,,,,"89,0",,"0,0","29,3","0,0"
15891671,away,5-4-1,847938,Aiden O'Neill,A. O'Neill,M,"21,0",True,Australia,"6,8","67,0",0,0,1,0,0,"24,0","27,0","88,9","1,0",,,0,0,,,2026-05-31 02:00:00,Int. Friendly Games,Mexico,4781,Australia,4741,1,0,W,Australia,home,False,México,,,,,,,,,,,,,,,,,"1,0",,,,,,,,,,,,,,,,,,,,,,"67,0","67,0","0,0","32,2","0,0"
15891671,away,5-4-1,888854,Connor Metcalfe,C. Metcalfe,M,"24,0",True,Australia,"6,6","67,0",0,0,0,0,0,"8,0","15,0","53,3","1,0",,,0,0,,,2026-05-31 02:00:00,Int. Friendly Games,Mexico,4781,Australia,4741,1,0,W,Australia,home,False,México,,,,,,,,,,,,,,,,,"0,0",,,,,,,,,,,,,,,,,,,,,,,,"0,0","10,7","0,0"
15891671,away,5-4-1,1019061,Mohamed Touré,M. Touré,F,"37,0",True,Australia,"6,4","80,0",0,0,0,1,0,"6,0","9,0","66,7","2,0",,,0,0,,,2026-05-31 02:00:00,Int. Friendly Games,Mexico,4781,Australia,4741,1,0,W,Australia,home,False,México,,,,,,,,,,,,,,,,,"1,0",,,,,,,,,,,,,,,,,,,,,,"80,0",,"0,0","6,8","0,0"
15891671,away,5-4-1,991364,Kai Trewin,K. Trewin,M,"5,0",False,Australia,"6,8","23,0",0,0,0,0,1,"15,0","17,0","88,2","1,0",,,0,0,,,2026-05-31 02:00:00,Int. Friendly Games,Mexico,4781,Australia,4741,1,0,W,Australia,home,False,México,,,,,,,,,,,,,,,,,"0,0",,,,,,,,,,,,,,,,,,,,,,,,"0,0","58,7","0,0"
15891671,away,5-4-1,788284,Ajdin Hrustić,A. Hrustić,M,"8,0",False,Australia,"6,8","23,0",0,0,0,0,1,"14,0","14,0","100,0",,,,0,0,,,2026-05-31 02:00:00,Int. Friendly Games,Mexico,4781,Australia,4741,1,0,W,Australia,home,False,México,,,,,,,,,,,,,,,,,"0,0",,,,,,,,,,,,,,,,,,,,,,,,"0,0","54,8","0,0"
15891671,away,5-4-1,1411105,Paul Okon-Engstler,P. Okon-Engstler,M,"24,0",False,Australia,"6,6","23,0",0,0,0,0,0,"18,0","22,0","81,8","1,0",,,0,0,,,2026-05-31 02:00:00,Int. Friendly Games,Mexico,4781,Australia,4741,1,0,W,Australia,home,False,México,,,,,,,,,,,,,,,,,"0,0",,,,,,,,,,,,,,,,,,,,,,,,"0,0","70,4","0,0"
15891671,away,5-4-1,1118467,Nishan Velupillay,N. Velupillay,M,"17,0",False,Australia,"6,3","23,0",0,0,0,0,0,"6,0","9,0","66,7",,,,0,0,,,2026-05-31 02:00:00,Int. Friendly Games,Mexico,4781,Australia,4741,1,0,W,Australia,home,False,México,,,,,,,,,,,,,,,,,"0,0",,,,,,,,,,,,,,,,,,,,,,,,"0,0","23,5","0,0"
15891671,away,5-4-1,576220,Aziz Behich,A. Behich,D,"16,0",False,Australia,"6,6","10,0",0,0,0,0,0,"3,0","4,0","75,0",,,,0,0,,,2026-05-31 02:00:00,Int. Friendly Games,Mexico,4781,Australia,4741,1,0,W,Australia,home,False,México,,,,,,,,,,,,,,,,,"0,0",,,,,,,,,,,,,,,,,,,,,,,,"0,0","27,0","0,0"
15891671,away,5-4-1,1144687,Nestory Irankunda,N. Irankunda,F,"66,0",False,Australia,"6,2","10,0",0,0,0,1,0,"4,0","4,0","100,0","1,0",,,0,0,,,2026-05-31 02:00:00,Int. Friendly Games,Mexico,4781,Australia,4741,1,0,W,Australia,home,False,México,,,,,,,,,,,,,,,,,"1,0",,,,,,,,,,,,,,,,,,,,,,"10,0",,"0,0","36,0","0,0"
15891671,away,5-4-1,358084,Cameron Burgess,C. Burgess,D,"15,0",False,Australia,,"1,0",0,0,0,0,0,"10,0","11,0","90,9",,,,0,0,,,2026-05-31 02:00:00,Int. Friendly Games,Mexico,4781,Australia,4741,1,0,W,Australia,home,False,México,,,,,,,,,,,,,,,,,"0,0",,,,,,,,,,,,,,,,,,,,,,,,"0,0","900,0","0,0"
15891671,away,5-4-1,307082,Awer Mabil,A. Mabil,M,"7,0",False,Australia,,"1,0",0,0,0,0,0,"1,0","2,0","50,0",,,,0,0,,,2026-05-31 02:00:00,Int. Friendly Games,Mexico,4781,Australia,4741,1,0,W,Australia,home,False,México,,,,,,,,,,,,,,,,,"0,0",,,,,,,,,,,,,,,,,,,,,,,,"0,0","90,0","0,0"
15891671,away,5-4-1,1177240,Patrick Beach,P. Beach,G,"1,0",False,Australia,,,0,0,0,0,0,,,,,,,0,0,,,2026-05-31 02:00:00,Int. Friendly Games,Mexico,4781,Australia,4741,1,0,W,Australia,home,False,México,,,,,,,,,,,,,,,,,"0,0",,,,,,,,,,,,,,,,,,,,,,,,,,
15891671,away,5-4-1,155925,Paul Izzo,P. Izzo,G,"1,0",False,Australia,,,0,0,0,0,0,,,,,,,0,0,,,2026-05-31 02:00:00,Int. Friendly Games,Mexico,4781,Australia,4741,1,0,W,Australia,home,False,México,,,,,,,,,,,,,,,,,"0,0",,,,,,,,,,,,,,,,,,,,,,,,,,
15891671,away,5-4-1,155961,Miloš Degenek,M. Degenek,D,"5,0",False,Australia,,,0,0,0,0,0,,,,,,,0,0,,,2026-05-31 02:00:00,Int. Friendly Games,Mexico,4781,Australia,4741,1,0,W,Australia,home,False,México,,,,,,,,,,,,,,,,,"0,0",,,,,,,,,,,,,,,,,,,,,,,,,,
15891671,away,5-4-1,822572,Kye Rowles,K. Rowles,D,"15,0",False,Australia,,,0,0,0,0,0,,,,,,,0,0,,,2026-05-31 02:00:00,Int. Friendly Games,Mexico,4781,Australia,4741,1,0,W,Australia,home,False,México,,,,,,,,,,,,,,,,,"0,0",,,,,,,,,,,,,,,,,,,,,,,,,,
15891671,away,5-4-1,303258,Jason Geria,J. Geria,D,"2,0",False,Australia,,,0,0,0,0,0,,,,,,,0,0,,,2026-05-31 02:00:00,Int. Friendly Games,Mexico,4781,Australia,4741,1,0,W,Australia,home,False,México,,,,,,,,,,,,,,,,,"0,0",,,,,,,,,,,,,,,,,,,,,,,,,,
15891671,away,5-4-1,944054,Cameron Devlin,C. Devlin,M,"14,0",False,Australia,,,0,0,0,0,0,,,,,,,0,0,,,2026-05-31 02:00:00,Int. Friendly Games,Mexico,4781,Australia,4741,1,0,W,Australia,home,False,México,,,,,,,,,,,,,,,,,"0,0",,,,,,,,,,,,,,,,,,,,,,,,,,
15891671,away,5-4-1,214308,Martin Boyle,M. Boyle,F,"10,0",False,Australia,,,0,0,0,0,0,,,,,,,0,0,,,2026-05-31 02:00:00,Int. Friendly Games,Mexico,4781,Australia,4741,1,0,W,Australia,home,False,México,,,,,,,,,,,,,,,,,"0,0",,,,,,,,,,,,,,,,,,,,,,,,,,
15891669,home,4-3-3,990408,Raúl Rangel,R. Rangel,G,"1,0",True,Mexico,"6,5","45,0",0,0,0,0,0,"12,0","12,0","100,0",,,,0,0,,,2026-05-23 02:00:00,Int. Friendly Games,Mexico,4781,Ghana,4764,2,0,W,Ghana,home,True,México,,,,,,,,,,,,,,"2,0",,,"0,0",,,,"14,0",,,,,"1,0","5,1","0,0",,,,,,,"0,01","0,0","0,13",,,,"0,0","24,0","4,0"
15891669,home,4-3-3,989236,Israel Reyes,I. Reyes,D,"3,0",True,Mexico,"7,2","45,0",0,0,0,0,2,"36,0","39,0","92,3","2,0","3,0",,0,0,,,2026-05-23 02:00:00,Int. Friendly Games,Mexico,4781,Ghana,4764,2,0,W,Ghana,home,True,México,"1,0","66,7",,,,,"2,0","2,0","5,0","3,0","1,0","24,0","21,0","3,0","1,0","4,0","0,0",,,,"48,0",,,,,"13,0","79,4","0,0","1,0",,,,,,"0,25","0,04","0,17",,,,"0,0","72,0","6,0"
15891669,home,4-3-3,1172773,Luis Romo,L. Romo,D,"7,0",True,Mexico,"7,2","62,0",0,1,0,0,1,"47,0","50,0","94,0","2,0","3,0","2,0",0,0,,,2026-05-23 02:00:00,Int. Friendly Games,Mexico,4781,Ghana,4764,2,0,W,Ghana,home,True,México,"1,0","66,7",,,,,"2,0","1,0","1,0","1,0",,"17,0","15,0","1,0","2,0","3,0","0,0",,,,"57,0",,,,,"16,0","136,4","1,0",,,,,,,"0,34","0,09","0,0",,,,"1,45","68,2","1,5"
15891669,home,4-3-3,972391,Jesús Gómez,J. Gómez,D,"6,0",True,Mexico,"7,2","62,0",0,0,0,0,0,"48,0","50,0","96,0","1,0","3,0","1,0",0,0,,,2026-05-23 02:00:00,Int. Friendly Games,Mexico,4781,Ghana,4764,2,0,W,Ghana,home,True,México,"2,0","33,3",,,,,"1,0","1,0","4,0","4,0",,"25,0","25,0","2,0",,"3,0","0,0",,,,"53,0","1,0",,,,"22,0","156,4","1,0","2,0",,,,,,"0,27","0,14","0,0",,,,"0,0","69,7","2,9"
15891669,home,4-3-3,770253,Jesús Gallardo,J. Gallardo,D,"20,0",True,Mexico,"6,7","45,0",0,0,0,1,0,"21,0","27,0","77,8",,"1,0",,0,0,,,2026-05-23 02:00:00,Int. Friendly Games,Mexico,4781,Ghana,4764,2,0,W,Ghana,home,True,México,"1,0","0,0",,,,,,,"2,0","1,0","1,0","22,0","16,0","1,0",,"9,0","1,0",,,,"34,0",,,"1,0",,"9,0","82,7","1,0",,,,,,"-0,19","-0,01","0,25","-0,01",,"45,0",,"0,0","42,0","2,0"
15891669,home,4-3-3,1023088,Brian Gutiérrez,B. Gutiérrez,M,"11,0",True,Mexico,"7,9","71,0",1,0,2,0,3,"32,0","33,0","97,0","1,0","3,0",,0,0,,,2026-05-23 02:00:00,Int. Friendly Games,Mexico,4781,Ghana,4764,2,0,W,Ghana,home,True,México,"2,0","33,3",,,,,,,"1,0","1,0","2,0","19,0","18,0","2,0",,"4,0","2,0",,,,"39,0","1,0",,"1,0","1,0","14,0","114,8","2,0","2,0",,,,,"0,51","0,04","0,2","0,13",,"35,5","35,5","1,27","40,6","2,5"
15891669,home,4-3-3,944068,Erik Lira,E. Lira,D,"6,0",True,Mexico,"7,0","71,0",0,0,0,0,0,"54,0","59,0","91,5","3,0","6,0",,0,0,,,2026-05-23 02:00:00,Int. Friendly Games,Mexico,4781,Ghana,4764,2,0,W,Ghana,home,True,México,"3,0","50,0",,,,,"3,0","3,0","4,0","2,0",,"29,0","25,0","4,0",,"5,0","0,0",,,,"65,0",,,,,"17,0","87,9","0,0","3,0",,,,,,"0,18","0,11","0,17",,,,"0,0","68,5","5,1"
15891669,home,4-3-3,1914576,Gilberto Mora,G. Mora,M,"19,0",True,Mexico,"7,1","45,0",0,0,1,2,0,"20,0","20,0","100,0","6,0","9,0","2,0",0,0,,,2026-05-23 02:00:00,Int. Friendly Games,Mexico,4781,Ghana,4764,2,0,W,Ghana,home,True,México,"3,0","66,7",,,,,,,"1,0","1,0","1,0","9,0","9,0","6,0",,"4,0","3,0",,,"1,0","38,0","2,0",,"3,0","2,0","14,0","144,8","5,0","1,0","4,0",,,,"-0,38","-0,07","0,4","-0,04",,"15,0","45,0","0,0","40,0","12,0"
15891669,home,4-3-3,865500,Roberto Alvarado,R. Alvarado,F,"25,0",True,Mexico,"7,3","62,0",0,0,3,0,1,"35,0","39,0","89,7","5,0","9,0","1,0",0,0,,,2026-05-23 02:00:00,Int. Friendly Games,Mexico,4781,Ghana,4764,2,0,W,Ghana,home,True,México,"4,0","55,6",,,,,"4,0","3,0","3,0","2,0","2,0","27,0","24,0","3,0",,"8,0","3,0",,,,"55,0","1,0",,"2,0",,"23,0","226,5","6,0","1,0","1,0",,,,"-0,43","0,21","0,42","-0,01",,"20,7","20,7","0,0","50,8","4,4"
15891669,home,4-3-3,1595162,Armando González,A. González,F,"34,0",True,Mexico,"6,4","45,0",0,0,1,0,0,"3,0","4,0","75,0",,"1,0",,0,0,,,2026-05-23 02:00:00,Int. Friendly Games,Mexico,4781,Ghana,4764,2,0,W,Ghana,home,True,México,"1,0","0,0",,"1,0","1,0","0,0",,,,,,"2,0","1,0",,,"2,0","1,0","1,0",,,"6,0","1,0",,,,,"0,0",,,,,,,"0,05","-0,04",,"0,0",,"45,0","45,0","0,0","6,0","0,0"
15891669,home,4-3-3,815637,Alexis Vega,A. Vega,M,"9,0",True,Mexico,"6,7","62,0",0,0,0,0,3,"25,0","27,0","92,6","1,0","4,0",,0,0,,,2026-05-23 02:00:00,Int. Friendly Games,Mexico,4781,Ghana,4764,2,0,W,Ghana,home,True,México,"3,0","25,0",,,,,,,"2,0","2,0","4,0","21,0","20,0","2,0",,"7,0","2,0",,,,"37,0","2,0",,,,"12,0","83,9","0,0","3,0","1,0","1,0",,,"-0,2","0,09","0,28","0,0",,"31,0",,"0,0","36,3","2,9"
15891669,home,4-3-3,840519,Carlos Acevedo,C. Acevedo,G,"1,0",False,Mexico,"7,5","45,0",0,0,0,0,0,"9,0","11,0","81,8",,,,0,0,,,2026-05-23 02:00:00,Int. Friendly Games,Mexico,4781,Ghana,4764,2,0,W,Ghana,home,True,México,,,,,,,,,"4,0","2,0",,"1,0","1,0","4,0",,"2,0","0,0",,,,"15,0",,,,,"2,0","8,1","0,0",,,,"3,0","0,1269",,"0,02","0,0","0,16","0,15",,,"0,0","18,0","8,0"
15891669,home,4-3-3,832868,Jorge Sánchez,J. Sánchez,D,"35,0",False,Mexico,"7,3","45,0",0,0,0,0,1,"29,0","32,0","90,6","3,0","4,0",,0,0,,,2026-05-23 02:00:00,Int. Friendly Games,Mexico,4781,Ghana,4764,2,0,W,Ghana,home,True,México,"1,0","75,0",,,,,"2,0","2,0","4,0","3,0",,"16,0","15,0","3,0","1,0","5,0","0,0",,,,"39,0","1,0",,,,"17,0","131,5","1,0",,"1,0",,,,,"0,14","0,11","0,14",,,,"0,0","58,0","6,0"
15891669,home,4-3-3,1638685,Mateo Chávez,M. Chávez,D,"15,0",False,Mexico,"6,5","45,0",0,0,0,0,0,"12,0","13,0","92,3","1,0","4,0","1,0",0,0,,,2026-05-23 02:00:00,Int. Friendly Games,Mexico,4781,Ghana,4764,2,0,W,Ghana,home,True,México,"3,0","25,0",,"1,0","1,0","0,0","1,0",,,,"2,0","6,0","5,0","3,0","1,0","6,0","0,0",,,,"25,0","3,0",,,,"9,0","72,4","0,0","2,0",,"1,0",,,,"0,06","-0,1","0,14",,,,"0,0","24,0","6,0"
15891669,home,4-3-3,847151,Edson Álvarez,E. Álvarez,M,"11,0",False,Mexico,"6,8","45,0",0,0,0,0,0,"30,0","30,0","100,0",,"2,0",,0,0,,,2026-05-23 02:00:00,Int. Friendly Games,Mexico,4781,Ghana,4764,2,0,W,Ghana,home,True,México,"2,0","0,0",,"2,0","2,0","0,0",,,"1,0","1,0",,"3,0","3,0","1,0","1,0","1,0","0,0",,,,"34,0","1,0",,,,"14,0","100,0","0,0",,,,,,,"0,12","0,06","0,24",,,,"0,0","60,0","2,0"
15891669,home,4-3-3,795282,Guillermo Martínez,G. Martínez,F,"9,0",False,Mexico,"7,6","45,0",1,0,1,1,1,"6,0","7,0","85,7","1,0","3,0",,0,0,,,2026-05-23 02:00:00,Int. Friendly Games,Mexico,4781,Ghana,4764,2,0,W,Ghana,home,True,México,"2,0","33,3","1,0","1,0","2,0","50,0",,,"1,0","1,0",,"4,0","3,0",,,"2,0","2,0",,,,"10,0",,"1,0",,,"5,0","28,1","0,0",,,,,,"0,44","-0,12","0,3","0,0",,"22,5","45,0","2,0","12,0","0,0"
15891669,home,4-3-3,1392153,Eduardo Águila,E. Águila,D,"31,0",False,Mexico,"6,9","28,0",0,0,0,0,0,"20,0","20,0","100,0","1,0","1,0",,0,0,,,2026-05-23 02:00:00,Int. Friendly Games,Mexico,4781,Ghana,4764,2,0,W,Ghana,home,True,México,,"100,0",,,,,,,,,,"2,0","2,0","1,0","2,0",,"0,0",,,,"24,0",,,,,"5,0","42,7","0,0",,"1,0",,,,,"0,05","0,03","0,17",,,,"0,0","64,3","3,2"
15891669,home,4-3-3,1085410,Isaías Violante,I. Violante,M,"12,0",False,Mexico,"6,6","28,0",0,0,0,0,0,"12,0","15,0","80,0","2,0","5,0",,0,0,,,2026-05-23 02:00:00,Int. Friendly Games,Mexico,4781,Ghana,4764,2,0,W,Ghana,home,True,México,"3,0","40,0",,,,,,,,,"3,0","7,0","4,0","1,0",,"7,0","0,0",,,,"23,0",,"1,0","3,0","2,0","10,0","122,3","4,0",,,,,,,"-0,04","0,27","-0,04",,,,"0,0","38,6","3,2"
15891669,home,4-3-3,757770,Luis Chávez,L. Chávez,M,"24,0",False,Mexico,"7,1","28,0",0,0,0,1,1,"20,0","23,0","87,0","3,0","4,0",,0,0,,,2026-05-23 02:00:00,Int. Friendly Games,Mexico,4781,Ghana,4764,2,0,W,Ghana,home,True,México,"1,0","75,0","1,0",,"1,0","100,0","1,0","1,0","2,0","2,0","1,0","8,0","6,0","2,0","2,0","4,0","1,0",,,,"31,0",,,,,"15,0","112,4","1,0",,"1,0",,,,"-0,22","0,44","0,16","-0,04",,"28,0",,"0,0","64,3","6,4"
15891669,home,4-3-3,942708,Kevin Castañeda,K. Castañeda,M,"10,0",False,Mexico,"6,4","28,0",0,0,0,1,1,"15,0","16,0","93,8",,"3,0","1,0",0,0,,,2026-05-23 02:00:00,Int. Friendly Games,Mexico,4781,Ghana,4764,2,0,W,Ghana,home,True,México,"3,0","0,0",,,,,,,"2,0","1,0","2,0","5,0","4,0","1,0",,"4,0","1,0",,,,"23,0",,"2,0",,,"9,0","54,0","1,0","1,0",,,,,"-0,54","0,11","0,05","-0,01",,"28,0",,"0,0","48,2","3,2"
15891669,home,4-3-3,1523678,Iker Fimbres,I. Fimbres,M,"35,0",False,Mexico,"6,6","19,0",0,0,0,0,0,"11,0","11,0","100,0",,"1,0",,0,0,,,2026-05-23 02:00:00,Int. Friendly Games,Mexico,4781,Ghana,4764,2,0,W,Ghana,home,True,México,"1,0","0,0",,,,,,,,,,"4,0","4,0","1,0",,"2,0","0,0",,,,"13,0","1,0","1,0",,,"8,0","46,1","0,0",,,,,,,"-0,04","0,05","0,0",,,,"0,0","52,1","4,7"
15891669,home,4-3-3,1097368,Luis Gabriel Rey,L. G. Rey,M,"3,0",False,Mexico,"6,5","19,0",0,0,0,0,0,"14,0","15,0","93,3",,"2,0",,0,0,,,2026-05-23 02:00:00,Int. Friendly Games,Mexico,4781,Ghana,4764,2,0,W,Ghana,home,True,México,"2,0","0,0",,,,,,,"1,0","1,0",,"3,0","3,0","1,0",,"1,0","0,0",,,,"15,0",,,,,"2,0","10,8","0,0","2,0",,,,,,"0,02","0,01","-0,06",,,,"0,0","66,3","4,7"
15891669,home,4-3-3,1183649,Oscar García,O. García,G,"23,0",False,Mexico,,,0,0,0,0,0,,,,,,,0,0,,,2026-05-23 02:00:00,Int. Friendly Games,Mexico,4781,Ghana,4764,2,0,W,Ghana,home,True,México,,,,,,,,,,,,,,,,,"0,0",,,,,,,,,,,,,,,,,,,,,,,,,,
15891669,home,4-3-3,15497,Guillermo Ochoa,G. Ochoa,G,"13,0",False,Mexico,,,0,0,0,0,0,,,,,,,0,0,,,2026-05-23 02:00:00,Int. Friendly Games,Mexico,4781,Ghana,4764,2,0,W,Ghana,home,True,México,,,,,,,,,,,,,,,,,"0,0",,,,,,,,,,,,,,,,,,,,,,,,,,
15891669,home,4-3-3,818406,César Montes,C. Montes,D,"23,0",False,Mexico,,,0,0,0,0,0,,,,,,,0,0,,,2026-05-23 02:00:00,Int. Friendly Games,Mexico,4781,Ghana,4764,2,0,W,Ghana,home,True,México,,,,,,,,,,,,,,,,,"0,0",,,,,,,,,,,,,,,,,,,,,,,,,,
15891669,home,4-3-3,850404,Orbelín Pineda,O. Pineda,M,"13,0",False,Mexico,,,0,0,0,0,0,,,,,,,0,0,,,2026-05-23 02:00:00,Int. Friendly Games,Mexico,4781,Ghana,4764,2,0,W,Ghana,home,True,México,,,,,,,,,,,,,,,,,"0,0",,,,,,,,,,,,,,,,,,,,,,,,,,
15891669,away,4-5-1,1457083,Benjamin Asare,B. Asare,G,"16,0",True,Ghana,"6,3","76,0",0,0,0,0,0,"17,0","28,0","60,7",,,,0,0,,,2026-05-23 02:00:00,Int. Friendly Games,Mexico,4781,Ghana,4764,2,0,W,Ghana,home,False,México,,,,,,,,,,,,,,,,,"0,0",,,,,,,,,,,,,,,,,,,,,,,,"0,0","20,1","0,0"
15891669,away,4-5-1,254411,Jan Gyamerah,J. Gyamerah,D,"30,0",True,Ghana,"6,3","89,0",0,0,0,0,0,"20,0","23,0","87,0","2,0",,,0,0,,,2026-05-23 02:00:00,Int. Friendly Games,Mexico,4781,Ghana,4764,2,0,W,Ghana,home,False,México,,,,,,,,,,,,,,,,,"0,0",,,,,,,,,,,,,,,,,,,,,,,,"0,0","20,2","0,0"
15891669,away,4-5-1,1547525,Oscar Naasei,O. N. Oppong,D,"28,0",True,Ghana,"6,0","89,0",0,0,0,0,0,"37,0","40,0","92,5","5,0",,"1,0",0,0,,,2026-05-23 02:00:00,Int. Friendly Games,Mexico,4781,Ghana,4764,2,0,W,Ghana,home,False,México,,,,,,,,,,,,,,,,,"0,0",,,,,,,,,,,,,,,,,,,,,,,,"0,0","37,4","0,0"
15891669,away,4-5-1,1103079,Nathaniel Adjei,N. Adjei,D,"32,0",True,Ghana,"6,7","89,0",0,0,0,0,0,"53,0","57,0","93,0","2,0",,"3,0",0,0,,,2026-05-23 02:00:00,Int. Friendly Games,Mexico,4781,Ghana,4764,2,0,W,Ghana,home,False,México,,,,,,,,,,,,,,,,,"0,0",,,,,,,,,,,,,,,,,,,,,,,,"0,0","53,6","0,0"
15891669,away,4-5-1,1200442,Terry Yegbe,T. Yegbe,D,"15,0",True,Ghana,"6,2","89,0",0,0,0,0,0,"42,0","48,0","87,5",,,,0,0,,,2026-05-23 02:00:00,Int. Friendly Games,Mexico,4781,Ghana,4764,2,0,W,Ghana,home,False,México,,,,,,,,,,,,,,,,,"0,0",,,,,,,,,,,,,,,,,,,,,,,,"0,0","42,5","0,0"
15891669,away,4-5-1,1101362,Jesurun Rak-Sakyi,J. Rak-Sakyi,M,"21,0",True,Ghana,"6,5","66,0",0,0,0,1,2,"8,0","10,0","80,0","2,0",,,0,0,,,2026-05-23 02:00:00,Int. Friendly Games,Mexico,4781,Ghana,4764,2,0,W,Ghana,home,False,México,,,,,,,,,,,,,,,,,"1,0",,,,,,,,,,,,,,,,,,,,,,"66,0",,"0,0","10,9","0,0"
15891669,away,4-5-1,901149,Majeed Ashimeru,M. Ashimeru,M,"18,0",True,Ghana,"6,6","75,0",0,0,0,0,1,"42,0","45,0","93,3","4,0",,"1,0",0,0,,,2026-05-23 02:00:00,Int. Friendly Games,Mexico,4781,Ghana,4764,2,0,W,Ghana,home,False,México,,,,,,,,,,,,,,,,,"0,0",,,,,,,,,,,,,,,,,,,,,,,,"0,0","50,4","0,0"
15891669,away,4-5-1,1457204,Emmanuel Agyei,E. Agyei,M,"12,0",True,Ghana,"6,6","75,0",0,0,0,0,0,"36,0","39,0","92,3","4,0",,"1,0",0,0,,,2026-05-23 02:00:00,Int. Friendly Games,Mexico,4781,Ghana,4764,2,0,W,Ghana,home,False,México,,,,,,,,,,,,,,,,,"0,0",,,,,,,,,,,,,,,,,,,,,,,,"0,0","43,2","0,0"
15891669,away,4-5-1,793227,Dan Agyei,D. Agyei,F,"7,0",True,Ghana,"6,5","66,0",0,0,0,0,0,"12,0","12,0","100,0","3,0",,,0,0,,,2026-05-23 02:00:00,Int. Friendly Games,Mexico,4781,Ghana,4764,2,0,W,Ghana,home,False,México,,,,,,,,,,,,,,,,,"0,0",,,,,,,,,,,,,,,,,,,,,,,,"0,0","16,4","0,0"
15891669,away,4-5-1,1471095,Ibrahim Osman,I. Osman,F,"17,0",True,Ghana,"5,9","75,0",0,0,0,0,1,"10,0","12,0","83,3","2,0",,"1,0",0,0,,,2026-05-23 02:00:00,Int. Friendly Games,Mexico,4781,Ghana,4764,2,0,W,Ghana,home,False,México,,,,,,,,,,,,,,,,,"0,0",,,,,,,,,,,,,,,,,,,,,,,,"0,0","12,0","0,0"
15891669,away,4-5-1,1108921,Felix Afena-Gyan,F. Afena-Gyan,F,"33,0",True,Ghana,"6,9","67,0",0,0,2,1,0,"8,0","10,0","80,0","4,0",,,0,0,,,2026-05-23 02:00:00,Int. Friendly Games,Mexico,4781,Ghana,4764,2,0,W,Ghana,home,False,México,,,,,,,,,,,,,,,,,"3,0",,,,,,,,,,,,,,,,,,,,,,"22,3","33,5","0,0","10,7","0,0"
15891669,away,4-5-1,1546466,Razak Simpson,R. Simpson,D,"30,0",False,Ghana,"6,8","24,0",0,0,0,0,0,"11,0","12,0","91,7","1,0",,,0,0,,,2026-05-23 02:00:00,Int. Friendly Games,Mexico,4781,Ghana,4764,2,0,W,Ghana,home,False,México,,,,,,,,,,,,,,,,,"0,0",,,,,,,,,,,,,,,,,,,,,,,,"0,0","41,2","0,0"
15891669,away,4-5-1,2029508,Prince Amoako Junior,P. A. Junior,F,"10,0",False,Ghana,"6,4","24,0",0,0,0,0,0,"4,0","6,0","66,7","2,0",,"1,0",0,0,,,2026-05-23 02:00:00,Int. Friendly Games,Mexico,4781,Ghana,4764,2,0,W,Ghana,home,False,México,,,,,,,,,,,,,,,,,"0,0",,,,,,,,,,,,,,,,,,,,,,,,"0,0","15,0","0,0"
15891669,away,4-5-1,1836721,Jerry Afriyie,J. Afriyie,F,"22,0",False,Ghana,"6,6","23,0",0,0,0,0,0,"2,0","2,0","100,0","2,0",,,0,0,,,2026-05-23 02:00:00,Int. Friendly Games,Mexico,4781,Ghana,4764,2,0,W,Ghana,home,False,México,,,,,,,,,,,,,,,,,"0,0",,,,,,,,,,,,,,,,,,,,,,,,"0,0","7,8","0,0"
15891669,away,4-5-1,1457200,Abdul Aziz Issah,A. A. Issah,M,"19,0",False,Ghana,"6,7","15,0",0,0,0,0,0,"3,0","4,0","75,0","2,0",,"1,0",0,0,,,2026-05-23 02:00:00,Int. Friendly Games,Mexico,4781,Ghana,4764,2,0,W,Ghana,home,False,México,,,,,,,,,,,,,,,,,"0,0",,,,,,,,,,,,,,,,,,,,,,,,"0,0","18,0","0,0"
15891669,away,4-5-1,1173795,Salim Adams,S. Adams,M,"35,0",False,Ghana,"6,7","15,0",0,0,1,1,0,"11,0","12,0","91,7","1,0",,"1,0",0,0,,,2026-05-23 02:00:00,Int. Friendly Games,Mexico,4781,Ghana,4764,2,0,W,Ghana,home,False,México,,,,,,,,,,,,,,,,,"2,0",,,,,,,,,,,,,,,,,,,,,,"7,5","15,0","0,0","66,0","0,0"
15891669,away,4-5-1,1922407,Joseph Opoku,J. Opoku,F,"22,0",False,Ghana,"6,7","15,0",0,0,0,0,0,"5,0","6,0","83,3","3,0",,,0,0,,,2026-05-23 02:00:00,Int. Friendly Games,Mexico,4781,Ghana,4764,2,0,W,Ghana,home,False,México,,,,,,,,,,,,,,,,,"0,0",,,,,,,,,,,,,,,,,,,,,,,,"0,0","30,0","0,0"
15891669,away,4-5-1,1457212,Solomon Agbesi,S. Agbesi,G,"1,0",False,Ghana,"6,5","14,0",0,0,0,0,0,"4,0","4,0","100,0",,,,0,0,,,2026-05-23 02:00:00,Int. Friendly Games,Mexico,4781,Ghana,4764,2,0,W,Ghana,home,False,México,,,,,,,,,,,,,,,,,"0,0",,,,,,,,,,,,,,,,,,,,,,,,"0,0","25,7","0,0"
15891669,away,4-5-1,1457390,David Oduro,D. Oduro,D,"18,0",False,Ghana,,"1,0",0,0,0,0,0,"1,0","1,0","100,0",,,,0,0,,,2026-05-23 02:00:00,Int. Friendly Games,Mexico,4781,Ghana,4764,2,0,W,Ghana,home,False,México,,,,,,,,,,,,,,,,,"0,0",,,,,,,,,,,,,,,,,,,,,,,,"0,0","90,0","0,0"
15891669,away,4-5-1,1107962,Ebenezer Adade,E. Adade,D,"23,0",False,Ghana,,"1,0",0,0,0,0,1,"2,0","3,0","66,7",,,,0,0,,,2026-05-23 02:00:00,Int. Friendly Games,Mexico,4781,Ghana,4764,2,0,W,Ghana,home,False,México,,,,,,,,,,,,,,,,,"0,0",,,,,,,,,,,,,,,,,,,,,,,,"0,0","180,0","0,0"
15891669,away,4-5-1,1930733,Dacosta Antwi,D. Antwi,D,"68,0",False,Ghana,,"1,0",0,0,0,0,0,"3,0","3,0","100,0",,,,0,0,,,2026-05-23 02:00:00,Int. Friendly Games,Mexico,4781,Ghana,4764,2,0,W,Ghana,home,False,México,,,,,,,,,,,,,,,,,"0,0",,,,,,,,,,,,,,,,,,,,,,,,"0,0","270,0","0,0"
15891669,away,4-5-1,1540357,Ebenezer Abban,E. Abban,D,"5,0",False,Ghana,,"1,0",0,0,0,0,0,"1,0","1,0","100,0",,,,0,0,,,2026-05-23 02:00:00,Int. Friendly Games,Mexico,4781,Ghana,4764,2,0,W,Ghana,home,False,México,,,,,,,,,,,,,,,,,"0,0",,,,,,,,,,,,,,,,,,,,,,,,"0,0","90,0","0,0"
15372905,home,4-1-4-1,990408,Raúl Rangel,R. Rangel,G,"1,0",True,Mexico,"6,4","90,0",0,0,0,0,0,"17,0","28,0","60,7",,,,0,0,,,2026-04-01 01:00:00,Int. Friendly Games,Mexico,4781,Belgium,4717,1,1,D,Belgium,home,True,México,,,,,,,,,"16,0","6,0",,"8,0","1,0","7,0","1,0","12,0","0,0",,,,"34,0",,,,,"5,0","24,3","0,0",,,,"1,0","0,0023",,"0,02","0,0","-0,07","0,0",,,"0,0","17,0","7,0"
15372905,home,4-1-4-1,832868,Jorge Sánchez,J. Sánchez,D,"35,0",True,Mexico,"7,4","69,0",1,0,1,0,0,"32,0","36,0","88,9","4,0","7,0","1,0",0,0,,,2026-04-01 01:00:00,Int. Friendly Games,Mexico,4781,Belgium,4717,1,1,D,Belgium,home,True,México,"3,0","57,1",,"1,0","1,0","0,0","4,0","4,0","1,0",,"1,0","14,0","11,0","5,0",,"5,0","1,0",,,,"46,0",,,,,"8,0","61,4","0,0","2,0",,,,,"0,45","0,15","0,04","-0,14",,"69,0","69,0","1,3","41,7","6,5"
15372905,home,4-1-4-1,818406,César Montes,C. Montes,D,"23,0",True,Mexico,"6,5","90,0",0,0,0,0,0,"60,0","67,0","89,6","1,0","2,0",,0,0,,,2026-04-01 01:00:00,Int. Friendly Games,Mexico,4781,Belgium,4717,1,1,D,Belgium,home,True,México,"1,0","50,0","1,0",,"1,0","100,0",,,"5,0","2,0",,"20,0","14,0","2,0","1,0","8,0","0,0",,,,"69,0","1,0",,,,"18,0","111,4","0,0","1,0",,,,,,"0,23","0,06","-0,12",,,,"0,0","60,0","2,0"
15372905,home,4-1-4-1,889785,Johan Vásquez,J. Vásquez,D,"22,0",True,Mexico,"7,0","90,0",0,0,0,0,0,"62,0","70,0","88,6","8,0","10,0","5,0",0,0,,,2026-04-01 01:00:00,Int. Friendly Games,Mexico,4781,Belgium,4717,1,1,D,Belgium,home,True,México,"2,0","80,0","2,0","1,0","3,0","66,7","2,0","1,0","6,0","1,0",,"29,0","22,0","5,0","2,0","8,0","0,0",,,,"84,0",,,,,"31,0","256,9","1,0","1,0","4,0",,,,,"0,15","0,12","-0,15",,,,"0,0","62,0","5,0"
15372905,home,4-1-4-1,770253,Jesús Gallardo,J. Gallardo,D,"20,0",True,Mexico,"6,8","90,0",0,0,0,1,0,"42,0","48,0","87,5","8,0","13,0","1,0",0,0,,,2026-04-01 01:00:00,Int. Friendly Games,Mexico,4781,Belgium,4717,1,1,D,Belgium,home,True,México,"5,0","61,5","4,0","1,0","5,0","80,0","4,0","3,0","4,0","2,0","1,0","21,0","16,0","4,0","2,0","11,0","1,0",,,,"70,0","1,0","1,0","1,0",,"12,0","144,3","1,0","2,0","1,0",,,,"-0,05","0,02","0,08","-0,11",,"90,0",,"0,0","42,0","4,0"
15372905,home,4-1-4-1,944068,Erik Lira,E. Lira,D,"6,0",True,Mexico,"6,5","90,0",0,0,0,0,0,"38,0","45,0","84,4","3,0","9,0","2,0",0,0,,,2026-04-01 01:00:00,Int. Friendly Games,Mexico,4781,Belgium,4717,1,1,D,Belgium,home,True,México,"6,0","33,3",,"1,0","1,0","0,0","1,0",,"5,0","3,0",,"22,0","18,0","6,0",,"10,0","0,0",,,,"55,0","2,0","1,0",,,"10,0","113,1","1,0","3,0","2,0",,,,,"0,09","0,07","-0,11",,,,"0,0","38,0","6,0"
15372905,home,4-1-4-1,850404,Orbelín Pineda,O. Pineda,M,"13,0",True,Mexico,"7,1","69,0",0,0,0,0,2,"22,0","25,0","88,0","6,0","11,0","1,0",0,0,,,2026-04-01 01:00:00,Int. Friendly Games,Mexico,4781,Belgium,4717,1,1,D,Belgium,home,True,México,"5,0","54,5",,"1,0","1,0","0,0","2,0","1,0","2,0","2,0","1,0","16,0","13,0","6,0",,"8,0","0,0",,,,"39,0","2,0","1,0","1,0",,"13,0","99,7","1,0","1,0","4,0",,,,,"0,35","0,21","-0,1",,,,"0,0","28,7","7,8"
15372905,home,4-1-4-1,1023088,Brian Gutiérrez,B. Gutiérrez,M,"11,0",True,Mexico,"7,1","84,0",0,0,0,0,3,"21,0","26,0","80,8","3,0","5,0",,0,0,,,2026-04-01 01:00:00,Int. Friendly Games,Mexico,4781,Belgium,4717,1,1,D,Belgium,home,True,México,"2,0","60,0",,,,,"1,0","1,0",,,"4,0","18,0","14,0","1,0",,"11,0","3,0",,,,"39,0","1,0","1,0","1,0","1,0","10,0","99,2","4,0","1,0","1,0",,,,"-0,38","0,44","0,38","-0,07",,"28,0",,"0,0","22,5","1,1"
15372905,home,4-1-4-1,838629,Álvaro Fidalgo,Á. Fidalgo,M,"15,0",True,Mexico,"6,5","69,0",0,0,0,0,0,"41,0","48,0","85,4","2,0","4,0",,0,0,,,2026-04-01 01:00:00,Int. Friendly Games,Mexico,4781,Belgium,4717,1,1,D,Belgium,home,True,México,"2,0","50,0",,,,,,,"3,0","1,0",,"27,0","20,0","3,0",,"8,0","0,0",,,,"54,0","1,0",,"1,0","1,0","19,0","143,5","1,0","1,0","1,0",,,,,"0,1","0,03","-0,11",,,,"0,0","53,5","3,9"
15372905,home,4-1-4-1,843114,Julián Quiñones,J. Quiñones,F,"33,0",True,Mexico,"6,7","69,0",0,0,2,2,1,"35,0","37,0","94,6","5,0","8,0",,0,0,,,2026-04-01 01:00:00,Int. Friendly Games,Mexico,4781,Belgium,4717,1,1,D,Belgium,home,True,México,"3,0","62,5","1,0","1,0","2,0","50,0","1,0",,"1,0","1,0",,"26,0","25,0","7,0",,"6,0","5,0",,,,"53,0","2,0","1,0","1,0","1,0","13,0","106,4","1,0","1,0","2,0",,,,"-0,54","0,32","0,01","-0,05",,"13,8","34,5","0,0","45,7","9,1"
15372905,home,4-1-4-1,192442,Raúl Jiménez,R. Jiménez,F,"7,0",True,Mexico,"6,9","68,0",0,0,0,0,1,"18,0","24,0","75,0","4,0","7,0","1,0",0,0,,,2026-04-01 01:00:00,Int. Friendly Games,Mexico,4781,Belgium,4717,1,1,D,Belgium,home,True,México,"3,0","57,1","2,0","2,0","4,0","50,0",,,,,,"15,0","10,0","4,0","1,0","9,0","0,0",,,,"34,0","2,0","1,0",,,"7,0","70,0","3,0",,"2,0","2,0",,,,"-0,1","0,32","0,18",,,,"0,0","23,8","5,3"
15372905,home,4-1-4-1,1595162,Armando González,A. González,F,"34,0",False,Mexico,"6,4","22,0",0,0,0,0,0,"2,0","2,0","100,0",,"1,0",,0,0,,,2026-04-01 01:00:00,Int. Friendly Games,Mexico,4781,Belgium,4717,1,1,D,Belgium,home,True,México,"1,0","0,0",,,,,,,,,,"2,0","2,0","1,0",,"2,0","0,0",,,,"6,0","1,0",,"1,0",,,"0,0",,"1,0",,"1,0",,,,"0,0","-0,15","0,0",,,,"0,0","8,2","4,1"
15372905,home,4-1-4-1,989236,Israel Reyes,I. Reyes,D,"3,0",False,Mexico,"7,0","21,0",0,0,0,0,0,"10,0","13,0","76,9",,"1,0","1,0",0,0,,,2026-04-01 01:00:00,Int. Friendly Games,Mexico,4781,Belgium,4717,1,1,D,Belgium,home,True,México,"1,0","0,0",,"1,0","1,0","0,0",,,"1,0",,,"5,0","4,0","2,0","1,0","3,0","0,0",,,,"18,0",,,,,"2,0","8,2","0,0",,,,,,,"0,04","0,04","0,53",,,,"0,0","42,9","8,6"
15372905,home,4-1-4-1,815637,Alexis Vega,A. Vega,M,"9,0",False,Mexico,"6,4","21,0",0,0,0,0,0,"6,0","6,0","100,0",,"3,0",,0,0,,,2026-04-01 01:00:00,Int. Friendly Games,Mexico,4781,Belgium,4717,1,1,D,Belgium,home,True,México,"3,0","0,0",,"1,0","1,0","0,0",,,,,"2,0","3,0","3,0","2,0",,"5,0","0,0",,,,"13,0","1,0","1,0","1,0",,"2,0","16,5","1,0",,,,,,,"0,02","0,06","0,0",,,,"0,0","25,7","8,6"
15372905,home,4-1-4-1,1119345,Obed Vargas,O. Vargas,M,"21,0",False,Mexico,"6,6","21,0",0,0,0,0,0,"9,0","14,0","64,3",,,,0,0,,,2026-04-01 01:00:00,Int. Friendly Games,Mexico,4781,Belgium,4717,1,1,D,Belgium,home,True,México,,,,,,,,,"1,0","1,0",,"7,0","3,0","1,0","1,0","5,0","0,0",,,,"16,0",,,,,"2,0","20,5","0,0",,,,,,,"-0,04","0,02","0,13",,,,"0,0","38,6","4,3"
15372905,home,4-1-4-1,865500,Roberto Alvarado,R. Alvarado,F,"25,0",False,Mexico,"6,7","21,0",0,0,0,0,0,"6,0","10,0","60,0","4,0","7,0",,0,0,,,2026-04-01 01:00:00,Int. Friendly Games,Mexico,4781,Belgium,4717,1,1,D,Belgium,home,True,México,"3,0","57,1",,,,,"4,0","2,0","3,0",,,"4,0","3,0","1,0",,"6,0","0,0",,,,"17,0","1,0","1,0",,,"1,0","7,2","0,0",,,,,,,"-0,05","0,0","0,14",,,,"0,0","25,7","4,3"
15372905,home,4-1-4-1,845322,Erick Sánchez,E. Sánchez,M,"28,0",False,Mexico,"6,6","11,0",0,0,0,0,0,"3,0","4,0","75,0","1,0","2,0",,0,0,,,2026-04-01 01:00:00,Int. Friendly Games,Mexico,4781,Belgium,4717,1,1,D,Belgium,home,True,México,"1,0","50,0",,,,,"1,0",,,,,"3,0","2,0","2,0","1,0","1,0","0,0",,,,"6,0",,,,,"1,0","3,8","0,0",,,,,,,"0,0","-0,09","-0,01",,,,"0,0","24,5","16,4"
15372905,home,4-1-4-1,15497,Guillermo Ochoa,G. Ochoa,G,"13,0",False,Mexico,,,0,0,0,0,0,,,,,,,0,0,,,2026-04-01 01:00:00,Int. Friendly Games,Mexico,4781,Belgium,4717,1,1,D,Belgium,home,True,México,,,,,,,,,,,,,,,,,"0,0",,,,,,,,,,,,,,,,,,,,,,,,,,
15372905,home,4-1-4-1,840519,Carlos Acevedo,C. Acevedo,G,"1,0",False,Mexico,,,0,0,0,0,0,,,,,,,0,0,,,2026-04-01 01:00:00,Int. Friendly Games,Mexico,4781,Belgium,4717,1,1,D,Belgium,home,True,México,,,,,,,,,,,,,,,,,"0,0",,,,,,,,,,,,,,,,,,,,,,,,,,
15372905,home,4-1-4-1,869277,Jesús Angulo,J. Angulo,D,"27,0",False,Mexico,,,0,0,0,0,0,,,,,,,0,0,,,2026-04-01 01:00:00,Int. Friendly Games,Mexico,4781,Belgium,4717,1,1,D,Belgium,home,True,México,,,,,,,,,,,,,,,,,"0,0",,,,,,,,,,,,,,,,,,,,,,,,,,
15372905,home,4-1-4-1,1199256,Everardo López,E. López,D,"25,0",False,Mexico,,,0,0,0,0,0,,,,,,,0,0,,,2026-04-01 01:00:00,Int. Friendly Games,Mexico,4781,Belgium,4717,1,1,D,Belgium,home,True,México,,,,,,,,,,,,,,,,,"0,0",,,,,,,,,,,,,,,,,,,,,,,,,,
15372905,home,4-1-4-1,1192342,Denzell Garcia,D. Garcia,M,"5,0",False,Mexico,,,0,0,0,0,0,,,,,,,0,0,,,2026-04-01 01:00:00,Int. Friendly Games,Mexico,4781,Belgium,4717,1,1,D,Belgium,home,True,México,,,,,,,,,,,,,,,,,"0,0",,,,,,,,,,,,,,,,,,,,,,,,,,
15372905,home,4-1-4-1,845849,Carlos Rodríguez,C. Rodríguez,M,"19,0",False,Mexico,,,0,0,0,0,0,,,,,,,0,0,,,2026-04-01 01:00:00,Int. Friendly Games,Mexico,4781,Belgium,4717,1,1,D,Belgium,home,True,México,,,,,,,,,,,,,,,,,"0,0",,,,,,,,,,,,,,,,,,,,,,,,,,
15372905,home,4-1-4-1,985176,Richard Ledezma,R. Ledezma,M,"37,0",False,Mexico,,,0,0,0,0,0,,,,,,,0,0,,,2026-04-01 01:00:00,Int. Friendly Games,Mexico,4781,Belgium,4717,1,1,D,Belgium,home,True,México,,,,,,,,,,,,,,,,,"0,0",,,,,,,,,,,,,,,,,,,,,,,,,,
15372905,home,4-1-4-1,822606,Germán Berterame,G. Berterame,F,"19,0",False,Mexico,,,0,0,0,0,0,,,,,,,0,0,,,2026-04-01 01:00:00,Int. Friendly Games,Mexico,4781,Belgium,4717,1,1,D,Belgium,home,True,México,,,,,,,,,,,,,,,,,"0,0",,,,,,,,,,,,,,,,,,,,,,,,,,
15372905,home,4-1-4-1,795282,Guillermo Martínez,G. Martínez,F,"9,0",False,Mexico,,,0,0,0,0,0,,,,,,,0,0,,,2026-04-01 01:00:00,Int. Friendly Games,Mexico,4781,Belgium,4717,1,1,D,Belgium,home,True,México,,,,,,,,,,,,,,,,,"0,0",,,,,,,,,,,,,,,,,,,,,,,,,,
15372905,away,4-2-3-1,78152,Matz Sels,M. Sels,G,"26,0",True,Belgium,"6,5","90,0",0,0,0,0,0,"28,0","31,0","90,3",,,,0,0,,,2026-04-01 01:00:00,Int. Friendly Games,Mexico,4781,Belgium,4717,1,1,D,Belgium,home,False,México,,,,,,,,,,,,,,,,,"0,0",,,,,,,,,,,,,,,,,,,,,,,,"0,0","28,0","0,0"
15372905,away,4-2-3-1,329417,Timothy Castagne,T. Castagne,D,"21,0",True,Belgium,"6,1","63,0",0,0,0,0,0,"33,0","40,0","82,5","1,0",,,0,0,,,2026-04-01 01:00:00,Int. Friendly Games,Mexico,4781,Belgium,4717,1,1,D,Belgium,home,False,México,,,,,,,,,,,,,,,,,"0,0",,,,,,,,,,,,,,,,,,,,,,,,"0,0","47,1","0,0"
15372905,away,4-2-3-1,1001828,Koni De Winter,K. De Winter,D,"5,0",True,Belgium,"6,7","72,0",0,0,0,0,0,"44,0","53,0","83,0","5,0",,"1,0",0,0,,,2026-04-01 01:00:00,Int. Friendly Games,Mexico,4781,Belgium,4717,1,1,D,Belgium,home,False,México,,,,,,,,,,,,,,,,,"0,0",,,,,,,,,,,,,,,,,,,,,,,,"0,0","55,0","0,0"
15372905,away,4-2-3-1,1119487,Nathan Ngoy,N. Ngoy,D,"3,0",True,Belgium,"6,7","72,0",0,0,0,0,0,"50,0","54,0","92,6","1,0",,"2,0",0,0,,,2026-04-01 01:00:00,Int. Friendly Games,Mexico,4781,Belgium,4717,1,1,D,Belgium,home,False,México,,,,,,,,,,,,,,,,,"0,0",,,,,,,,,,,,,,,,,,,,,,,,"0,0","62,5","0,0"
15372905,away,4-2-3-1,997152,Maxim De Cuyper,M. De Cuyper,D,"29,0",True,Belgium,"6,3","72,0",0,0,0,1,0,"35,0","40,0","87,5","4,0",,,0,0,,,2026-04-01 01:00:00,Int. Friendly Games,Mexico,4781,Belgium,4717,1,1,D,Belgium,home,False,México,,,,,,,,,,,,,,,,,"1,0",,,,,,,,,,,,,,,,,,,,,,"72,0",,"0,0","43,8","0,0"
15372905,away,4-2-3-1,331737,Youri Tielemans,Y. Tielemans,M,"8,0",True,Belgium,"7,6","63,0",0,1,0,0,1,"29,0","40,0","72,5","6,0",,"2,0",0,0,,,2026-04-01 01:00:00,Int. Friendly Games,Mexico,4781,Belgium,4717,1,1,D,Belgium,home,False,México,,,,,,,,,,,,,,,,,"0,0",,,,,,,,,,,,,,,,,,,,,,,,"1,43","41,4","0,0"
15372905,away,4-2-3-1,35612,Axel Witsel,A. Witsel,M,"20,0",True,Belgium,"6,5","63,0",0,0,0,1,0,"45,0","47,0","95,7",,,"1,0",0,0,,,2026-04-01 01:00:00,Int. Friendly Games,Mexico,4781,Belgium,4717,1,1,D,Belgium,home,False,México,,,,,,,,,,,,,,,,,"1,0",,,,,,,,,,,,,,,,,,,,,,"63,0",,"0,0","64,3","0,0"
15372905,away,4-2-3-1,823631,Dodi Lukebakio,D. Lukebakio,M,"11,0",True,Belgium,"7,1","72,0",1,0,1,0,0,"17,0","22,0","77,3","3,0",,,0,0,,,2026-04-01 01:00:00,Int. Friendly Games,Mexico,4781,Belgium,4717,1,1,D,Belgium,home,False,México,,,,,,,,,,,,,,,,,"1,0",,,,,,,,,,,,,,,,,,,,,,"72,0","72,0","1,25","21,2","0,0"
15372905,away,4-2-3-1,70996,Kevin De Bruyne,K. De Bruyne,M,"11,0",True,Belgium,"6,7","72,0",0,0,0,0,0,"26,0","32,0","81,2","1,0",,,0,0,,,2026-04-01 01:00:00,Int. Friendly Games,Mexico,4781,Belgium,4717,1,1,D,Belgium,home,False,México,,,,,,,,,,,,,,,,,"0,0",,,,,,,,,,,,,,,,,,,,,,,,"0,0","32,5","0,0"
15372905,away,4-2-3-1,1149146,Mika Godts,M. Godts,F,"11,0",True,Belgium,"6,2","63,0",0,0,0,0,1,"21,0","25,0","84,0","2,0",,"1,0",0,0,,,2026-04-01 01:00:00,Int. Friendly Games,Mexico,4781,Belgium,4717,1,1,D,Belgium,home,False,México,,,,,,,,,,,,,,,,,"0,0",,,,,,,,,,,,,,,,,,,,,,,,"0,0","30,0","0,0"
15372905,away,4-2-3-1,835480,Loïs Openda,L. Openda,F,"20,0",True,Belgium,"6,4","63,0",0,0,0,0,0,"5,0","5,0","100,0","3,0",,,0,0,,,2026-04-01 01:00:00,Int. Friendly Games,Mexico,4781,Belgium,4717,1,1,D,Belgium,home,False,México,,,,,,,,,,,,,,,,,"0,0",,,,,,,,,,,,,,,,,,,,,,,,"0,0","7,1","0,0"
15372905,away,4-2-3-1,128587,Thomas Meunier,T. Meunier,D,"12,0",False,Belgium,"6,8","27,0",0,0,0,0,0,"10,0","13,0","76,9","1,0",,"1,0",0,0,,,2026-04-01 01:00:00,Int. Friendly Games,Mexico,4781,Belgium,4717,1,1,D,Belgium,home,False,México,,,,,,,,,,,,,,,,,"0,0",,,,,,,,,,,,,,,,,,,,,,,,"0,0","33,3","0,0"
15372905,away,4-2-3-1,889378,Nicolas Raskin,N. Raskin,M,"43,0",False,Belgium,"6,9","27,0",0,0,0,0,0,"25,0","29,0","86,2","2,0",,,0,0,,,2026-04-01 01:00:00,Int. Friendly Games,Mexico,4781,Belgium,4717,1,1,D,Belgium,home,False,México,,,,,,,,,,,,,,,,,"0,0",,,,,,,,,,,,,,,,,,,,,,,,"0,0","83,3","0,0"
15372905,away,4-2-3-1,923973,Amadou Onana,A. Onana,M,"24,0",False,Belgium,"6,7","27,0",0,0,0,0,0,"21,0","22,0","95,5",,,"2,0",0,0,,,2026-04-01 01:00:00,Int. Friendly Games,Mexico,4781,Belgium,4717,1,1,D,Belgium,home,False,México,,,,,,,,,,,,,,,,,"0,0",,,,,,,,,,,,,,,,,,,,,,,,"0,0","70,0","0,0"
15372905,away,4-2-3-1,934386,Jérémy Doku,J. Doku,M,"11,0",False,Belgium,"6,5","27,0",0,0,1,0,0,"13,0","13,0","100,0","4,0",,,0,0,,,2026-04-01 01:00:00,Int. Friendly Games,Mexico,4781,Belgium,4717,1,1,D,Belgium,home,False,México,,,,,,,,,,,,,,,,,"1,0",,,,,,,,,,,,,,,,,,,,,,"27,0","27,0","0,0","43,3","0,0"
15372905,away,4-2-3-1,960441,Charles De Ketelaere,C. De Ketelaere,F,"17,0",False,Belgium,"6,8","27,0",0,0,0,0,0,"15,0","19,0","78,9","5,0",,"1,0",0,0,,,2026-04-01 01:00:00,Int. Friendly Games,Mexico,4781,Belgium,4717,1,1,D,Belgium,home,False,México,,,,,,,,,,,,,,,,,"0,0",,,,,,,,,,,,,,,,,,,,,,,,"0,0","50,0","0,0"
15372905,away,4-2-3-1,1126512,Zeno Debast,Z. Debast,D,"6,0",False,Belgium,"6,7","18,0",0,0,0,0,0,"18,0","19,0","94,7",,,,0,0,,,2026-04-01 01:00:00,Int. Friendly Games,Mexico,4781,Belgium,4717,1,1,D,Belgium,home,False,México,,,,,,,,,,,,,,,,,"0,0",,,,,,,,,,,,,,,,,,,,,,,,"0,0","90,0","0,0"
15372905,away,4-2-3-1,965778,Arthur Theate,A. Theate,D,"3,0",False,Belgium,"6,8","18,0",0,0,0,0,0,"17,0","19,0","89,5","2,0",,"1,0",0,0,,,2026-04-01 01:00:00,Int. Friendly Games,Mexico,4781,Belgium,4717,1,1,D,Belgium,home,False,México,,,,,,,,,,,,,,,,,"0,0",,,,,,,,,,,,,,,,,,,,,,,,"0,0","85,0","0,0"
15372905,away,4-2-3-1,1395881,Joaquin Seys,J. Seys,D,"65,0",False,Belgium,"6,7","18,0",0,0,0,0,0,"14,0","16,0","87,5",,,,0,0,,,2026-04-01 01:00:00,Int. Friendly Games,Mexico,4781,Belgium,4717,1,1,D,Belgium,home,False,México,,,,,,,,,,,,,,,,,"0,0",,,,,,,,,,,,,,,,,,,,,,,,"0,0","70,0","0,0"
15372905,away,4-2-3-1,901891,Alexis Saelemaekers,A. Saelemaekers,M,"56,0",False,Belgium,"6,6","18,0",0,0,0,0,1,"6,0","9,0","66,7",,,,0,0,,,2026-04-01 01:00:00,Int. Friendly Games,Mexico,4781,Belgium,4717,1,1,D,Belgium,home,False,México,,,,,,,,,,,,,,,,,"0,0",,,,,,,,,,,,,,,,,,,,,,,,"0,0","30,0","0,0"
15372905,away,4-2-3-1,1126521,Lucas Stassin,L. Stassin,F,"9,0",False,Belgium,"6,4","18,0",0,0,0,0,0,"6,0","6,0","100,0","1,0",,,0,0,,,2026-04-01 01:00:00,Int. Friendly Games,Mexico,4781,Belgium,4717,1,1,D,Belgium,home,False,México,,,,,,,,,,,,,,,,,"0,0",,,,,,,,,,,,,,,,,,,,,,,,"0,0","30,0","0,0"
15372905,away,4-2-3-1,964753,Senne Lammens,S. Lammens,G,"31,0",False,Belgium,,,0,0,0,0,0,,,,,,,0,0,,,2026-04-01 01:00:00,Int. Friendly Games,Mexico,4781,Belgium,4717,1,1,D,Belgium,home,False,México,,,,,,,,,,,,,,,,,"0,0",,,,,,,,,,,,,,,,,,,,,,,,,,
15372905,away,4-2-3-1,934385,Maarten Vandevoordt,M. Vandevoordt,G,"26,0",False,Belgium,,,0,0,0,0,0,,,,,,,0,0,,,2026-04-01 01:00:00,Int. Friendly Games,Mexico,4781,Belgium,4717,1,1,D,Belgium,home,False,México,,,,,,,,,,,,,,,,,"0,0",,,,,,,,,,,,,,,,,,,,,,,,,,
15372905,away,4-2-3-1,248331,Brandon Mechele,B. Mechele,D,"44,0",False,Belgium,,,0,0,0,0,0,,,,,,,0,0,,,2026-04-01 01:00:00,Int. Friendly Games,Mexico,4781,Belgium,4717,1,1,D,Belgium,home,False,México,,,,,,,,,,,,,,,,,"0,0",,,,,,,,,,,,,,,,,,,,,,,,,,
15372905,away,4-2-3-1,1637689,Nathan De Cat,N. D. Cat,M,"74,0",False,Belgium,,,0,0,0,0,0,,,,,,,0,0,,,2026-04-01 01:00:00,Int. Friendly Games,Mexico,4781,Belgium,4717,1,1,D,Belgium,home,False,México,,,,,,,,,,,,,,,,,"0,0",,,,,,,,,,,,,,,,,,,,,,,,,,
15437863,home,4-1-4-1,990408,Raúl Rangel,R. Rangel,G,"1,0",True,Mexico,"7,4","90,0",0,0,0,0,0,"25,0","34,0","73,5",,,,0,0,,,2026-03-29 01:00:00,Int. Friendly Games,Mexico,4781,Portugal,4704,0,0,D,Portugal,home,True,México,,,,,,,,,"15,0","8,0",,"12,0","5,0","3,0","2,0","9,0","0,0",,,,"39,0",,,,,"4,0","20,0","0,0",,,,"2,0","0,2798",,"0,03","0,0","0,18","0,29",,,"0,0","25,0","3,0"
15437863,home,4-1-4-1,989236,Israel Reyes,I. Reyes,D,"3,0",True,Mexico,"7,4","90,0",0,0,1,0,1,"28,0","35,0","80,0","5,0","6,0","2,0",0,0,,,2026-03-29 01:00:00,Int. Friendly Games,Mexico,4781,Portugal,4704,0,0,D,Portugal,home,True,México,"1,0","83,3","2,0",,"2,0","100,0","3,0","1,0","4,0","2,0",,"16,0","11,0","3,0","2,0","8,0","1,0",,,,"57,0",,,,,"8,0","59,2","1,0","1,0",,,,,"-0,11","0,15","0,08","0,27",,"90,0","90,0","0,0","28,0","3,0"
15437863,home,4-1-4-1,818406,César Montes,C. Montes,D,"23,0",True,Mexico,"6,7","90,0",0,0,0,0,0,"19,0","23,0","82,6",,"2,0","2,0",0,0,,,2026-03-29 01:00:00,Int. Friendly Games,Mexico,4781,Portugal,4704,0,0,D,Portugal,home,True,México,"2,0","0,0",,"1,0","1,0","0,0",,,"4,0","1,0",,"9,0","5,0","3,0","4,0","4,0","0,0",,,,"29,0",,,,,"5,0","37,6","0,0",,,,,,,"0,09","0,02","0,23",,,,"0,0","19,0","3,0"
15437863,home,4-1-4-1,889785,Johan Vásquez,J. Vásquez,D,"22,0",True,Mexico,"7,0","90,0",0,0,0,0,0,"27,0","34,0","79,4","3,0","4,0","1,0",0,0,,,2026-03-29 01:00:00,Int. Friendly Games,Mexico,4781,Portugal,4704,0,0,D,Portugal,home,True,México,"1,0","75,0",,,,,"2,0","1,0","8,0","4,0",,"11,0","8,0","1,0",,"7,0","0,0",,,,"39,0",,,,,"12,0","91,3","0,0","2,0","1,0",,,,,"0,08","0,0","0,13",,,,"0,0","27,0","1,0"
15437863,home,4-1-4-1,770253,Jesús Gallardo,J. Gallardo,D,"20,0",True,Mexico,"6,9","78,0",0,0,0,0,0,"21,0","27,0","77,8","4,0","7,0",,0,0,,,2026-03-29 01:00:00,Int. Friendly Games,Mexico,4781,Portugal,4704,0,0,D,Portugal,home,True,México,"3,0","57,1","2,0",,"2,0","100,0","1,0",,"2,0","1,0","2,0","11,0","9,0",,"1,0","12,0","0,0",,,,"47,0","1,0","1,0","1,0","1,0","7,0","48,4","0,0","2,0",,"1,0",,,,"0,05","-0,06","0,19",,,,"0,0","24,2","0,0"
15437863,home,4-1-4-1,944068,Erik Lira,E. Lira,D,"6,0",True,Mexico,"6,5","78,0",0,0,0,0,0,"18,0","22,0","81,8","1,0","5,0",,0,0,,,2026-03-29 01:00:00,Int. Friendly Games,Mexico,4781,Portugal,4704,0,0,D,Portugal,home,True,México,"4,0","20,0",,"1,0","1,0","0,0","1,0","1,0","3,0","1,0",,"11,0","7,0","3,0","1,0","4,0","0,0",,,,"26,0",,,,,"7,0","53,9","1,0","3,0",,,,,,"0,07","0,04","0,16",,,,"0,0","20,8","3,5"
15437863,home,4-1-4-1,865500,Roberto Alvarado,R. Alvarado,F,"25,0",True,Mexico,"6,7","60,0",0,0,0,1,1,"8,0","14,0","57,1","4,0","7,0",,0,0,,,2026-03-29 01:00:00,Int. Friendly Games,Mexico,4781,Portugal,4704,0,0,D,Portugal,home,True,México,"3,0","57,1",,,,,"4,0","2,0",,,"1,0","14,0","8,0","3,0",,"9,0","1,0",,,,"22,0",,"1,0","1,0",,"9,0","89,4","3,0","1,0",,,,,"-0,1","-0,09","0,24","0,15",,"60,0",,"0,0","12,0","4,5"
15437863,home,4-1-4-1,838629,Álvaro Fidalgo,Á. Fidalgo,M,"15,0",True,Mexico,"6,8","60,0",0,0,0,0,1,"27,0","28,0","96,4","1,0","3,0",,0,0,,,2026-03-29 01:00:00,Int. Friendly Games,Mexico,4781,Portugal,4704,0,0,D,Portugal,home,True,México,"2,0","33,3",,,,,,,"4,0","4,0","1,0","19,0","19,0",,,"3,0","0,0",,,,"34,0",,"2,0",,,"8,0","53,5","0,0",,"1,0","1,0",,,,"0,08","0,0","0,0",,,,"0,0","40,5","0,0"
15437863,home,4-1-4-1,1119345,Obed Vargas,O. Vargas,M,"21,0",True,Mexico,"6,9","45,0",0,0,0,1,0,"13,0","15,0","86,7","2,0","3,0",,0,0,,,2026-03-29 01:00:00,Int. Friendly Games,Mexico,4781,Portugal,4704,0,0,D,Portugal,home,True,México,"1,0","66,7",,,,,"2,0","1,0","3,0","3,0",,"6,0","5,0",,"1,0","4,0","1,0",,,,"22,0",,"1,0",,,"6,0","40,3","0,0",,,,,,"-0,12","0,04","-0,04","0,17",,"45,0",,"0,0","26,0","0,0"
15437863,home,4-1-4-1,1023088,Brian Gutiérrez,B. Gutiérrez,M,"11,0",True,Mexico,"7,0","45,0",0,0,0,1,1,"13,0","16,0","81,2","3,0","3,0",,0,0,,,2026-03-29 01:00:00,Int. Friendly Games,Mexico,4781,Portugal,4704,0,0,D,Portugal,home,True,México,,"100,0","1,0",,"1,0","100,0","1,0","1,0","1,0","1,0",,"13,0","11,0","1,0",,"6,0","2,0",,,,"26,0","1,0",,"1,0","1,0","5,0","22,1","0,0",,,,,,"-0,17","0,19","0,06","0,14",,"22,5",,"0,0","26,0","2,0"
15437863,home,4-1-4-1,192442,Raúl Jiménez,R. Jiménez,F,"7,0",True,Mexico,"6,7","60,0",0,0,0,0,1,"11,0","18,0","61,1","4,0","8,0","1,0",0,0,,,2026-03-29 01:00:00,Int. Friendly Games,Mexico,4781,Portugal,4704,0,0,D,Portugal,home,True,México,"4,0","50,0",,"3,0","3,0","0,0",,,"5,0","3,0",,"17,0","10,0","2,0",,"10,0","0,0",,,,"26,0","2,0","1,0",,,"6,0","47,8","1,0",,"4,0","1,0",,,,"-0,04","0,07","0,13",,,,"0,0","16,5","3,0"
15437863,home,4-1-4-1,845849,Carlos Rodríguez,C. Rodríguez,M,"19,0",False,Mexico,"6,7","45,0",0,0,0,0,0,"14,0","16,0","87,5","2,0","4,0",,0,0,,,2026-03-29 01:00:00,Int. Friendly Games,Mexico,4781,Portugal,4704,0,0,D,Portugal,home,True,México,"2,0","50,0","1,0",,"1,0","100,0","1,0","1,0","2,0","1,0",,"5,0","4,0","3,0","1,0","3,0","0,0",,,,"20,0",,"1,0",,,"1,0","3,7","0,0","1,0",,,,,,"-0,06","0,0","0,18",,,,"0,0","28,0","6,0"
15437863,home,4-1-4-1,843114,Julián Quiñones,J. Quiñones,F,"33,0",False,Mexico,"7,7","45,0",0,0,0,0,1,"8,0","9,0","88,9","7,0","11,0",,0,0,,,2026-03-29 01:00:00,Int. Friendly Games,Mexico,4781,Portugal,4704,0,0,D,Portugal,home,True,México,"4,0","63,6",,,,,"2,0","2,0","2,0","2,0","1,0","6,0","5,0","2,0","1,0","6,0","1,0",,"1,0",,"24,0","1,0","2,0","3,0","2,0","8,0","62,8","2,0","1,0","3,0",,,,"-0,07","0,54","0,18","-0,01",,"45,0",,"0,0","16,0","4,0"
15437863,home,4-1-4-1,985176,Richard Ledezma,R. Ledezma,M,"37,0",False,Mexico,"6,6","30,0",0,0,0,0,0,"1,0","5,0","20,0","2,0","3,0",,0,0,,,2026-03-29 01:00:00,Int. Friendly Games,Mexico,4781,Portugal,4704,0,0,D,Portugal,home,True,México,"1,0","66,7","1,0","1,0","2,0","50,0","1,0",,,,,"5,0","1,0","1,0","1,0","4,0","0,0",,,,"8,0",,,,,"1,0","3,3","0,0",,,,,,,"-0,06","-0,06","0,0",,,,"0,0","3,0","3,0"
15437863,home,4-1-4-1,845322,Erick Sánchez,E. Sánchez,M,"28,0",False,Mexico,"6,8","30,0",0,0,0,0,0,"7,0","8,0","87,5","2,0","4,0",,0,0,,,2026-03-29 01:00:00,Int. Friendly Games,Mexico,4781,Portugal,4704,0,0,D,Portugal,home,True,México,"2,0","50,0",,,,,"1,0","1,0","1,0",,,"4,0","3,0","3,0","1,0","1,0","0,0",,,,"11,0",,,"1,0","1,0","6,0","40,8","0,0","1,0",,,,,,"-0,02","0,04","0,24",,,,"0,0","21,0","9,0"
15437863,home,4-1-4-1,822606,Germán Berterame,G. Berterame,F,"19,0",False,Mexico,"6,4","30,0",0,0,0,0,0,"3,0","6,0","50,0","2,0","6,0",,0,0,,,2026-03-29 01:00:00,Int. Friendly Games,Mexico,4781,Portugal,4704,0,0,D,Portugal,home,True,México,"4,0","33,3","2,0","4,0","6,0","33,3",,,,,,"5,0","3,0","1,0",,"3,0","0,0",,,,"11,0",,,,,"4,0","33,0","0,0",,,,,,,"-0,01","0,0","-0,01",,,,"0,0","9,0","3,0"
15437863,home,4-1-4-1,1199256,Everardo López,E. López,D,"25,0",False,Mexico,"6,4","12,0",0,0,0,0,0,,,,,"2,0",,0,0,,,2026-03-29 01:00:00,Int. Friendly Games,Mexico,4781,Portugal,4704,0,0,D,Portugal,home,True,México,"2,0","0,0",,"1,0","1,0","0,0",,,,,,,,,,,"0,0",,,,"1,0",,,,,,"0,0",,,,,,,,,,,,,,"0,0","0,0","0,0"
15437863,home,4-1-4-1,1595162,Armando González,A. González,F,"34,0",False,Mexico,"6,3","12,0",0,0,0,1,0,,,,,"1,0",,0,0,,,2026-03-29 01:00:00,Int. Friendly Games,Mexico,4781,Portugal,4704,0,0,D,Portugal,home,True,México,"1,0","0,0",,,,,,,,,,,,,,,"1,0","1,0",,,"2,0",,,,,,"0,0",,,,,,,"-0,55",,,"-0,04",,"12,0",,"0,0","0,0","0,0"
15437863,home,4-1-4-1,15497,Guillermo Ochoa,G. Ochoa,G,"13,0",False,Mexico,,,0,0,0,0,0,,,,,,,0,0,,,2026-03-29 01:00:00,Int. Friendly Games,Mexico,4781,Portugal,4704,0,0,D,Portugal,home,True,México,,,,,,,,,,,,,,,,,"0,0",,,,,,,,,,,,,,,,,,,,,,,,,,
15437863,home,4-1-4-1,840519,Carlos Acevedo,C. Acevedo,G,"1,0",False,Mexico,,,0,0,0,0,0,,,,,,,0,0,,,2026-03-29 01:00:00,Int. Friendly Games,Mexico,4781,Portugal,4704,0,0,D,Portugal,home,True,México,,,,,,,,,,,,,,,,,"0,0",,,,,,,,,,,,,,,,,,,,,,,,,,
15437863,home,4-1-4-1,832868,Jorge Sánchez,J. Sánchez,D,"35,0",False,Mexico,,,0,0,0,0,0,,,,,,,0,0,,,2026-03-29 01:00:00,Int. Friendly Games,Mexico,4781,Portugal,4704,0,0,D,Portugal,home,True,México,,,,,,,,,,,,,,,,,"0,0",,,,,,,,,,,,,,,,,,,,,,,,,,
15437863,home,4-1-4-1,869277,Jesús Angulo,J. Angulo,D,"27,0",False,Mexico,,,0,0,0,0,0,,,,,,,0,0,,,2026-03-29 01:00:00,Int. Friendly Games,Mexico,4781,Portugal,4704,0,0,D,Portugal,home,True,México,,,,,,,,,,,,,,,,,"0,0",,,,,,,,,,,,,,,,,,,,,,,,,,
15437863,home,4-1-4-1,850404,Orbelín Pineda,O. Pineda,M,"13,0",False,Mexico,,,0,0,0,0,0,,,,,,,0,0,,,2026-03-29 01:00:00,Int. Friendly Games,Mexico,4781,Portugal,4704,0,0,D,Portugal,home,True,México,,,,,,,,,,,,,,,,,"0,0",,,,,,,,,,,,,,,,,,,,,,,,,,
15437863,home,4-1-4-1,1192342,Denzell Garcia,D. Garcia,M,"5,0",False,Mexico,,,0,0,0,0,0,,,,,,,0,0,,,2026-03-29 01:00:00,Int. Friendly Games,Mexico,4781,Portugal,4704,0,0,D,Portugal,home,True,México,,,,,,,,,,,,,,,,,"0,0",,,,,,,,,,,,,,,,,,,,,,,,,,
15437863,home,4-1-4-1,815637,Alexis Vega,A. Vega,M,"9,0",False,Mexico,,,0,0,0,0,0,,,,,,,0,0,,,2026-03-29 01:00:00,Int. Friendly Games,Mexico,4781,Portugal,4704,0,0,D,Portugal,home,True,México,,,,,,,,,,,,,,,,,"0,0",,,,,,,,,,,,,,,,,,,,,,,,,,
15437863,home,4-1-4-1,795282,Guillermo Martínez,G. Martínez,F,"9,0",False,Mexico,,,0,0,0,0,0,,,,,,,0,0,,,2026-03-29 01:00:00,Int. Friendly Games,Mexico,4781,Portugal,4704,0,0,D,Portugal,home,True,México,,,,,,,,,,,,,,,,,"0,0",,,,,,,,,,,,,,,,,,,,,,,,,,
15437863,away,4-2-3-1,253809,Rui Silva,R. Silva,G,"1,0",True,Portugal,"7,1","90,0",0,0,0,0,0,"25,0","27,0","92,6",,,,0,0,,,2026-03-29 01:00:00,Int. Friendly Games,Mexico,4781,Portugal,4704,0,0,D,Portugal,home,False,México,,,,,,,,,,,,,,,,,"0,0",,,,,,,,,,,,,,,,,,,,,,,,"0,0","25,0","0,0"
15437863,away,4-2-3-1,945122,Matheus Nunes,M. Nunes,D,"27,0",True,Portugal,"6,8","45,0",0,0,0,0,0,"18,0","20,0","90,0","3,0",,"1,0",0,0,,,2026-03-29 01:00:00,Int. Friendly Games,Mexico,4781,Portugal,4704,0,0,D,Portugal,home,False,México,,,,,,,,,,,,,,,,,"0,0",,,,,,,,,,,,,,,,,,,,,,,,"0,0","36,0","0,0"
15437863,away,4-2-3-1,1006069,António Silva,A. Silva,D,"4,0",True,Portugal,"7,0","45,0",0,0,0,0,0,"48,0","53,0","90,6",,,,0,0,,,2026-03-29 01:00:00,Int. Friendly Games,Mexico,4781,Portugal,4704,0,0,D,Portugal,home,False,México,,,,,,,,,,,,,,,,,"0,0",,,,,,,,,,,,,,,,,,,,,,,,"0,0","96,0","0,0"
15437863,away,4-2-3-1,1087359,Renato Veiga,R. Veiga,D,"12,0",True,Portugal,"6,9","90,0",0,0,0,1,0,"75,0","86,0","87,2","4,0",,"1,0",0,0,,,2026-03-29 01:00:00,Int. Friendly Games,Mexico,4781,Portugal,4704,0,0,D,Portugal,home,False,México,,,,,,,,,,,,,,,,,"1,0",,,,,,,,,,,,,,,,,,,,,,"90,0",,"0,0","75,0","0,0"
15437863,away,4-2-3-1,989768,Nuno Mendes,N. Mendes,D,"25,0",True,Portugal,"6,4","45,0",0,0,0,0,0,"17,0","18,0","94,4","1,0",,,0,0,,,2026-03-29 01:00:00,Int. Friendly Games,Mexico,4781,Portugal,4704,0,0,D,Portugal,home,False,México,,,,,,,,,,,,,,,,,"0,0",,,,,,,,,,,,,,,,,,,,,,,,"0,0","34,0","0,0"
15437863,away,4-2-3-1,280955,Rúben Neves,R. Neves,M,"8,0",True,Portugal,"7,0","45,0",0,0,0,0,0,"47,0","50,0","94,0","1,0",,,0,0,,,2026-03-29 01:00:00,Int. Friendly Games,Mexico,4781,Portugal,4704,0,0,D,Portugal,home,False,México,,,,,,,,,,,,,,,,,"0,0",,,,,,,,,,,,,,,,,,,,,,,,"0,0","94,0","0,0"
15437863,away,4-2-3-1,988351,Samú Costa,S. Costa,M,"12,0",True,Portugal,"7,0","45,0",0,0,1,0,0,"33,0","34,0","97,1","4,0",,,0,0,,,2026-03-29 01:00:00,Int. Friendly Games,Mexico,4781,Portugal,4704,0,0,D,Portugal,home,False,México,,,,,,,,,,,,,,,,,"1,0",,,,,,,,,,,,,,,,,,,,,,"45,0","45,0","0,0","66,0","0,0"
15437863,away,4-2-3-1,979222,Francisco Conceição,F. Conceição,F,"7,0",True,Portugal,"6,4","45,0",0,0,0,0,0,"15,0","15,0","100,0",,,,0,0,,,2026-03-29 01:00:00,Int. Friendly Games,Mexico,4781,Portugal,4704,0,0,D,Portugal,home,False,México,,,,,,,,,,,,,,,,,"0,0",,,,,,,,,,,,,,,,,,,,,,,,"0,0","30,0","0,0"
15437863,away,4-2-3-1,288205,Bruno Fernandes,B. Fernandes,M,"8,0",True,Portugal,"7,1","81,0",0,0,0,1,5,"36,0","44,0","81,8","2,0",,"2,0",0,0,,,2026-03-29 01:00:00,Int. Friendly Games,Mexico,4781,Portugal,4704,0,0,D,Portugal,home,False,México,,,,,,,,,,,,,,,,,"1,0",,,,,,,,,,,,,,,,,,,,,,"81,0",,"0,0","40,0","0,0"
15437863,away,4-2-3-1,851671,João Félix,J. Félix,F,"79,0",True,Portugal,"6,6","45,0",0,0,0,1,0,"13,0","16,0","81,2","2,0",,,0,0,,,2026-03-29 01:00:00,Int. Friendly Games,Mexico,4781,Portugal,4704,0,0,D,Portugal,home,False,México,,,,,,,,,,,,,,,,,"1,0",,,,,,,,,,,,,,,,,,,,,,"45,0",,"0,0","26,0","0,0"
15437863,away,4-2-3-1,934510,Gonçalo Ramos,G. Ramos,F,"9,0",True,Portugal,"6,4","64,0",0,0,0,2,0,"5,0","7,0","71,4","2,0",,"1,0",0,0,,,2026-03-29 01:00:00,Int. Friendly Games,Mexico,4781,Portugal,4704,0,0,D,Portugal,home,False,México,,,,,,,,,,,,,,,,,"2,0",,,,,,,,,,,,,,,,,,,,,,"32,0",,"0,0","7,0","0,0"
15437863,away,4-2-3-1,138892,João Cancelo,J. Cancelo,D,"2,0",False,Portugal,"6,9","45,0",0,0,0,1,0,"24,0","27,0","88,9","5,0",,,0,0,,,2026-03-29 01:00:00,Int. Friendly Games,Mexico,4781,Portugal,4704,0,0,D,Portugal,home,False,México,,,,,,,,,,,,,,,,,"1,0",,,,,,,,,,,,,,,,,,,,,,"45,0",,"0,0","48,0","0,0"
15437863,away,4-2-3-1,983542,Tomás Araújo,T. Araújo,D,"44,0",False,Portugal,"6,6","45,0",0,0,0,0,0,"31,0","34,0","91,2",,,"1,0",0,0,,,2026-03-29 01:00:00,Int. Friendly Games,Mexico,4781,Portugal,4704,0,0,D,Portugal,home,False,México,,,,,,,,,,,,,,,,,"0,0",,,,,,,,,,,,,,,,,,,,,,,,"0,0","62,0","0,0"
15437863,away,4-2-3-1,843200,Diogo Dalot,D. Dalot,D,"2,0",False,Portugal,"6,6","45,0",0,0,0,0,1,"20,0","21,0","95,2",,,"1,0",0,0,,,2026-03-29 01:00:00,Int. Friendly Games,Mexico,4781,Portugal,4704,0,0,D,Portugal,home,False,México,,,,,,,,,,,,,,,,,"0,0",,,,,,,,,,,,,,,,,,,,,,,,"0,0","40,0","0,0"
15437863,away,4-2-3-1,879349,Pedro Neto,P. Neto,M,"7,0",False,Portugal,"7,1","45,0",0,0,1,1,0,"27,0","30,0","90,0","4,0",,,0,0,,,2026-03-29 01:00:00,Int. Friendly Games,Mexico,4781,Portugal,4704,0,0,D,Portugal,home,False,México,,,,,,,,,,,,,,,,,"2,0",,,,,,,,,,,,,,,,,,,,,,"22,5","45,0","0,0","54,0","0,0"
15437863,away,4-2-3-1,280979,Gonçalo Guedes,G. Guedes,M,"11,0",False,Portugal,"6,0","45,0",0,0,0,0,1,"16,0","19,0","84,2",,,,0,0,,,2026-03-29 01:00:00,Int. Friendly Games,Mexico,4781,Portugal,4704,0,0,D,Portugal,home,False,México,,,,,,,,,,,,,,,,,"0,0",,,,,,,,,,,,,,,,,,,,,,,,"0,0","32,0","0,0"
15437863,away,4-2-3-1,1190933,João Neves,J. Neves,M,"87,0",False,Portugal,"6,9","45,0",0,0,0,0,0,"38,0","42,0","90,5","6,0",,,0,0,,,2026-03-29 01:00:00,Int. Friendly Games,Mexico,4781,Portugal,4704,0,0,D,Portugal,home,False,México,,,,,,,,,,,,,,,,,"0,0",,,,,,,,,,,,,,,,,,,,,,,,"0,0","76,0","0,0"
15437863,away,4-2-3-1,902029,Vitinha,Vitinha,M,"17,0",False,Portugal,"7,5","45,0",0,0,0,0,1,"67,0","70,0","95,7","2,0",,,0,0,,,2026-03-29 01:00:00,Int. Friendly Games,Mexico,4781,Portugal,4704,0,0,D,Portugal,home,False,México,,,,,,,,,,,,,,,,,"0,0",,,,,,,,,,,,,,,,,,,,,,,,"0,0","134,0","0,0"
15437863,away,4-2-3-1,205790,Paulinho,Paulinho,F,"26,0",False,Portugal,"6,2","26,0",0,0,0,0,1,"2,0","3,0","66,7",,,,0,0,,,2026-03-29 01:00:00,Int. Friendly Games,Mexico,4781,Portugal,4704,0,0,D,Portugal,home,False,México,,,,,,,,,,,,,,,,,"0,0",,,,,,,,,,,,,,,,,,,,,,,,"0,0","6,9","0,0"
15437863,away,4-2-3-1,830431,Francisco Trincão,F. Trincão,M,"17,0",False,Portugal,"6,6","9,0",0,0,0,0,0,"5,0","5,0","100,0","1,0",,,0,0,,,2026-03-29 01:00:00,Int. Friendly Games,Mexico,4781,Portugal,4704,0,0,D,Portugal,home,False,México,,,,,,,,,,,,,,,,,"0,0",,,,,,,,,,,,,,,,,,,,,,,,"0,0","50,0","0,0"
15437863,away,4-2-3-1,252669,José Sá,J. Sá,G,"1,0",False,Portugal,,,0,0,0,0,0,,,,,,,0,0,,,2026-03-29 01:00:00,Int. Friendly Games,Mexico,4781,Portugal,4704,0,0,D,Portugal,home,False,México,,,,,,,,,,,,,,,,,"0,0",,,,,,,,,,,,,,,,,,,,,,,,,,
15437863,away,4-2-3-1,845792,Ricardo Velho,R. Velho,G,"24,0",False,Portugal,,,0,0,0,0,0,,,,,,,0,0,,,2026-03-29 01:00:00,Int. Friendly Games,Mexico,4781,Portugal,4704,0,0,D,Portugal,home,False,México,,,,,,,,,,,,,,,,,"0,0",,,,,,,,,,,,,,,,,,,,,,,,,,
15437863,away,4-2-3-1,1001196,Gonçalo Inácio,G. Inácio,D,"25,0",False,Portugal,,,0,0,0,0,0,,,,,,,0,0,,,2026-03-29 01:00:00,Int. Friendly Games,Mexico,4781,Portugal,4704,0,0,D,Portugal,home,False,México,,,,,,,,,,,,,,,,,"0,0",,,,,,,,,,,,,,,,,,,,,,,,,,
15437863,away,4-2-3-1,895764,Pedro Gonçalves,P. Gonçalves,M,"8,0",False,Portugal,,,0,0,0,0,0,,,,,,,0,0,,,2026-03-29 01:00:00,Int. Friendly Games,Mexico,4781,Portugal,4704,0,0,D,Portugal,home,False,México,,,,,,,,,,,,,,,,,"0,0",,,,,,,,,,,,,,,,,,,,,,,,,,
15437863,away,4-2-3-1,1142562,Mateus Fernandes,M. Fernandes,M,"18,0",False,Portugal,,,0,0,0,0,0,,,,,,,0,0,,,2026-03-29 01:00:00,Int. Friendly Games,Mexico,4781,Portugal,4704,0,0,D,Portugal,home,False,México,,,,,,,,,,,,,,,,,"0,0",,,,,,,,,,,,,,,,,,,,,,,,,,
15437863,away,4-2-3-1,314380,Ricardo Horta,R. Horta,F,"21,0",False,Portugal,,,0,0,0,0,0,,,,,,,0,0,,,2026-03-29 01:00:00,Int. Friendly Games,Mexico,4781,Portugal,4704,0,0,D,Portugal,home,False,México,,,,,,,,,,,,,,,,,"0,0",,,,,,,,,,,,,,,,,,,,,,,,,,
15362811,home,4-1-4-1,990408,Raúl Rangel,R. Rangel,G,"1,0",True,Mexico,"7,3","90,0",0,0,0,0,0,"28,0","36,0","77,8",,,,0,0,,,2026-02-26 02:00:00,Int. Friendly Games,Mexico,4781,Iceland,4708,4,0,W,Iceland,home,True,México,,,,,,,,,"14,0","6,0",,"7,0","1,0","8,0","2,0","9,0","0,0",,,,"44,0",,,,,"10,0","60,5","0,0",,,,"2,0",,,,,,,,,"0,0","28,0","8,0"
15362811,home,4-1-4-1,985176,Richard Ledezma,R. Ledezma,M,"37,0",True,Mexico,"7,7","66,0",1,0,1,0,1,"31,0","34,0","91,2","2,0","3,0",,0,0,,,2026-02-26 02:00:00,Int. Friendly Games,Mexico,4781,Iceland,4708,4,0,W,Iceland,home,True,México,"1,0","66,7","2,0",,"2,0","100,0",,,"1,0",,"3,0","24,0","22,0","2,0",,"5,0","2,0",,"1,0",,"47,0",,,,,"8,0","64,7","1,0","1,0",,,,,,,,,,"33,0","66,0","1,36","42,3","2,7"
15362811,home,4-1-4-1,989236,Israel Reyes,I. Reyes,D,"3,0",True,Mexico,"7,6","90,0",0,0,0,0,1,"75,0","85,0","88,2","6,0","7,0","2,0",0,0,,,2026-02-26 02:00:00,Int. Friendly Games,Mexico,4781,Iceland,4708,4,0,W,Iceland,home,True,México,"1,0","85,7","4,0","1,0","5,0","80,0","1,0","1,0","13,0","6,0",,"45,0","36,0","1,0","2,0","10,0","0,0",,,,"94,0",,,,,"34,0","214,5","1,0",,"1,0",,,,,,,,,,,"0,0","75,0","1,0"
15362811,home,4-1-4-1,1199256,Everardo López,E. López,D,"25,0",True,Mexico,"6,7","90,0",0,0,0,0,0,"71,0","80,0","88,8","3,0","6,0","2,0",0,0,,,2026-02-26 02:00:00,Int. Friendly Games,Mexico,4781,Iceland,4708,4,0,W,Iceland,home,True,México,"3,0","50,0","3,0","1,0","4,0","75,0",,,"7,0","2,0",,"31,0","24,0","1,0","2,0","10,0","0,0",,,,"87,0","1,0",,,,"34,0","213,9","0,0","1,0",,,,,,,,,,,,"0,0","71,0","1,0"
15362811,home,4-1-4-1,770253,Jesús Gallardo,J. Gallardo,D,"20,0",True,Mexico,"8,9","90,0",1,0,1,0,5,"52,0","63,0","82,5","3,0","10,0","3,0",0,0,,,2026-02-26 02:00:00,Int. Friendly Games,Mexico,4781,Iceland,4708,4,0,W,Iceland,home,True,México,"7,0","30,0","2,0","3,0","5,0","40,0","1,0","1,0","7,0","2,0","5,0","41,0","35,0","5,0","2,0","15,0","1,0",,"1,0",,"90,0","1,0",,,,"10,0","65,7","0,0","3,0",,"1,0",,,,,,,,"90,0","90,0","1,0","52,0","5,0"
15362811,home,4-1-4-1,944068,Erik Lira,E. Lira,D,"6,0",True,Mexico,"7,2","66,0",0,0,1,1,0,"48,0","52,0","92,3","2,0","4,0","1,0",0,0,,,2026-02-26 02:00:00,Int. Friendly Games,Mexico,4781,Iceland,4708,4,0,W,Iceland,home,True,México,"2,0","50,0",,"1,0","1,0","0,0","1,0","1,0","7,0","6,0",,"26,0","23,0","9,0",,"6,0","2,0","1,0",,,"60,0","2,0",,"1,0","1,0","12,0","80,4","0,0","1,0",,,,,,,,,,"33,0","66,0","0,0","65,5","12,3"
15362811,home,4-1-4-1,865500,Roberto Alvarado,R. Alvarado,F,"25,0",True,Mexico,"7,2","57,0",0,0,1,1,2,"20,0","24,0","83,3","2,0","3,0",,0,0,,,2026-02-26 02:00:00,Int. Friendly Games,Mexico,4781,Iceland,4708,4,0,W,Iceland,home,True,México,"1,0","66,7",,,,,,,,,"1,0","17,0","14,0",,,"6,0","3,0",,,,"33,0",,"1,0",,,"10,0","63,6","0,0",,"2,0",,,,,,,,,"19,0","57,0","0,0","31,6","0,0"
15362811,home,4-1-4-1,942167,Marcel Ruíz,M. Ruíz,M,"14,0",True,Mexico,"6,6","58,0",0,0,0,2,0,"22,0","26,0","84,6","2,0","3,0","1,0",0,0,,,2026-02-26 02:00:00,Int. Friendly Games,Mexico,4781,Iceland,4708,4,0,W,Iceland,home,True,México,"1,0","66,7",,,,,,,,,,"20,0","16,0","2,0",,"5,0","3,0","1,0",,,"35,0","1,0",,,,"10,0","54,2","0,0","1,0","2,0",,,,,,,,,"19,3",,"0,0","34,1","3,1"
15362811,home,4-1-4-1,1023088,Brian Gutiérrez,B. Gutiérrez,M,"11,0",True,Mexico,"8,1","90,0",1,0,3,1,5,"32,0","35,0","91,4","5,0","8,0",,0,0,,,2026-02-26 02:00:00,Int. Friendly Games,Mexico,4781,Iceland,4708,4,0,W,Iceland,home,True,México,"3,0","62,5","1,0",,"1,0","100,0","2,0","2,0",,,"6,0","30,0","27,0","3,0",,"10,0","7,0","3,0","1,0",,"62,0",,"2,0","3,0","2,0","17,0","176,1","6,0",,,"1,0",,,,,,,,"12,9","30,0","1,0","32,0","3,0"
15362811,home,4-1-4-1,931736,Efrain Alvarez,E. Alvarez,F,"10,0",True,Mexico,"6,8","57,0",0,0,0,0,1,"28,0","32,0","87,5","2,0","2,0",,0,0,,,2026-02-26 02:00:00,Int. Friendly Games,Mexico,4781,Iceland,4708,4,0,W,Iceland,home,True,México,,"100,0",,,,,"1,0",,"3,0","1,0","2,0","26,0","23,0",,"1,0","7,0","0,0",,,,"40,0","1,0",,"1,0","1,0","8,0","33,1","0,0",,,,,,,,,,,,,"0,0","44,2","0,0"
15362811,home,4-1-4-1,1595162,Armando González,A. González,F,"34,0",True,Mexico,"8,2","66,0",1,1,3,1,1,"6,0","7,0","85,7","3,0","8,0",,0,0,,,2026-02-26 02:00:00,Int. Friendly Games,Mexico,4781,Iceland,4708,4,0,W,Iceland,home,True,México,"5,0","37,5",,"5,0","5,0","0,0",,,,,,"4,0","4,0","1,0",,"4,0","4,0","1,0","1,0",,"17,0","3,0",,"1,0","1,0","5,0","26,1","0,0",,"2,0","3,0",,,,,,,,"16,5","22,0","2,73","8,2","1,4"
15362811,home,4-1-4-1,905247,Alexis Gutiérrez,A. Gutiérrez,M,"20,0",False,Mexico,"7,0","33,0",0,1,0,0,1,"14,0","16,0","87,5",,,,0,0,,,2026-02-26 02:00:00,Int. Friendly Games,Mexico,4781,Iceland,4708,4,0,W,Iceland,home,True,México,,,,,,,,,"1,0","1,0","1,0","14,0","12,0",,,"2,0","0,0",,,,"19,0",,,,,"8,0","65,4","1,0",,,,,,,,,,,,,"2,73","38,2","0,0"
15362811,home,4-1-4-1,845849,Carlos Rodríguez,C. Rodríguez,M,"19,0",False,Mexico,"6,9","33,0",0,0,0,1,0,"23,0","25,0","92,0","3,0","4,0",,0,0,,,2026-02-26 02:00:00,Int. Friendly Games,Mexico,4781,Iceland,4708,4,0,W,Iceland,home,True,México,"1,0","75,0","1,0",,"1,0","100,0","2,0","2,0",,,,"15,0","13,0","3,0",,"3,0","1,0",,,,"29,0",,,,,"9,0","59,3","1,0",,,,,,,,,,,"33,0",,"0,0","62,7","8,2"
15362811,home,4-1-4-1,845322,Erick Sánchez,E. Sánchez,M,"28,0",False,Mexico,"6,8","32,0",0,0,0,0,0,"7,0","9,0","77,8","3,0","5,0",,0,0,,,2026-02-26 02:00:00,Int. Friendly Games,Mexico,4781,Iceland,4708,4,0,W,Iceland,home,True,México,"2,0","60,0",,"1,0","1,0","0,0",,,,,,"7,0","5,0","2,0",,"2,0","0,0",,,,"12,0",,,"1,0","1,0","3,0","17,6","0,0",,"2,0",,,,,,,,,,,"0,0","19,7","5,6"
15362811,home,4-1-4-1,991427,Jesus Garza,J. Garza,D,"14,0",False,Mexico,"6,8","24,0",0,0,0,0,0,"10,0","12,0","83,3","2,0","2,0",,0,0,,,2026-02-26 02:00:00,Int. Friendly Games,Mexico,4781,Iceland,4708,4,0,W,Iceland,home,True,México,,"100,0",,,,,"2,0","1,0","2,0","1,0","1,0","8,0","7,0","1,0",,"3,0","0,0",,,,"17,0","1,0",,,,"3,0","20,1","0,0",,,,,,,,,,,,,"0,0","37,5","3,8"
15362811,home,4-1-4-1,990399,Diego Campillo,D. Campillo,D,"19,0",False,Mexico,"6,6","24,0",0,0,0,0,0,"20,0","20,0","100,0",,,,0,0,,,2026-02-26 02:00:00,Int. Friendly Games,Mexico,4781,Iceland,4708,4,0,W,Iceland,home,True,México,,,,,,,,,,,,"11,0","11,0","1,0",,"1,0","0,0",,,,"21,0",,,,,"7,0","29,9","0,0",,,,,,,,,,,,,"0,0","75,0","3,8"
15362811,home,4-1-4-1,795282,Guillermo Martínez,G. Martínez,F,"9,0",False,Mexico,"6,3","24,0",0,0,1,0,0,"3,0","6,0","50,0","1,0","2,0",,0,0,,,2026-02-26 02:00:00,Int. Friendly Games,Mexico,4781,Iceland,4708,4,0,W,Iceland,home,True,México,"1,0","50,0","1,0","1,0","2,0","50,0",,,"2,0",,"1,0","4,0","2,0",,,"4,0","1,0","1,0",,,"8,0",,,,,"2,0","12,6","1,0",,,,,,,,,,,"24,0","24,0","0,0","11,2","0,0"
15362811,home,4-1-4-1,830240,Luis Malagón,L. Malagón,G,"1,0",False,Mexico,,,0,0,0,0,0,,,,,,,0,0,,,2026-02-26 02:00:00,Int. Friendly Games,Mexico,4781,Iceland,4708,4,0,W,Iceland,home,True,México,,,,,,,,,,,,,,,,,"0,0",,,,,,,,,,,,,,,,,,,,,,,,,,
15362811,home,4-1-4-1,840519,Carlos Acevedo,C. Acevedo,G,"1,0",False,Mexico,,,0,0,0,0,0,,,,,,,0,0,,,2026-02-26 02:00:00,Int. Friendly Games,Mexico,4781,Iceland,4708,4,0,W,Iceland,home,True,México,,,,,,,,,,,,,,,,,"0,0",,,,,,,,,,,,,,,,,,,,,,,,,,
15362811,home,4-1-4-1,1002375,Victor Guzmán,V. Guzmán,D,"4,0",False,Mexico,,,0,0,0,0,0,,,,,,,0,0,,,2026-02-26 02:00:00,Int. Friendly Games,Mexico,4781,Iceland,4708,4,0,W,Iceland,home,True,México,,,,,,,,,,,,,,,,,"0,0",,,,,,,,,,,,,,,,,,,,,,,,,,
15362811,home,4-1-4-1,1192342,Denzell Garcia,D. Garcia,M,"5,0",False,Mexico,,,0,0,0,0,0,,,,,,,0,0,,,2026-02-26 02:00:00,Int. Friendly Games,Mexico,4781,Iceland,4708,4,0,W,Iceland,home,True,México,,,,,,,,,,,,,,,,,"0,0",,,,,,,,,,,,,,,,,,,,,,,,,,
15362811,away,5-4-1,797032,Anton Ari Einarsson,A. Einarsson,G,"1,0",True,Iceland,"7,5","90,0",0,0,0,0,0,"41,0","47,0","87,2",,,,0,0,,,2026-02-26 02:00:00,Int. Friendly Games,Mexico,4781,Iceland,4708,4,0,W,Iceland,home,False,México,,,,,,,,,,,,,,,,,"0,0",,,,,,,,,,,,,,,,,,,,,,,,"0,0","41,0","0,0"
15362811,away,5-4-1,907515,Karl Friðleifur Gunnarsson,K. Gunnarsson,D,"22,0",True,Iceland,"6,0","90,0",0,0,0,0,0,"5,0","8,0","62,5","3,0",,"1,0",0,0,,,2026-02-26 02:00:00,Int. Friendly Games,Mexico,4781,Iceland,4708,4,0,W,Iceland,home,False,México,,,,,,,,,,,,,,,,,"0,0",,,,,,,,,,,,,,,,,,,,,,,,"0,0","5,0","0,0"
15362811,away,5-4-1,156416,Höskuldur Gunnlaugsson,H. Gunnlaugsson,M,"7,0",True,Iceland,"6,0","90,0",0,0,0,0,2,"16,0","20,0","80,0","2,0",,"1,0",0,0,,,2026-02-26 02:00:00,Int. Friendly Games,Mexico,4781,Iceland,4708,4,0,W,Iceland,home,False,México,,,,,,,,,,,,,,,,,"0,0",,,,,,,,,,,,,,,,,,,,,,,,"0,0","16,0","0,0"
15362811,away,5-4-1,73624,Damir Muminović,D. Muminović,D,"44,0",True,Iceland,"6,8","90,0",0,0,0,0,0,"66,0","72,0","91,7","3,0",,"1,0",0,0,,,2026-02-26 02:00:00,Int. Friendly Games,Mexico,4781,Iceland,4708,4,0,W,Iceland,home,False,México,,,,,,,,,,,,,,,,,"0,0",,,,,,,,,,,,,,,,,,,,,,,,"0,0","66,0","0,0"
15362811,away,5-4-1,64376,Guðmundur Kristjánsson,G. Kristjansson,D,"5,0",True,Iceland,"6,4","63,0",0,0,0,0,0,"39,0","45,0","86,7","2,0",,,0,0,,,2026-02-26 02:00:00,Int. Friendly Games,Mexico,4781,Iceland,4708,4,0,W,Iceland,home,False,México,,,,,,,,,,,,,,,,,"0,0",,,,,,,,,,,,,,,,,,,,,,,,"0,0","55,7","0,0"
15362811,away,5-4-1,66758,Guðmundur Þórarinsson,G. Þórarinsson,D,"8,0",True,Iceland,"6,3","85,0",0,0,0,0,0,"25,0","30,0","83,3",,,"2,0",0,0,,,2026-02-26 02:00:00,Int. Friendly Games,Mexico,4781,Iceland,4708,4,0,W,Iceland,home,False,México,,,,,,,,,,,,,,,,,"0,0",,,,,,,,,,,,,,,,,,,,,,,,"0,0","26,5","0,0"
15362811,away,5-4-1,2203670,Ágúst Orri Thorsteinsson,Á. O. Thorsteinsson,M,"15,0",True,Iceland,"6,3","77,0",0,0,1,0,0,"11,0","12,0","91,7","3,0",,,0,0,,,2026-02-26 02:00:00,Int. Friendly Games,Mexico,4781,Iceland,4708,4,0,W,Iceland,home,False,México,,,,,,,,,,,,,,,,,"1,0",,,,,,,,,,,,,,,,,,,,,,"77,0","77,0","0,0","12,9","0,0"
15362811,away,5-4-1,43192,Gylfi Sigurðsson,G. Sigurðsson,M,"10,0",True,Iceland,"6,2","90,0",0,0,0,0,1,"45,0","50,0","90,0","3,0",,,0,0,,,2026-02-26 02:00:00,Int. Friendly Games,Mexico,4781,Iceland,4708,4,0,W,Iceland,home,False,México,,,,,,,,,,,,,,,,,"0,0",,,,,,,,,,,,,,,,,,,,,,,,"0,0","45,0","0,0"
15362811,away,5-4-1,49805,Jóhann Guðmundsson,J. Guðmundsson,M,,True,Iceland,"6,9","85,0",0,0,1,0,0,"43,0","49,0","87,8","4,0",,"2,0",0,0,,,2026-02-26 02:00:00,Int. Friendly Games,Mexico,4781,Iceland,4708,4,0,W,Iceland,home,False,México,,,,,,,,,,,,,,,,,"1,0",,,,,,,,,,,,,,,,,,,,,,"85,0","85,0","0,0","45,5","0,0"
15362811,away,5-4-1,862344,Helgi Guðjónsson,H. Guðjónsson,D,"9,0",True,Iceland,"6,3","63,0",0,0,0,0,1,"11,0","17,0","64,7","1,0",,,0,0,,,2026-02-26 02:00:00,Int. Friendly Games,Mexico,4781,Iceland,4708,4,0,W,Iceland,home,False,México,,,,,,,,,,,,,,,,,"0,0",,,,,,,,,,,,,,,,,,,,,,,,"0,0","15,7","0,0"
15362811,away,5-4-1,234572,Emil Atlason,E. Atlason,F,"22,0",True,Iceland,"6,6","63,0",0,0,0,0,0,"7,0","12,0","58,3","4,0",,,0,0,,,2026-02-26 02:00:00,Int. Friendly Games,Mexico,4781,Iceland,4708,4,0,W,Iceland,home,False,México,,,,,,,,,,,,,,,,,"0,0",,,,,,,,,,,,,,,,,,,,,,,,"0,0","10,0","0,0"
15362811,away,5-4-1,840845,Hans Viktor Guðmundsson,H. V. Guðmundsson,D,"28,0",False,Iceland,"6,5","27,0",0,0,0,0,0,"25,0","28,0","89,3","1,0",,,0,0,,,2026-02-26 02:00:00,Int. Friendly Games,Mexico,4781,Iceland,4708,4,0,W,Iceland,home,False,México,,,,,,,,,,,,,,,,,"0,0",,,,,,,,,,,,,,,,,,,,,,,,"0,0","83,3","0,0"
15362811,away,5-4-1,814408,Hallgrimur Mar Steingrimsson,H. Steingrimsson,M,"10,0",False,Iceland,"6,4","27,0",0,0,0,0,0,"8,0","12,0","66,7","2,0",,,0,0,,,2026-02-26 02:00:00,Int. Friendly Games,Mexico,4781,Iceland,4708,4,0,W,Iceland,home,False,México,,,,,,,,,,,,,,,,,"0,0",,,,,,,,,,,,,,,,,,,,,,,,"0,0","26,7","0,0"
15362811,away,5-4-1,1082814,Óskar Borgthórsson,Ó. Borgþórsson,M,"19,0",False,Iceland,"6,4","27,0",0,0,0,0,0,"7,0","8,0","87,5",,,,0,0,,,2026-02-26 02:00:00,Int. Friendly Games,Mexico,4781,Iceland,4708,4,0,W,Iceland,home,False,México,,,,,,,,,,,,,,,,,"0,0",,,,,,,,,,,,,,,,,,,,,,,,"0,0","23,3","0,0"
15362811,away,5-4-1,876891,Birnir Snaer Ingason,B. Ingason,M,"11,0",False,Iceland,"6,3","13,0",0,0,0,0,0,"5,0","6,0","83,3",,,,0,0,,,2026-02-26 02:00:00,Int. Friendly Games,Mexico,4781,Iceland,4708,4,0,W,Iceland,home,False,México,,,,,,,,,,,,,,,,,"0,0",,,,,,,,,,,,,,,,,,,,,,,,"0,0","34,6","0,0"
15362811,away,5-4-1,1142127,Baldur Kari Helgason,B. K. Helgason,M,"37,0",False,Iceland,"6,1","9,0",0,0,0,1,0,"1,0","1,0","100,0",,,,0,0,,,2026-02-26 02:00:00,Int. Friendly Games,Mexico,4781,Iceland,4708,4,0,W,Iceland,home,False,México,,,,,,,,,,,,,,,,,"1,0",,,,,,,,,,,,,,,,,,,,,,"9,0",,"0,0","10,0","0,0"
15362811,away,5-4-1,879176,Daniel Hafsteinsson,D. Hafsteinsson,M,"11,0",False,Iceland,"6,3","9,0",0,0,0,0,0,"8,0","8,0","100,0",,,,0,0,,,2026-02-26 02:00:00,Int. Friendly Games,Mexico,4781,Iceland,4708,4,0,W,Iceland,home,False,México,,,,,,,,,,,,,,,,,"0,0",,,,,,,,,,,,,,,,,,,,,,,,"0,0","80,0","0,0"
15362811,away,5-4-1,905951,Viktor Freyr Sigurðsson,V. F. Sigurðsson,G,"22,0",False,Iceland,,,0,0,0,0,0,,,,,,,0,0,,,2026-02-26 02:00:00,Int. Friendly Games,Mexico,4781,Iceland,4708,4,0,W,Iceland,home,False,México,,,,,,,,,,,,,,,,,"0,0",,,,,,,,,,,,,,,,,,,,,,,,,,
15362811,away,5-4-1,878972,Kolbeinn Thordarson,K. Thordarson,M,"23,0",False,Iceland,,,0,0,0,0,0,,,,,,,0,0,,,2026-02-26 02:00:00,Int. Friendly Games,Mexico,4781,Iceland,4708,4,0,W,Iceland,home,False,México,,,,,,,,,,,,,,,,,"0,0",,,,,,,,,,,,,,,,,,,,,,,,,,
15362811,away,5-4-1,1136881,Haukur Andri Haraldsson,H. A. Haraldsson,M,"7,0",False,Iceland,,,0,0,0,0,0,,,,,,,0,0,,,2026-02-26 02:00:00,Int. Friendly Games,Mexico,4781,Iceland,4708,4,0,W,Iceland,home,False,México,,,,,,,,,,,,,,,,,"0,0",,,,,,,,,,,,,,,,,,,,,,,,,,
15362810,home,4-3-3,47452,Carlos Lampe,C. Lampe,G,"1,0",True,Bolivia,"6,5","90,0",0,0,0,0,0,"16,0","23,0","69,6",,,,0,0,,,2026-01-25 19:30:00,Int. Friendly Games,Bolivia,4746,Mexico,4781,0,1,W,Bolivia,away,False,México,,,,,,,,,,,,,,,,,"0,0",,,,,,,,,,,,,,,,,,,,,,,,"0,0","16,0","0,0"
15362810,home,4-3-3,1994814,Lucas Macazaga,L. Macazaga,D,"28,0",True,Bolivia,"7,1","90,0",0,0,0,0,1,"27,0","27,0","100,0","7,0",,"1,0",0,0,,,2026-01-25 19:30:00,Int. Friendly Games,Bolivia,4746,Mexico,4781,0,1,W,Bolivia,away,False,México,,,,,,,,,,,,,,,,,"0,0",,,,,,,,,,,,,,,,,,,,,,,,"0,0","27,0","0,0"
15362810,home,4-3-3,1118608,Richet Gomez,R. G. Miranda,D,"22,0",True,Bolivia,,"7,0",0,0,0,0,0,"2,0","4,0","50,0",,,,0,0,,,2026-01-25 19:30:00,Int. Friendly Games,Bolivia,4746,Mexico,4781,0,1,W,Bolivia,away,False,México,,,,,,,,,,,,,,,,,"0,0",,,,,,,,,,,,,,,,,,,,,,,,"0,0","25,7","0,0"
15362810,home,4-3-3,1484122,Marcelo Torrez,M. Torrez,D,"2,0",True,Bolivia,"6,7","90,0",0,0,0,0,0,"49,0","56,0","87,5","2,0",,,0,0,,,2026-01-25 19:30:00,Int. Friendly Games,Bolivia,4746,Mexico,4781,0,1,W,Bolivia,away,False,México,,,,,,,,,,,,,,,,,"0,0",,,,,,,,,,,,,,,,,,,,,,,,"0,0","49,0","0,0"
15362810,home,4-3-3,1394847,Luis Paz,L. F. Paz,D,"8,0",True,Bolivia,"6,9","90,0",0,0,0,0,2,"35,0","44,0","79,5","2,0",,"1,0",0,0,,,2026-01-25 19:30:00,Int. Friendly Games,Bolivia,4746,Mexico,4781,0,1,W,Bolivia,away,False,México,,,,,,,,,,,,,,,,,"0,0",,,,,,,,,,,,,,,,,,,,,,,,"0,0","35,0","0,0"
15362810,home,4-3-3,824930,Moisés Villarroel,M. Villarroel,M,"8,0",True,Bolivia,"6,7","66,0",0,0,0,0,1,"11,0","15,0","73,3","4,0",,,0,0,,,2026-01-25 19:30:00,Int. Friendly Games,Bolivia,4746,Mexico,4781,0,1,W,Bolivia,away,False,México,,,,,,,,,,,,,,,,,"0,0",,,,,,,,,,,,,,,,,,,,,,,,"0,0","15,0","0,0"
15362810,home,4-3-3,1159649,Ervin Vaca,E. Vaca,M,"6,0",True,Bolivia,"6,4","90,0",0,0,0,0,0,"24,0","30,0","80,0",,,"1,0",0,0,,,2026-01-25 19:30:00,Int. Friendly Games,Bolivia,4746,Mexico,4781,0,1,W,Bolivia,away,False,México,,,,,,,,,,,,,,,,,"0,0",,,,,,,,,,,,,,,,,,,,,,,,"0,0","24,0","0,0"
15362810,home,4-3-3,876307,Ramiro Vaca,R. Vaca,M,"10,0",True,Bolivia,"7,1","90,0",0,0,1,0,0,"44,0","50,0","88,0","3,0",,,0,0,,,2026-01-25 19:30:00,Int. Friendly Games,Bolivia,4746,Mexico,4781,0,1,W,Bolivia,away,False,México,,,,,,,,,,,,,,,,,"1,0",,,,,,,,,,,,,,,,,,,,,,"90,0","90,0","0,0","44,0","0,0"
15362810,home,4-3-3,1464254,Fernando Nava,F. Nava,M,"17,0",True,Bolivia,"6,9","75,0",0,0,2,1,1,"12,0","16,0","75,0","7,0",,"1,0",0,0,,,2026-01-25 19:30:00,Int. Friendly Games,Bolivia,4746,Mexico,4781,0,1,W,Bolivia,away,False,México,,,,,,,,,,,,,,,,,"3,0",,,,,,,,,,,,,,,,,,,,,,"25,0","37,5","0,0","14,4","0,0"
15362810,home,4-3-3,836165,Bruno Miranda,B. Miranda,F,"7,0",True,Bolivia,"6,8","45,0",0,0,0,1,1,"3,0","4,0","75,0","2,0",,,0,0,,,2026-01-25 19:30:00,Int. Friendly Games,Bolivia,4746,Mexico,4781,0,1,W,Bolivia,away,False,México,,,,,,,,,,,,,,,,,"1,0",,,,,,,,,,,,,,,,,,,,,,"45,0",,"0,0","6,0","0,0"
15362810,home,4-3-3,877535,Carlos Melgar,C. Melgar,M,"80,0",True,Bolivia,"7,2","75,0",0,0,0,1,1,"12,0","15,0","80,0","4,0",,,0,0,,,2026-01-25 19:30:00,Int. Friendly Games,Bolivia,4746,Mexico,4781,0,1,W,Bolivia,away,False,México,,,,,,,,,,,,,,,,,"1,0",,,,,,,,,,,,,,,,,,,,,,"75,0",,"0,0","14,4","0,0"
15362810,home,4-3-3,1082952,Leonardo Zabala,L. Zabala,D,"30,0",False,Bolivia,"6,8","83,0",0,0,0,0,0,"48,0","51,0","94,1",,,,0,0,,,2026-01-25 19:30:00,Int. Friendly Games,Bolivia,4746,Mexico,4781,0,1,W,Bolivia,away,False,México,,,,,,,,,,,,,,,,,"0,0",,,,,,,,,,,,,,,,,,,,,,,,"0,0","52,0","0,0"
15362810,home,4-3-3,1147477,Juan Godoy,J. Godoy,F,"23,0",False,Bolivia,"6,6","45,0",0,0,0,1,0,"2,0","3,0","66,7","2,0",,,0,0,,,2026-01-25 19:30:00,Int. Friendly Games,Bolivia,4746,Mexico,4781,0,1,W,Bolivia,away,False,México,,,,,,,,,,,,,,,,,"1,0",,,,,,,,,,,,,,,,,,,,,,"45,0",,"0,0","4,0","0,0"
15362810,home,4-3-3,1441657,Robson Matheus,R. Matheus,M,"14,0",False,Bolivia,"5,6","18,0",0,0,1,0,0,"4,0","5,0","80,0",,,,0,0,,,2026-01-25 19:30:00,Int. Friendly Games,Bolivia,4746,Mexico,4781,0,1,W,Bolivia,away,False,México,,,,,,,,,,,,,,,,,"1,0",,,,,,,,,,,,,,,,,,,,,,"18,0","18,0","0,0","20,0","0,0"
15362810,home,4-3-3,1116671,Lucas Chávez,L. Chávez,M,"18,0",False,Bolivia,"6,6","15,0",0,0,0,1,0,"2,0","4,0","50,0",,,,0,0,,,2026-01-25 19:30:00,Int. Friendly Games,Bolivia,4746,Mexico,4781,0,1,W,Bolivia,away,False,México,,,,,,,,,,,,,,,,,"1,0",,,,,,,,,,,,,,,,,,,,,,"15,0",,"0,0","12,0","0,0"
15362810,home,4-3-3,2110328,Máximo Mamani,M. Mamani,F,"26,0",False,Bolivia,"6,5","15,0",0,0,0,0,1,"2,0","2,0","100,0","2,0",,,0,0,,,2026-01-25 19:30:00,Int. Friendly Games,Bolivia,4746,Mexico,4781,0,1,W,Bolivia,away,False,México,,,,,,,,,,,,,,,,,"0,0",,,,,,,,,,,,,,,,,,,,,,,,"0,0","12,0","0,0"
15362810,home,4-3-3,1169063,Bruno Poveda,B. Poveda,G,"1,0",False,Bolivia,,,0,0,0,0,0,,,,,,,0,0,,,2026-01-25 19:30:00,Int. Friendly Games,Bolivia,4746,Mexico,4781,0,1,W,Bolivia,away,False,México,,,,,,,,,,,,,,,,,"0,0",,,,,,,,,,,,,,,,,,,,,,,,,,
15362810,home,4-3-3,2057454,Gerónimo Govea,G. Govea,G,,False,Bolivia,,,0,0,0,0,0,,,,,,,0,0,,,2026-01-25 19:30:00,Int. Friendly Games,Bolivia,4746,Mexico,4781,0,1,W,Bolivia,away,False,México,,,,,,,,,,,,,,,,,"0,0",,,,,,,,,,,,,,,,,,,,,,,,,,
15362810,home,4-3-3,1592249,Dieguito Rodriguez,D. Rodriguez,D,"15,0",False,Bolivia,,,0,0,0,0,0,,,,,,,0,0,,,2026-01-25 19:30:00,Int. Friendly Games,Bolivia,4746,Mexico,4781,0,1,W,Bolivia,away,False,México,,,,,,,,,,,,,,,,,"0,0",,,,,,,,,,,,,,,,,,,,,,,,,,
15362810,home,4-3-3,1017466,Leonardo Justiniano,L. Justiniano,D,"20,0",False,Bolivia,,,0,0,0,0,0,,,,,,,0,0,,,2026-01-25 19:30:00,Int. Friendly Games,Bolivia,4746,Mexico,4781,0,1,W,Bolivia,away,False,México,,,,,,,,,,,,,,,,,"0,0",,,,,,,,,,,,,,,,,,,,,,,,,,
15362810,home,4-3-3,1881693,Nicolas Villarroel,N. B. Villarroel,D,"4,0",False,Bolivia,,,0,0,0,0,0,,,,,,,0,0,,,2026-01-25 19:30:00,Int. Friendly Games,Bolivia,4746,Mexico,4781,0,1,W,Bolivia,away,False,México,,,,,,,,,,,,,,,,,"0,0",,,,,,,,,,,,,,,,,,,,,,,,,,
15362810,home,4-3-3,931426,Julio Herrera,J. Herrera,M,"7,0",False,Bolivia,,,0,0,0,0,0,,,,,,,0,0,,,2026-01-25 19:30:00,Int. Friendly Games,Bolivia,4746,Mexico,4781,0,1,W,Bolivia,away,False,México,,,,,,,,,,,,,,,,,"0,0",,,,,,,,,,,,,,,,,,,,,,,,,,
15362810,home,4-3-3,1096455,William Álvarez,W. Álvarez,F,"19,0",False,Bolivia,,,0,0,0,0,0,,,,,,,0,0,,,2026-01-25 19:30:00,Int. Friendly Games,Bolivia,4746,Mexico,4781,0,1,W,Bolivia,away,False,México,,,,,,,,,,,,,,,,,"0,0",,,,,,,,,,,,,,,,,,,,,,,,,,
15362810,away,4-3-3,990408,Raúl Rangel,R. Rangel,G,"1,0",True,Mexico,"7,6","90,0",0,0,0,0,0,"29,0","34,0","85,3",,,,0,0,,,2026-01-25 19:30:00,Int. Friendly Games,Bolivia,4746,Mexico,4781,0,1,W,Bolivia,away,True,México,,,,,,,,,"11,0","6,0",,"7,0","3,0","11,0",,"5,0","0,0",,,,"44,0",,,,,"7,0","47,6","0,0",,,,"4,0",,,,,,,,,"0,0","29,0","11,0"
15362810,away,4-3-3,832868,Jorge Sánchez,J. Sánchez,D,"35,0",True,Mexico,"7,7","58,0",0,0,0,0,0,"20,0","24,0","83,3","8,0","9,0",,0,0,,,2026-01-25 19:30:00,Int. Friendly Games,Bolivia,4746,Mexico,4781,0,1,W,Bolivia,away,True,México,"1,0","88,9",,,,,"8,0","7,0","5,0","3,0","2,0","8,0","7,0","2,0","1,0","5,0","0,0",,,,"44,0",,,,,"6,0","23,1","0,0","1,0",,,,,,,,,,,,"0,0","31,0","3,1"
15362810,away,4-3-3,989236,Israel Reyes,I. Reyes,D,"3,0",True,Mexico,"6,8","33,0",0,0,0,0,0,"31,0","33,0","93,9","1,0","1,0",,0,0,,,2026-01-25 19:30:00,Int. Friendly Games,Bolivia,4746,Mexico,4781,0,1,W,Bolivia,away,True,México,,"100,0",,,,,"1,0","1,0","2,0","2,0",,"7,0","7,0","2,0",,"2,0","0,0",,,,"34,0",,,,,"7,0","66,0","1,0",,,,,,,,,,,,,"0,0","84,5","5,5"
15362810,away,4-3-3,1199256,Everardo López,E. López,D,"25,0",True,Mexico,"7,9","90,0",0,1,0,0,1,"53,0","55,0","96,4","3,0","3,0",,0,0,,,2026-01-25 19:30:00,Int. Friendly Games,Bolivia,4746,Mexico,4781,0,1,W,Bolivia,away,True,México,,"100,0","1,0",,"1,0","100,0","2,0","2,0","7,0","7,0",,"14,0","13,0","1,0","3,0","3,0","0,0",,"1,0",,"63,0",,,,,"16,0","121,4","0,0",,,,,,,,,,,,,"1,0","53,0","1,0"
15362810,away,4-3-3,770253,Jesús Gallardo,J. Gallardo,D,"20,0",True,Mexico,"6,8","90,0",0,0,0,0,0,"32,0","41,0","78,0","2,0","8,0","2,0",0,0,,,2026-01-25 19:30:00,Int. Friendly Games,Bolivia,4746,Mexico,4781,0,1,W,Bolivia,away,True,México,"6,0","25,0",,"1,0","1,0","0,0","1,0","1,0","4,0","2,0","1,0","14,0","10,0","1,0","1,0","17,0","0,0",,,,"61,0","2,0","3,0",,,"15,0","119,1","0,0","1,0","1,0",,,,,,,,,,,"0,0","32,0","1,0"
15362810,away,4-3-3,845849,Carlos Rodríguez,C. Rodríguez,M,"19,0",True,Mexico,"6,4","90,0",0,0,1,1,0,"25,0","30,0","83,3",,"1,0",,0,0,,,2026-01-25 19:30:00,Int. Friendly Games,Bolivia,4746,Mexico,4781,0,1,W,Bolivia,away,True,México,"1,0","0,0",,,,,,,"3,0","2,0","1,0","15,0","12,0","1,0",,"7,0","2,0","1,0",,,"34,0",,"1,0",,,"3,0","17,7","0,0",,,,,,,,,,,"45,0","90,0","0,0","25,0","1,0"
15362810,away,4-3-3,944068,Erik Lira,E. Lira,D,"6,0",True,Mexico,"6,9","90,0",0,0,0,0,0,"43,0","52,0","82,7","5,0","11,0","1,0",0,0,,,2026-01-25 19:30:00,Int. Friendly Games,Bolivia,4746,Mexico,4781,0,1,W,Bolivia,away,True,México,"6,0","45,5","3,0",,"3,0","100,0","2,0","2,0","4,0","2,0",,"18,0","11,0","6,0","2,0","11,0","0,0",,,,"65,0","1,0","1,0",,,"15,0","97,5","1,0","3,0",,,,,,,,,,,,"0,0","43,0","6,0"
15362810,away,4-3-3,942167,Marcel Ruíz,M. Ruíz,M,"14,0",True,Mexico,"7,0","74,0",0,0,0,0,0,"17,0","17,0","100,0","7,0","9,0",,0,0,,,2026-01-25 19:30:00,Int. Friendly Games,Bolivia,4746,Mexico,4781,0,1,W,Bolivia,away,True,México,"2,0","77,8","1,0",,"1,0","100,0","1,0","1,0","3,0","3,0",,"7,0","7,0","3,0","1,0","2,0","0,0",,,,"27,0","1,0","1,0",,,"8,0","52,5","0,0","1,0","5,0",,,,,,,,,,,"0,0","20,7","3,6"
15362810,away,4-3-3,874535,Diego Lainez,D. Lainez,M,"16,0",True,Mexico,"6,3","57,0",0,0,0,0,0,"8,0","13,0","61,5","3,0","10,0",,0,0,,,2026-01-25 19:30:00,Int. Friendly Games,Bolivia,4746,Mexico,4781,0,1,W,Bolivia,away,True,México,"7,0","30,0",,,,,"1,0",,,,,"9,0","5,0","1,0",,"12,0","0,0",,,,"25,0","3,0","4,0",,,"8,0","51,0","0,0","2,0","2,0",,,,,,,,,,,"0,0","12,6","1,6"
15362810,away,4-3-3,1595162,Armando González,A. González,F,"34,0",True,Mexico,"6,7","57,0",0,0,0,0,1,"7,0","13,0","53,8","3,0","5,0",,0,0,,,2026-01-25 19:30:00,Int. Friendly Games,Bolivia,4746,Mexico,4781,0,1,W,Bolivia,away,True,México,"2,0","60,0","3,0",,"3,0","100,0",,,,,"2,0","9,0","3,0",,,"11,0","0,0",,"1,0",,"19,0","2,0","2,0",,,"4,0","18,8","0,0",,,,,,,,,,,,,"0,0","11,1","0,0"
15362810,away,4-3-3,942708,Kevin Castañeda,K. Castañeda,M,"10,0",True,Mexico,"6,5","74,0",0,0,0,0,0,"6,0","10,0","60,0","2,0","4,0",,0,0,,,2026-01-25 19:30:00,Int. Friendly Games,Bolivia,4746,Mexico,4781,0,1,W,Bolivia,away,True,México,"2,0","50,0","1,0",,"1,0","100,0",,,,,"5,0","8,0","4,0","1,0",,"8,0","0,0",,,,"17,0",,"1,0",,,"6,0","36,2","0,0",,"1,0",,,,,,,,,,,"0,0","7,3","1,2"
15362810,away,4-3-3,993076,Ramón Juárez,R. Juárez,D,"29,0",False,Mexico,"6,7","57,0",0,0,0,0,0,"20,0","22,0","90,9","1,0","4,0","1,0",0,0,,,2026-01-25 19:30:00,Int. Friendly Games,Bolivia,4746,Mexico,4781,0,1,W,Bolivia,away,True,México,"3,0","25,0",,"1,0","1,0","0,0","1,0","1,0","3,0","2,0",,"4,0","2,0",,"1,0","2,0","0,0",,,,"26,0",,,,,"7,0","85,3","1,0","1,0",,,,,,,,,,,,"0,0","31,6","0,0"
15362810,away,4-3-3,905247,Alexis Gutiérrez,A. Gutiérrez,M,"20,0",False,Mexico,"6,6","33,0",0,0,0,0,0,"6,0","8,0","75,0","2,0","2,0","1,0",0,0,,,2026-01-25 19:30:00,Int. Friendly Games,Bolivia,4746,Mexico,4781,0,1,W,Bolivia,away,True,México,,"100,0","1,0",,"1,0","100,0",,,"1,0","1,0","1,0","3,0","3,0",,,"4,0","0,0",,,,"12,0","1,0",,,,"6,0","54,0","0,0",,"1,0",,,,,,,,,,,"0,0","16,4","0,0"
15362810,away,4-3-3,822606,Germán Berterame,G. Berterame,F,"19,0",False,Mexico,"7,1","33,0",1,0,1,0,0,"2,0","4,0","50,0","2,0","4,0",,0,0,,,2026-01-25 19:30:00,Int. Friendly Games,Bolivia,4746,Mexico,4781,0,1,W,Bolivia,away,True,México,"2,0","50,0","1,0",,"1,0","100,0",,,,,,"1,0","1,0","1,0",,"4,0","1,0",,,,"8,0","1,0","1,0",,,"2,0","11,5","0,0","1,0","1,0","2,0",,,,,,,,"33,0","33,0","2,73","5,5","2,7"
15362810,away,4-3-3,1192342,Denzell Garcia,D. Garcia,M,"5,0",False,Mexico,"6,5","32,0",0,0,0,0,0,"10,0","10,0","100,0",,,,0,0,,,2026-01-25 19:30:00,Int. Friendly Games,Bolivia,4746,Mexico,4781,0,1,W,Bolivia,away,True,México,,,,,,,,,,,"1,0","1,0","1,0",,,"1,0","0,0",,,,"14,0",,,,,"3,0","34,2","1,0",,,,,,,,,,,,,"0,0","28,1","0,0"
15362810,away,4-3-3,1172773,Luis Romo,L. Romo,D,"7,0",False,Mexico,"6,5","16,0",0,0,0,0,0,"13,0","14,0","92,9",,"1,0",,0,0,,,2026-01-25 19:30:00,Int. Friendly Games,Bolivia,4746,Mexico,4781,0,1,W,Bolivia,away,True,México,"1,0","0,0",,,,,,,,,,"1,0","1,0",,"1,0","1,0","0,0",,,,"16,0",,,,,"3,0","20,0","0,0","1,0",,,,,,,,,,,,"0,0","73,1","0,0"
15362810,away,4-3-3,1023088,Brian Gutiérrez,B. Gutiérrez,M,"11,0",False,Mexico,"6,8","16,0",0,0,0,0,0,"5,0","7,0","71,4","4,0","6,0",,0,0,,,2026-01-25 19:30:00,Int. Friendly Games,Bolivia,4746,Mexico,4781,0,1,W,Bolivia,away,True,México,"2,0","66,7","1,0",,"1,0","100,0","2,0","2,0",,,,"4,0","3,0","1,0",,"3,0","0,0",,,,"11,0",,"1,0","1,0","1,0","2,0","19,5","0,0","1,0",,,,,,,,,,,,"0,0","28,1","5,6"
15362810,away,4-3-3,830240,Luis Malagón,L. Malagón,G,"1,0",False,Mexico,,,0,0,0,0,0,,,,,,,0,0,,,2026-01-25 19:30:00,Int. Friendly Games,Bolivia,4746,Mexico,4781,0,1,W,Bolivia,away,True,México,,,,,,,,,,,,,,,,,"0,0",,,,,,,,,,,,,,,,,,,,,,,,,,
15362810,away,4-3-3,840519,Carlos Acevedo,C. Acevedo,G,"1,0",False,Mexico,,,0,0,0,0,0,,,,,,,0,0,,,2026-01-25 19:30:00,Int. Friendly Games,Bolivia,4746,Mexico,4781,0,1,W,Bolivia,away,True,México,,,,,,,,,,,,,,,,,"0,0",,,,,,,,,,,,,,,,,,,,,,,,,,
15362810,away,4-3-3,1392153,Eduardo Águila,E. Águila,D,"31,0",False,Mexico,,,0,0,0,0,0,,,,,,,0,0,,,2026-01-25 19:30:00,Int. Friendly Games,Bolivia,4746,Mexico,4781,0,1,W,Bolivia,away,True,México,,,,,,,,,,,,,,,,,"0,0",,,,,,,,,,,,,,,,,,,,,,,,,,
15362810,away,4-3-3,1002384,Bryan González,B. González,D,"5,0",False,Mexico,,,0,0,0,0,0,,,,,,,0,0,,,2026-01-25 19:30:00,Int. Friendly Games,Bolivia,4746,Mexico,4781,0,1,W,Bolivia,away,True,México,,,,,,,,,,,,,,,,,"0,0",,,,,,,,,,,,,,,,,,,,,,,,,,
15362810,away,4-3-3,1002375,Victor Guzmán,V. Guzmán,D,"4,0",False,Mexico,,,0,0,0,0,0,,,,,,,0,0,,,2026-01-25 19:30:00,Int. Friendly Games,Bolivia,4746,Mexico,4781,0,1,W,Bolivia,away,True,México,,,,,,,,,,,,,,,,,"0,0",,,,,,,,,,,,,,,,,,,,,,,,,,
15362810,away,4-3-3,985176,Richard Ledezma,R. Ledezma,M,"37,0",False,Mexico,,,0,0,0,0,0,,,,,,,0,0,,,2026-01-25 19:30:00,Int. Friendly Games,Bolivia,4746,Mexico,4781,0,1,W,Bolivia,away,True,México,,,,,,,,,,,,,,,,,"0,0",,,,,,,,,,,,,,,,,,,,,,,,,,
15362810,away,4-3-3,1523678,Iker Fimbres,I. Fimbres,M,"35,0",False,Mexico,,,0,0,0,0,0,,,,,,,0,0,,,2026-01-25 19:30:00,Int. Friendly Games,Bolivia,4746,Mexico,4781,0,1,W,Bolivia,away,True,México,,,,,,,,,,,,,,,,,"0,0",,,,,,,,,,,,,,,,,,,,,,,,,,
15362810,away,4-3-3,1119345,Obed Vargas,O. Vargas,M,"21,0",False,Mexico,,,0,0,0,0,0,,,,,,,0,0,,,2026-01-25 19:30:00,Int. Friendly Games,Bolivia,4746,Mexico,4781,0,1,W,Bolivia,away,True,México,,,,,,,,,,,,,,,,,"0,0",,,,,,,,,,,,,,,,,,,,,,,,,,
15362810,away,4-3-3,865500,Roberto Alvarado,R. Alvarado,F,"25,0",False,Mexico,,,0,0,0,0,0,,,,,,,0,0,,,2026-01-25 19:30:00,Int. Friendly Games,Bolivia,4746,Mexico,4781,0,1,W,Bolivia,away,True,México,,,,,,,,,,,,,,,,,"0,0",,,,,,,,,,,,,,,,,,,,,,,,,,
15362810,away,4-3-3,134449,Ángel Sepúlveda,Á. Sepúlveda,F,"20,0",False,Mexico,,,0,0,0,0,0,,,,,,,0,0,,,2026-01-25 19:30:00,Int. Friendly Games,Bolivia,4746,Mexico,4781,0,1,W,Bolivia,away,True,México,,,,,,,,,,,,,,,,,"0,0",,,,,,,,,,,,,,,,,,,,,,,,,,
15362809,home,5-4-1,1855160,JD Gunn,J. Gunn,G,"73,0",True,Panama,"6,7","90,0",0,0,0,0,0,"18,0","31,0","58,1",,,,0,0,,,2026-01-23 01:00:00,Int. Friendly Games,Panama,5164,Mexico,4781,0,1,W,Panama,away,False,México,,,,,,,,,,,,,,,,,"0,0",,,,,,,,,,,,,,,,,,,,,,,,"0,0","18,0","0,0"
15362809,home,5-4-1,976303,Omar Cordoba,O. Cordoba,D,"3,0",True,Panama,"6,6","80,0",0,0,0,0,0,"9,0","14,0","64,3","4,0",,"1,0",0,0,,,2026-01-23 01:00:00,Int. Friendly Games,Panama,5164,Mexico,4781,0,1,W,Panama,away,False,México,,,,,,,,,,,,,,,,,"0,0",,,,,,,,,,,,,,,,,,,,,,,,"0,0","10,1","0,0"
15362809,home,5-4-1,1870405,Ariel Arroyo,A. Arroyo,M,"23,0",True,Panama,"6,7","45,0",0,0,0,0,0,"20,0","23,0","87,0","1,0",,,0,0,,,2026-01-23 01:00:00,Int. Friendly Games,Panama,5164,Mexico,4781,0,1,W,Panama,away,False,México,,,,,,,,,,,,,,,,,"0,0",,,,,,,,,,,,,,,,,,,,,,,,"0,0","40,0","0,0"
15362809,home,5-4-1,1084361,Daniel Aparicio,D. Aparicio,D,"19,0",True,Panama,"6,3","90,0",0,0,0,0,1,"30,0","39,0","76,9","3,0",,,0,0,,,2026-01-23 01:00:00,Int. Friendly Games,Panama,5164,Mexico,4781,0,1,W,Panama,away,False,México,,,,,,,,,,,,,,,,,"0,0",,,,,,,,,,,,,,,,,,,,,,,,"0,0","30,0","0,0"
15362809,home,5-4-1,936182,Richard Peralta,R. Peralta,D,"21,0",True,Panama,"6,8","90,0",0,0,0,0,1,"29,0","32,0","90,6","1,0",,"1,0",0,0,,,2026-01-23 01:00:00,Int. Friendly Games,Panama,5164,Mexico,4781,0,1,W,Panama,away,False,México,,,,,,,,,,,,,,,,,"0,0",,,,,,,,,,,,,,,,,,,,,,,,"0,0","29,0","0,0"
15362809,home,5-4-1,358698,Kevin Galván,K. Galván,D,,True,Panama,"6,4","90,0",0,0,0,0,0,"15,0","18,0","83,3","5,0",,,0,0,,,2026-01-23 01:00:00,Int. Friendly Games,Panama,5164,Mexico,4781,0,1,W,Panama,away,False,México,,,,,,,,,,,,,,,,,"0,0",,,,,,,,,,,,,,,,,,,,,,,,"0,0","15,0","0,0"
15362809,home,5-4-1,1891824,Giovany Herbert,G. Herbert,F,"10,0",True,Panama,"6,2","73,0",0,0,0,1,0,"6,0","8,0","75,0","2,0",,"2,0",0,0,,,2026-01-23 01:00:00,Int. Friendly Games,Panama,5164,Mexico,4781,0,1,W,Panama,away,False,México,,,,,,,,,,,,,,,,,"1,0",,,,,,,,,,,,,,,,,,,,,,"73,0",,"0,0","7,4","0,0"
15362809,home,5-4-1,976191,José Manuel Murillo,J. M. Murillo,M,"20,0",True,Panama,"6,1","90,0",0,0,0,1,0,"9,0","17,0","52,9","4,0",,,0,0,,,2026-01-23 01:00:00,Int. Friendly Games,Panama,5164,Mexico,4781,0,1,W,Panama,away,False,México,,,,,,,,,,,,,,,,,"1,0",,,,,,,,,,,,,,,,,,,,,,"90,0",,"0,0","9,0","0,0"
15362809,home,5-4-1,1517511,Héctor Hurtado,H. Hurtado,M,"23,0",True,Panama,"6,7","66,0",0,0,0,0,0,"24,0","31,0","77,4","4,0",,,0,0,,,2026-01-23 01:00:00,Int. Friendly Games,Panama,5164,Mexico,4781,0,1,W,Panama,away,False,México,,,,,,,,,,,,,,,,,"0,0",,,,,,,,,,,,,,,,,,,,,,,,"0,0","32,7","0,0"
15362809,home,5-4-1,1020111,Ricardo Phillips,R. Phillips,F,"11,0",True,Panama,"6,4","45,0",0,0,0,0,0,"5,0","6,0","83,3",,,,0,0,,,2026-01-23 01:00:00,Int. Friendly Games,Panama,5164,Mexico,4781,0,1,W,Panama,away,False,México,,,,,,,,,,,,,,,,,"0,0",,,,,,,,,,,,,,,,,,,,,,,,"0,0","10,0","0,0"
15362809,home,5-4-1,2282985,Kadir Barría,K. Barría,F,"37,0",True,Panama,"6,4","66,0",0,0,0,0,0,"3,0","6,0","50,0","3,0",,,0,0,,,2026-01-23 01:00:00,Int. Friendly Games,Panama,5164,Mexico,4781,0,1,W,Panama,away,False,México,,,,,,,,,,,,,,,,,"0,0",,,,,,,,,,,,,,,,,,,,,,,,"0,0","4,1","0,0"
15362809,home,5-4-1,1517477,Javier Rivera,J. Rivera,D,"4,0",False,Panama,"6,4","45,0",0,0,0,0,1,"6,0","8,0","75,0",,,,0,0,,,2026-01-23 01:00:00,Int. Friendly Games,Panama,5164,Mexico,4781,0,1,W,Panama,away,False,México,,,,,,,,,,,,,,,,,"0,0",,,,,,,,,,,,,,,,,,,,,,,,"0,0","12,0","0,0"
15362809,home,5-4-1,1393334,Ángel Caicedo,Á. Caicedo,M,"7,0",False,Panama,"6,7","45,0",0,0,1,0,0,"4,0","6,0","66,7","2,0",,,0,0,,,2026-01-23 01:00:00,Int. Friendly Games,Panama,5164,Mexico,4781,0,1,W,Panama,away,False,México,,,,,,,,,,,,,,,,,"1,0",,,,,,,,,,,,,,,,,,,,,,"45,0","45,0","0,0","8,0","0,0"
15362809,home,5-4-1,1217931,Abdul Knight,A. Knight,M,"14,0",False,Panama,"6,5","24,0",0,0,0,1,0,"5,0","5,0","100,0",,,,0,0,,,2026-01-23 01:00:00,Int. Friendly Games,Panama,5164,Mexico,4781,0,1,W,Panama,away,False,México,,,,,,,,,,,,,,,,,"1,0",,,,,,,,,,,,,,,,,,,,,,"24,0",,"0,0","18,8","0,0"
15362809,home,5-4-1,1870406,Gustavo Herrera,G. Herrera,F,"99,0",False,Panama,"6,6","24,0",0,0,0,0,0,"5,0","6,0","83,3","2,0",,,0,0,,,2026-01-23 01:00:00,Int. Friendly Games,Panama,5164,Mexico,4781,0,1,W,Panama,away,False,México,,,,,,,,,,,,,,,,,"0,0",,,,,,,,,,,,,,,,,,,,,,,,"0,0","18,8","0,0"
15362809,home,5-4-1,1471254,Kahiser Lenis,K. Lenis,M,"18,0",False,Panama,"6,5","17,0",0,0,0,0,0,,"1,0",,,,,0,0,,,2026-01-23 01:00:00,Int. Friendly Games,Panama,5164,Mexico,4781,0,1,W,Panama,away,False,México,,,,,,,,,,,,,,,,,"0,0",,,,,,,,,,,,,,,,,,,,,,,,"0,0","0,0","0,0"
15362809,home,5-4-1,1147381,Luis Asprilla,L. Asprilla,D,"2,0",False,Panama,"6,3","10,0",0,0,0,0,0,,"3,0",,"2,0",,,0,0,,,2026-01-23 01:00:00,Int. Friendly Games,Panama,5164,Mexico,4781,0,1,W,Panama,away,False,México,,,,,,,,,,,,,,,,,"0,0",,,,,,,,,,,,,,,,,,,,,,,,"0,0","0,0","0,0"
15362809,home,5-4-1,976311,Eddie Roberts,E. Roberts,G,"12,0",False,Panama,,,0,0,0,0,0,,,,,,,0,0,,,2026-01-23 01:00:00,Int. Friendly Games,Panama,5164,Mexico,4781,0,1,W,Panama,away,False,México,,,,,,,,,,,,,,,,,"0,0",,,,,,,,,,,,,,,,,,,,,,,,,,
15362809,home,5-4-1,1468949,Juan Hall,J. Hall,D,"4,0",False,Panama,,,0,0,0,0,0,,,,,,,0,0,,,2026-01-23 01:00:00,Int. Friendly Games,Panama,5164,Mexico,4781,0,1,W,Panama,away,False,México,,,,,,,,,,,,,,,,,"0,0",,,,,,,,,,,,,,,,,,,,,,,,,,
15362809,home,5-4-1,928021,Jorge Gutiérrez,J. Gutiérrez,D,"20,0",False,Panama,,,0,0,0,0,0,,,,,,,0,0,,,2026-01-23 01:00:00,Int. Friendly Games,Panama,5164,Mexico,4781,0,1,W,Panama,away,False,México,,,,,,,,,,,,,,,,,"0,0",,,,,,,,,,,,,,,,,,,,,,,,,,
15362809,home,5-4-1,1933278,Aimar Sánchez,A. Sánchez,D,"71,0",False,Panama,,,0,0,0,0,0,,,,,,,0,0,,,2026-01-23 01:00:00,Int. Friendly Games,Panama,5164,Mexico,4781,0,1,W,Panama,away,False,México,,,,,,,,,,,,,,,,,"0,0",,,,,,,,,,,,,,,,,,,,,,,,,,
15362809,home,5-4-1,1190666,Orman Davis,O. Davis,D,"3,0",False,Panama,,,0,0,0,0,0,,,,,,,0,0,,,2026-01-23 01:00:00,Int. Friendly Games,Panama,5164,Mexico,4781,0,1,W,Panama,away,False,México,,,,,,,,,,,,,,,,,"0,0",,,,,,,,,,,,,,,,,,,,,,,,,,
15362809,home,5-4-1,985150,Jovani Welch,J. Welch,M,"6,0",False,Panama,,,0,0,0,0,0,,,,,,,0,0,,,2026-01-23 01:00:00,Int. Friendly Games,Panama,5164,Mexico,4781,0,1,W,Panama,away,False,México,,,,,,,,,,,,,,,,,"0,0",,,,,,,,,,,,,,,,,,,,,,,,,,
15362809,away,4-3-3,990408,Raúl Rangel,R. Rangel,G,"1,0",True,Mexico,"7,0","90,0",0,0,0,0,0,"32,0","34,0","94,1","1,0","1,0",,0,0,,,2026-01-23 01:00:00,Int. Friendly Games,Panama,5164,Mexico,4781,0,1,W,Panama,away,True,México,,"100,0",,,,,,,"3,0","1,0",,"3,0","1,0","11,0","2,0","2,0","0,0",,,,"38,0",,,,,"6,0","27,2","0,0",,"1,0",,"1,0",,,,,,,,,"0,0","32,0","11,0"
15362809,away,4-3-3,985176,Richard Ledezma,R. Ledezma,M,"37,0",True,Mexico,"7,4","90,0",0,0,0,0,1,"52,0","58,0","89,7","3,0","7,0",,0,0,,,2026-01-23 01:00:00,Int. Friendly Games,Panama,5164,Mexico,4781,0,1,W,Panama,away,True,México,"4,0","42,9",,"1,0","1,0","0,0","1,0","1,0","2,0",,"5,0","43,0","37,0","3,0",,"12,0","0,0",,"1,0",,"76,0",,"2,0","1,0",,"11,0","68,2","0,0","1,0","2,0",,,,,,,,,,,"0,0","52,0","3,0"
15362809,away,4-3-3,1002375,Victor Guzmán,V. Guzmán,D,"4,0",True,Mexico,"7,6","90,0",0,0,0,1,0,"81,0","86,0","94,2","6,0","6,0","1,0",0,0,,,2026-01-23 01:00:00,Int. Friendly Games,Panama,5164,Mexico,4781,0,1,W,Panama,away,True,México,,"100,0","3,0",,"3,0","100,0","2,0","2,0","6,0","4,0",,"46,0","41,0","3,0",,"6,0","1,0",,,,"95,0","1,0",,"1,0","1,0","29,0","282,1","3,0",,,,,,,,,,,"90,0",,"0,0","81,0","3,0"
15362809,away,4-3-3,1392153,Eduardo Águila,E. Águila,D,"31,0",True,Mexico,"7,3","90,0",0,0,0,0,0,"86,0","94,0","91,5","5,0","8,0","1,0",0,0,,,2026-01-23 01:00:00,Int. Friendly Games,Panama,5164,Mexico,4781,0,1,W,Panama,away,True,México,"3,0","62,5","2,0","1,0","3,0","66,7","2,0","2,0","5,0","1,0",,"53,0","46,0","2,0","2,0","8,0","0,0",,,,"101,0",,,"1,0","1,0","30,0","261,0","1,0","2,0",,,,,,,,,,,,"0,0","86,0","2,0"
15362809,away,4-3-3,1002384,Bryan González,B. González,D,"5,0",True,Mexico,"7,5","85,0",0,0,0,0,1,"41,0","46,0","89,1","7,0","11,0","1,0",0,0,,,2026-01-23 01:00:00,Int. Friendly Games,Panama,5164,Mexico,4781,0,1,W,Panama,away,True,México,"4,0","63,6","3,0","1,0","4,0","75,0","2,0","2,0",,,"6,0","35,0","31,0","2,0","1,0","15,0","0,0",,"1,0",,"71,0","5,0",,,,"9,0","79,8","0,0","1,0","2,0","1,0",,,,,,,,,,"0,0","43,4","2,1"
15362809,away,4-3-3,1119345,Obed Vargas,O. Vargas,M,"21,0",True,Mexico,"7,0","57,0",0,0,0,0,0,"16,0","20,0","80,0","4,0","4,0",,0,0,,,2026-01-23 01:00:00,Int. Friendly Games,Panama,5164,Mexico,4781,0,1,W,Panama,away,True,México,,"100,0",,,,,"1,0","1,0","2,0","1,0",,"12,0","8,0","2,0",,"4,0","0,0",,,,"25,0",,,,,"6,0","46,5","0,0",,"3,0",,,,,,,,,,,"0,0","25,3","3,2"
15362809,away,4-3-3,1172773,Luis Romo,L. Romo,D,"7,0",True,Mexico,"7,2","90,0",0,0,0,0,0,"95,0","102,0","93,1","6,0","10,0",,0,0,,,2026-01-23 01:00:00,Int. Friendly Games,Panama,5164,Mexico,4781,0,1,W,Panama,away,True,México,"4,0","60,0","2,0","2,0","4,0","50,0","3,0","2,0","10,0","6,0",,"59,0","52,0","3,0","3,0","9,0","0,0",,,,"114,0","1,0",,"2,0","1,0","29,0","312,0","1,0","1,0",,,,,,,,,,,,"0,0","95,0","3,0"
15362809,away,4-3-3,942167,Marcel Ruíz,M. Ruíz,M,"14,0",True,Mexico,"7,0","67,0",0,0,0,0,1,"35,0","40,0","87,5","5,0","12,0",,0,0,,,2026-01-23 01:00:00,Int. Friendly Games,Panama,5164,Mexico,4781,0,1,W,Panama,away,True,México,"7,0","41,7","1,0","2,0","3,0","33,3","3,0","3,0","2,0","1,0","1,0","30,0","25,0","3,0","2,0","8,0","0,0",,,,"51,0","1,0","1,0",,,"5,0","34,8","0,0","4,0","1,0","1,0",,,,,,,,,,"0,0","47,0","4,0"
15362809,away,4-3-3,865500,Roberto Alvarado,R. Alvarado,F,"25,0",True,Mexico,"7,0","57,0",0,0,0,0,1,"28,0","32,0","87,5","1,0","1,0",,0,0,,,2026-01-23 01:00:00,Int. Friendly Games,Panama,5164,Mexico,4781,0,1,W,Panama,away,True,México,,"100,0",,,,,"1,0",,"1,0","1,0","4,0","25,0","21,0","4,0",,"9,0","0,0",,,,"41,0","1,0",,,,"10,0","99,9","2,0",,,,,,,,,,,,,"0,0","44,2","6,3"
15362809,away,4-3-3,822606,Germán Berterame,G. Berterame,F,"19,0",True,Mexico,"6,7","67,0",0,0,1,2,0,"8,0","9,0","88,9","3,0","3,0",,0,0,,,2026-01-23 01:00:00,Int. Friendly Games,Panama,5164,Mexico,4781,0,1,W,Panama,away,True,México,,"100,0","1,0",,"1,0","100,0","1,0",,,,,"9,0","8,0","2,0",,"5,0","4,0","1,0",,,"20,0","4,0",,,,"4,0","31,6","0,0",,"1,0","1,0",,,,,,,,"16,8","67,0","0,0","10,7","2,7"
15362809,away,4-3-3,1023088,Brian Gutiérrez,B. Gutiérrez,M,"11,0",True,Mexico,"6,8","57,0",0,0,0,1,0,"19,0","24,0","79,2","1,0","3,0",,0,0,,,2026-01-23 01:00:00,Int. Friendly Games,Panama,5164,Mexico,4781,0,1,W,Panama,away,True,México,"2,0","33,3","1,0",,"1,0","100,0",,,"3,0","1,0","5,0","14,0","10,0","2,0","1,0","11,0","1,0",,,,"34,0",,,,,"2,0","9,3","0,0","2,0",,,,,,,,,,"57,0",,"0,0","30,0","3,2"
15362809,away,4-3-3,845849,Carlos Rodríguez,C. Rodríguez,M,"19,0",False,Mexico,"6,5","33,0",0,0,0,0,1,"40,0","44,0","90,9",,"3,0",,0,0,,,2026-01-23 01:00:00,Int. Friendly Games,Panama,5164,Mexico,4781,0,1,W,Panama,away,True,México,"3,0","0,0",,,,,,,"4,0","2,0",,"36,0","33,0",,,"8,0","0,0",,,,"50,0",,"2,0","1,0",,"22,0","143,0","0,0",,,,,,,,,,,,,"0,0","109,1","0,0"
15362809,away,4-3-3,905247,Alexis Gutiérrez,A. Gutiérrez,M,"20,0",False,Mexico,"6,7","33,0",0,0,0,0,1,"23,0","24,0","95,8",,"1,0",,0,0,,,2026-01-23 01:00:00,Int. Friendly Games,Panama,5164,Mexico,4781,0,1,W,Panama,away,True,México,"1,0","0,0",,,,,,,,,"2,0","23,0","22,0","2,0",,"3,0","0,0",,,,"29,0",,"1,0",,,"3,0","11,8","0,0",,,,,,,,,,,,,"0,0","62,7","5,5"
15362809,away,4-3-3,942708,Kevin Castañeda,K. Castañeda,M,"10,0",False,Mexico,"6,7","33,0",0,0,1,1,1,"19,0","21,0","90,5",,"1,0",,0,0,,,2026-01-23 01:00:00,Int. Friendly Games,Panama,5164,Mexico,4781,0,1,W,Panama,away,True,México,"1,0","0,0",,,,,,,"3,0","3,0","4,0","16,0","14,0",,"1,0","3,0","2,0","1,0",,,"30,0",,,,,"3,0","12,5","0,0","1,0",,,,,,,,,,"16,5","33,0","0,0","51,8","0,0"
15362809,away,4-3-3,944068,Erik Lira,E. Lira,D,"6,0",False,Mexico,"6,5","23,0",0,0,0,0,0,"10,0","11,0","90,9","1,0","3,0",,0,0,,,2026-01-23 01:00:00,Int. Friendly Games,Panama,5164,Mexico,4781,0,1,W,Panama,away,True,México,"2,0","33,3",,,,,"1,0",,"1,0","1,0",,"5,0","4,0","2,0","1,0","2,0","0,0",,,,"14,0","1,0",,,,"4,0","44,3","0,0","1,0",,,,,,,,,,,,"0,0","39,1","7,8"
15362809,away,4-3-3,1595162,Armando González,A. González,F,"34,0",False,Mexico,"6,8","23,0",0,0,1,0,0,"4,0","4,0","100,0","1,0","1,0",,0,0,,,2026-01-23 01:00:00,Int. Friendly Games,Panama,5164,Mexico,4781,0,1,W,Panama,away,True,México,,"100,0",,,,,"1,0","1,0",,,,"2,0","2,0","2,0",,"1,0","1,0",,,,"7,0","1,0",,,,"2,0","21,8","0,0",,,,,,,,,,,"23,0","23,0","0,0","15,7","7,8"
15362809,away,4-3-3,770253,Jesús Gallardo,J. Gallardo,D,"20,0",False,Mexico,"6,6","10,0",0,0,0,0,0,"7,0","9,0","77,8",,"2,0",,0,0,,,2026-01-23 01:00:00,Int. Friendly Games,Panama,5164,Mexico,4781,0,1,W,Panama,away,True,México,"2,0","0,0",,"2,0","2,0","0,0",,,,,,"9,0","7,0",,"1,0","2,0","0,0",,,,"10,0",,,,,"1,0","23,3","0,0",,,"1,0",,,,,,,,,,"0,0","63,0","0,0"
15362809,away,4-3-3,840519,Carlos Acevedo,C. Acevedo,G,"1,0",False,Mexico,,,0,0,0,0,0,,,,,,,0,0,,,2026-01-23 01:00:00,Int. Friendly Games,Panama,5164,Mexico,4781,0,1,W,Panama,away,True,México,,,,,,,,,,,,,,,,,"0,0",,,,,,,,,,,,,,,,,,,,,,,,,,
15362809,away,4-3-3,830240,Luis Malagón,L. Malagón,G,"1,0",False,Mexico,,,0,0,0,0,0,,,,,,,0,0,,,2026-01-23 01:00:00,Int. Friendly Games,Panama,5164,Mexico,4781,0,1,W,Panama,away,True,México,,,,,,,,,,,,,,,,,"0,0",,,,,,,,,,,,,,,,,,,,,,,,,,
15362809,away,4-3-3,1199256,Everardo López,E. López,D,"25,0",False,Mexico,,,0,0,0,0,0,,,,,,,0,0,,,2026-01-23 01:00:00,Int. Friendly Games,Panama,5164,Mexico,4781,0,1,W,Panama,away,True,México,,,,,,,,,,,,,,,,,"0,0",,,,,,,,,,,,,,,,,,,,,,,,,,
15362809,away,4-3-3,989236,Israel Reyes,I. Reyes,D,"3,0",False,Mexico,,,0,0,0,0,0,,,,,,,0,0,,,2026-01-23 01:00:00,Int. Friendly Games,Panama,5164,Mexico,4781,0,1,W,Panama,away,True,México,,,,,,,,,,,,,,,,,"0,0",,,,,,,,,,,,,,,,,,,,,,,,,,
15362809,away,4-3-3,993076,Ramón Juárez,R. Juárez,D,"29,0",False,Mexico,,,0,0,0,0,0,,,,,,,0,0,,,2026-01-23 01:00:00,Int. Friendly Games,Panama,5164,Mexico,4781,0,1,W,Panama,away,True,México,,,,,,,,,,,,,,,,,"0,0",,,,,,,,,,,,,,,,,,,,,,,,,,
15362809,away,4-3-3,832868,Jorge Sánchez,J. Sánchez,D,"35,0",False,Mexico,,,0,0,0,0,0,,,,,,,0,0,,,2026-01-23 01:00:00,Int. Friendly Games,Panama,5164,Mexico,4781,0,1,W,Panama,away,True,México,,,,,,,,,,,,,,,,,"0,0",,,,,,,,,,,,,,,,,,,,,,,,,,
15362809,away,4-3-3,1523678,Iker Fimbres,I. Fimbres,M,"35,0",False,Mexico,,,0,0,0,0,0,,,,,,,0,0,,,2026-01-23 01:00:00,Int. Friendly Games,Panama,5164,Mexico,4781,0,1,W,Panama,away,True,México,,,,,,,,,,,,,,,,,"0,0",,,,,,,,,,,,,,,,,,,,,,,,,,
15362809,away,4-3-3,874535,Diego Lainez,D. Lainez,M,"16,0",False,Mexico,,,0,0,0,0,0,,,,,,,0,0,,,2026-01-23 01:00:00,Int. Friendly Games,Panama,5164,Mexico,4781,0,1,W,Panama,away,True,México,,,,,,,,,,,,,,,,,"0,0",,,,,,,,,,,,,,,,,,,,,,,,,,
15362809,away,4-3-3,1192342,Denzell Garcia,D. Garcia,M,"5,0",False,Mexico,,,0,0,0,0,0,,,,,,,0,0,,,2026-01-23 01:00:00,Int. Friendly Games,Panama,5164,Mexico,4781,0,1,W,Panama,away,True,México,,,,,,,,,,,,,,,,,"0,0",,,,,,,,,,,,,,,,,,,,,,,,,,
15362809,away,4-3-3,134449,Ángel Sepúlveda,Á. Sepúlveda,F,"20,0",False,Mexico,,,0,0,0,0,0,,,,,,,0,0,,,2026-01-23 01:00:00,Int. Friendly Games,Panama,5164,Mexico,4781,0,1,W,Panama,away,True,México,,,,,,,,,,,,,,,,,"0,0",,,,,,,,,,,,,,,,,,,,,,,,,,
14994224,home,4-3-3,830240,Luis Malagón,L. Malagón,G,"1,0",True,Mexico,"7,5","90,0",0,0,0,0,0,"32,0","35,0","91,4","1,0","1,0",,0,0,,,2025-11-19 01:30:00,Int. Friendly Games,Mexico,4781,Paraguay,4789,1,2,L,Paraguay,home,True,México,,"100,0","1,0",,"1,0","100,0",,,"7,0","4,0",,"5,0","2,0","12,0","3,0","3,0","0,0",,,,"47,0",,,,,,"0,0",,,,,"5,0",,,,,,,,,"0,0","32,0","12,0"
14994224,home,4-3-3,989236,Israel Reyes,I. Reyes,D,"3,0",True,Mexico,"6,5","67,0",0,0,0,0,0,"27,0","32,0","84,4","1,0","7,0",,0,0,,,2025-11-19 01:30:00,Int. Friendly Games,Mexico,4781,Paraguay,4789,1,2,L,Paraguay,home,True,México,"6,0","14,3",,"3,0","3,0","0,0",,,"6,0","4,0",,"12,0","9,0",,"5,0","8,0","0,0",,,,"49,0","1,0","1,0","1,0","1,0",,"0,0",,"2,0",,,,,,,,,,,,"0,0","36,3","0,0"
14994224,home,4-3-3,847151,Edson Álvarez,E. Álvarez,M,"11,0",True,Mexico,"6,6","90,0",0,0,0,1,0,"86,0","93,0","92,5","4,0","4,0",,0,0,,,2025-11-19 01:30:00,Int. Friendly Games,Mexico,4781,Paraguay,4789,1,2,L,Paraguay,home,True,México,,"100,0",,,,,,,"9,0","2,0","1,0","36,0","30,0","7,0",,"8,0","1,0","1,0",,"1,0","100,0","1,0",,"1,0","1,0",,"0,0",,,"3,0",,,,,,,,,"90,0",,"0,0","86,0","7,0"
14994224,home,4-3-3,1088274,Jesús Orozco,J. Orozco,D,"5,0",True,Mexico,"6,6","60,0",0,0,1,0,0,"43,0","49,0","87,8","4,0","6,0",,0,0,,,2025-11-19 01:30:00,Int. Friendly Games,Mexico,4781,Paraguay,4789,1,2,L,Paraguay,home,True,México,"2,0","66,7","2,0","1,0","3,0","66,7",,,"3,0",,,"12,0","8,0",,"3,0","6,0","1,0",,,,"55,0",,,,,,"0,0",,"1,0","2,0",,,,,,,,,"60,0","60,0","0,0","64,5","0,0"
14994224,home,4-3-3,1638685,Mateo Chávez,M. Chávez,D,"15,0",True,Mexico,"6,2","60,0",0,0,0,0,0,"16,0","20,0","80,0","4,0","8,0",,0,0,,,2025-11-19 01:30:00,Int. Friendly Games,Mexico,4781,Paraguay,4789,1,2,L,Paraguay,home,True,México,"4,0","50,0",,"1,0","1,0","0,0","2,0","2,0","1,0",,"1,0","11,0","7,0",,"2,0","9,0","0,0",,,,"37,0","1,0","1,0","2,0",,,"0,0",,,"2,0",,,,,,,,,,,"0,0","24,0","0,0"
14994224,home,4-3-3,1914576,Gilberto Mora,G. Mora,M,"19,0",True,Mexico,"7,0","67,0",0,0,1,0,1,"22,0","24,0","91,7","3,0","8,0",,0,0,,,2025-11-19 01:30:00,Int. Friendly Games,Mexico,4781,Paraguay,4789,1,2,L,Paraguay,home,True,México,"5,0","37,5",,"2,0","2,0","0,0","1,0","1,0","1,0","1,0","2,0","15,0","13,0","2,0",,"6,0","1,0",,"1,0",,"34,0","1,0",,"2,0",,,"0,0",,"1,0","2,0",,,,,,,,,"67,0","67,0","0,0","29,6","2,7"
14994224,home,4-3-3,944068,Erik Lira,E. Lira,D,"6,0",True,Mexico,"6,5","90,0",0,0,0,0,0,"57,0","66,0","86,4","1,0","4,0",,0,0,,,2025-11-19 01:30:00,Int. Friendly Games,Mexico,4781,Paraguay,4789,1,2,L,Paraguay,home,True,México,"3,0","25,0","1,0","1,0","2,0","50,0",,,"10,0","6,0","1,0","35,0","28,0","5,0","2,0","13,0","0,0",,,,"76,0","2,0","1,0",,,,"0,0",,"1,0",,,,,,,,,,,,"0,0","57,0","5,0"
14994224,home,4-3-3,942167,Marcel Ruíz,M. Ruíz,M,"14,0",True,Mexico,"6,5","73,0",0,0,0,0,0,"24,0","30,0","80,0","4,0","10,0","1,0",0,0,,,2025-11-19 01:30:00,Int. Friendly Games,Mexico,4781,Paraguay,4789,1,2,L,Paraguay,home,True,México,"6,0","40,0",,"2,0","2,0","0,0","1,0","1,0","1,0",,,"13,0","9,0","2,0",,"7,0","0,0",,,,"39,0",,"1,0",,,,"0,0",,"3,0","3,0",,,,,,,,,,,"0,0","29,6","2,5"
14994224,home,4-3-3,1153541,Jorge Ruvalcaba,J. Ruvalcaba,M,"11,0",True,Mexico,"6,3","60,0",0,0,0,0,0,"4,0","6,0","66,7",,"4,0","1,0",0,0,,,2025-11-19 01:30:00,Int. Friendly Games,Mexico,4781,Paraguay,4789,1,2,L,Paraguay,home,True,México,"4,0","0,0",,,,,,,"1,0",,,"3,0","2,0",,"1,0","5,0","0,0",,,,"12,0","1,0","2,0",,,,"0,0",,"2,0",,,,,,,,,,,,"0,0","6,0","0,0"
14994224,home,4-3-3,192442,Raúl Jiménez,R. Jiménez,F,"7,0",True,Mexico,"6,8","90,0",1,0,2,1,0,"19,0","24,0","79,2","3,0","10,0","1,0",0,0,,,2025-11-19 01:30:00,Int. Friendly Games,Mexico,4781,Paraguay,4789,1,2,L,Paraguay,home,True,México,"7,0","30,0",,"2,0","2,0","0,0","1,0","1,0","2,0","1,0",,"16,0","11,0","3,0","1,0","13,0","3,0","1,0",,,"40,0","4,0","4,0",,,,"0,0",,"1,0","2,0",,,,,,,,,"30,0","45,0","1,0","19,0","3,0"
14994224,home,4-3-3,850404,Orbelín Pineda,O. Pineda,M,"13,0",True,Mexico,"7,9","90,0",0,0,0,0,2,"26,0","30,0","86,7","9,0","14,0","1,0",0,0,,,2025-11-19 01:30:00,Int. Friendly Games,Mexico,4781,Paraguay,4789,1,2,L,Paraguay,home,True,México,"5,0","64,3","1,0","2,0","3,0","33,3","4,0","4,0","7,0","7,0","1,0","20,0","17,0","3,0",,"9,0","1,0",,,,"45,0","3,0",,"1,0",,,"0,0",,"2,0","4,0",,,,,,,,,"90,0",,"0,0","26,0","3,0"
14994224,home,4-3-3,889785,Johan Vásquez,J. Vásquez,D,"22,0",False,Mexico,"6,9","30,0",0,0,0,0,0,"35,0","37,0","94,6","4,0","6,0","2,0",0,0,,,2025-11-19 01:30:00,Int. Friendly Games,Mexico,4781,Paraguay,4789,1,2,L,Paraguay,home,True,México,"2,0","66,7","3,0","1,0","4,0","75,0",,,"1,0",,,"17,0","15,0","3,0","3,0","2,0","0,0",,,,"44,0",,,,,,"0,0",,,"1,0",,,,,,,,,,,"0,0","105,0","9,0"
14994224,home,4-3-3,770253,Jesús Gallardo,J. Gallardo,D,"20,0",False,Mexico,"6,6","30,0",0,0,0,1,1,"16,0","19,0","84,2",,"3,0",,0,0,,,2025-11-19 01:30:00,Int. Friendly Games,Mexico,4781,Paraguay,4789,1,2,L,Paraguay,home,True,México,"3,0","0,0",,,,,,,"1,0","1,0",,"8,0","7,0","2,0",,"7,0","1,0",,,,"29,0","1,0","1,0",,,,"0,0",,"1,0",,,,,,,,,,"30,0",,"0,0","48,0","6,0"
14994224,home,4-3-3,865500,Roberto Alvarado,R. Alvarado,F,"25,0",False,Mexico,"6,9","30,0",0,0,0,0,2,"17,0","20,0","85,0",,"3,0",,0,0,,,2025-11-19 01:30:00,Int. Friendly Games,Mexico,4781,Paraguay,4789,1,2,L,Paraguay,home,True,México,"3,0","0,0",,"1,0","1,0","0,0",,,"2,0","1,0","5,0","13,0","10,0","2,0","2,0","10,0","0,0",,"1,0",,"32,0","1,0","2,0",,,,"0,0",,,,,,,,,,,,,,"0,0","51,0","6,0"
14994224,home,4-3-3,929848,Kevin Álvarez,K. Álvarez,D,"5,0",False,Mexico,"6,6","23,0",0,0,0,0,0,"14,0","15,0","93,3","1,0","2,0",,0,0,,,2025-11-19 01:30:00,Int. Friendly Games,Mexico,4781,Paraguay,4789,1,2,L,Paraguay,home,True,México,"1,0","50,0","1,0",,"1,0","100,0",,,,,"4,0","10,0","10,0",,,"4,0","0,0",,,,"20,0",,,,,,"0,0",,,,,,,,,,,,,,"0,0","54,8","0,0"
14994224,home,4-3-3,1595162,Armando González,A. González,F,"34,0",False,Mexico,"6,5","23,0",0,0,0,0,0,"2,0","3,0","66,7",,,,0,0,,,2025-11-19 01:30:00,Int. Friendly Games,Mexico,4781,Paraguay,4789,1,2,L,Paraguay,home,True,México,,,,,,,,,"1,0","1,0",,"3,0","2,0","1,0",,"4,0","0,0",,,,"6,0","3,0",,,,,"0,0",,,,,,,,,,,,,,"0,0","7,8","3,9"
14994224,home,4-3-3,845322,Erick Sánchez,E. Sánchez,M,"28,0",False,Mexico,"6,4","17,0",0,0,0,0,0,"8,0","9,0","88,9",,"1,0",,0,0,,,2025-11-19 01:30:00,Int. Friendly Games,Mexico,4781,Paraguay,4789,1,2,L,Paraguay,home,True,México,"1,0","0,0",,,,,,,,,,"4,0","3,0","1,0","1,0","4,0","1,0",,,,"15,0","2,0","1,0",,,,"0,0",,,,,,,,,,,,"17,0",,"0,0","42,4","5,3"
14994224,home,4-3-3,840519,Carlos Acevedo,C. Acevedo,G,"1,0",False,Mexico,,,0,0,0,0,0,,,,,,,0,0,,,2025-11-19 01:30:00,Int. Friendly Games,Mexico,4781,Paraguay,4789,1,2,L,Paraguay,home,True,México,,,,,,,,,,,,,,,,,"0,0",,,,,,,,,,,,,,,,,,,,,,,,,,
14994224,home,4-3-3,990408,Raúl Rangel,R. Rangel,G,"1,0",False,Mexico,,,0,0,0,0,0,,,,,,,0,0,,,2025-11-19 01:30:00,Int. Friendly Games,Mexico,4781,Paraguay,4789,1,2,L,Paraguay,home,True,México,,,,,,,,,,,,,,,,,"0,0",,,,,,,,,,,,,,,,,,,,,,,,,,
14994224,home,4-3-3,818406,César Montes,C. Montes,D,"23,0",False,Mexico,,,0,0,0,0,0,,,,,,,0,0,,,2025-11-19 01:30:00,Int. Friendly Games,Mexico,4781,Paraguay,4789,1,2,L,Paraguay,home,True,México,,,,,,,,,,,,,,,,,"0,0",,,,,,,,,,,,,,,,,,,,,,,,,,
14994224,home,4-3-3,874535,Diego Lainez,D. Lainez,M,"16,0",False,Mexico,,,0,0,0,0,0,,,,,,,0,0,,,2025-11-19 01:30:00,Int. Friendly Games,Mexico,4781,Paraguay,4789,1,2,L,Paraguay,home,True,México,,,,,,,,,,,,,,,,,"0,0",,,,,,,,,,,,,,,,,,,,,,,,,,
14994224,home,4-3-3,1119345,Obed Vargas,O. Vargas,M,"21,0",False,Mexico,,,0,0,0,0,0,,,,,,,0,0,,,2025-11-19 01:30:00,Int. Friendly Games,Mexico,4781,Paraguay,4789,1,2,L,Paraguay,home,True,México,,,,,,,,,,,,,,,,,"0,0",,,,,,,,,,,,,,,,,,,,,,,,,,
14994224,home,4-3-3,905247,Alexis Gutiérrez,A. Gutiérrez,M,"20,0",False,Mexico,,,0,0,0,0,0,,,,,,,0,0,,,2025-11-19 01:30:00,Int. Friendly Games,Mexico,4781,Paraguay,4789,1,2,L,Paraguay,home,True,México,,,,,,,,,,,,,,,,,"0,0",,,,,,,,,,,,,,,,,,,,,,,,,,
14994224,home,4-3-3,1005192,Fidel Ambríz,F. Ambríz,M,"5,0",False,Mexico,,,0,0,0,0,0,,,,,,,0,0,,,2025-11-19 01:30:00,Int. Friendly Games,Mexico,4781,Paraguay,4789,1,2,L,Paraguay,home,True,México,,,,,,,,,,,,,,,,,"0,0",,,,,,,,,,,,,,,,,,,,,,,,,,
14994224,home,4-3-3,822606,Germán Berterame,G. Berterame,F,"19,0",False,Mexico,,,0,0,0,0,0,,,,,,,0,0,,,2025-11-19 01:30:00,Int. Friendly Games,Mexico,4781,Paraguay,4789,1,2,L,Paraguay,home,True,México,,,,,,,,,,,,,,,,,"0,0",,,,,,,,,,,,,,,,,,,,,,,,,,
14994224,away,4-2-3-1,991709,Orlando Gill,O. Gill,G,"12,0",True,Paraguay,"6,8","90,0",0,0,0,0,0,"5,0","19,0","26,3",,,,0,0,,,2025-11-19 01:30:00,Int. Friendly Games,Mexico,4781,Paraguay,4789,1,2,L,Paraguay,home,False,México,,,,,,,,,,,,,,,,,"0,0",,,,,,,,,,,,,,,,,,,,,,,,"0,0","5,0","0,0"
14994224,away,4-2-3-1,312824,Alan Benítez,A. Benítez,D,"15,0",True,Paraguay,"6,8","90,0",0,0,0,0,2,"18,0","25,0","72,0","3,0",,,0,0,,,2025-11-19 01:30:00,Int. Friendly Games,Mexico,4781,Paraguay,4789,1,2,L,Paraguay,home,False,México,,,,,,,,,,,,,,,,,"0,0",,,,,,,,,,,,,,,,,,,,,,,,"0,0","18,0","0,0"
14994224,away,4-2-3-1,805427,Gustavo Velázquez,G. Velázquez,D,"23,0",True,Paraguay,"6,8","90,0",0,0,0,0,0,"9,0","15,0","60,0","5,0",,"1,0",0,0,,,2025-11-19 01:30:00,Int. Friendly Games,Mexico,4781,Paraguay,4789,1,2,L,Paraguay,home,False,México,,,,,,,,,,,,,,,,,"0,0",,,,,,,,,,,,,,,,,,,,,,,,"0,0","9,0","0,0"
14994224,away,4-2-3-1,883205,Alexis Duarte,A. Duarte,D,"16,0",True,Paraguay,"6,6","90,0",0,0,0,0,0,"12,0","14,0","85,7","1,0",,,0,0,,,2025-11-19 01:30:00,Int. Friendly Games,Mexico,4781,Paraguay,4789,1,2,L,Paraguay,home,False,México,,,,,,,,,,,,,,,,,"0,0",,,,,,,,,,,,,,,,,,,,,,,,"0,0","12,0","0,0"
14994224,away,4-2-3-1,1066556,Agustín Sández,A. Sández,D,"3,0",True,Paraguay,"6,7","90,0",0,0,0,1,0,"10,0","14,0","71,4","3,0",,"1,0",0,0,,,2025-11-19 01:30:00,Int. Friendly Games,Mexico,4781,Paraguay,4789,1,2,L,Paraguay,home,False,México,,,,,,,,,,,,,,,,,"1,0",,,,,,,,,,,,,,,,,,,,,,"90,0",,"0,0","10,0","0,0"
14994224,away,4-2-3-1,883206,Braian Ojeda,B. Ojeda,M,"8,0",True,Paraguay,"6,5","89,0",0,0,0,0,1,"11,0","20,0","55,0","6,0",,"1,0",0,0,,,2025-11-19 01:30:00,Int. Friendly Games,Mexico,4781,Paraguay,4789,1,2,L,Paraguay,home,False,México,,,,,,,,,,,,,,,,,"0,0",,,,,,,,,,,,,,,,,,,,,,,,"0,0","11,1","0,0"
14994224,away,4-2-3-1,1105836,Matías Galarza,M. Galarza,M,"88,0",True,Paraguay,"6,8","83,0",0,0,0,0,1,"7,0","14,0","50,0","6,0",,,0,0,,,2025-11-19 01:30:00,Int. Friendly Games,Mexico,4781,Paraguay,4789,1,2,L,Paraguay,home,False,México,,,,,,,,,,,,,,,,,"0,0",,,,,,,,,,,,,,,,,,,,,,,,"0,0","7,6","0,0"
14994224,away,4-2-3-1,1015733,Ramón Sosa,R. Sosa,F,"19,0",True,Paraguay,"7,1","68,0",0,0,1,1,0,"3,0","6,0","50,0","7,0",,,0,0,,,2025-11-19 01:30:00,Int. Friendly Games,Mexico,4781,Paraguay,4789,1,2,L,Paraguay,home,False,México,,,,,,,,,,,,,,,,,"2,0",,,,,,,,,,,,,,,,,,,,,,"34,0","68,0","0,0","4,0","0,0"
14994224,away,4-2-3-1,1065588,Diego Gómez,D. Gómez,M,"25,0",True,Paraguay,"7,3","45,0",0,0,1,1,1,"7,0","12,0","58,3","6,0",,"1,0",0,0,,,2025-11-19 01:30:00,Int. Friendly Games,Mexico,4781,Paraguay,4789,1,2,L,Paraguay,home,False,México,,,,,,,,,,,,,,,,,"2,0",,,,,,,,,,,,,,,,,,,,,,"22,5","45,0","0,0","14,0","0,0"
14994224,away,4-2-3-1,333373,Miguel Almirón,M. Almirón,M,"10,0",True,Paraguay,"6,8","45,0",0,0,0,0,0,"10,0","13,0","76,9","3,0",,,0,0,,,2025-11-19 01:30:00,Int. Friendly Games,Mexico,4781,Paraguay,4789,1,2,L,Paraguay,home,False,México,,,,,,,,,,,,,,,,,"0,0",,,,,,,,,,,,,,,,,,,,,,,,"0,0","20,0","0,0"
14994224,away,4-2-3-1,333261,Antonio Sanabria,A. Sanabria,F,"99,0",True,Paraguay,"7,3","68,0",1,0,1,1,1,"6,0","9,0","66,7","4,0",,,0,0,,,2025-11-19 01:30:00,Int. Friendly Games,Mexico,4781,Paraguay,4789,1,2,L,Paraguay,home,False,México,,,,,,,,,,,,,,,,,"2,0",,,,,,,,,,,,,,,,,,,,,,"34,0","68,0","1,32","7,9","0,0"
14994224,away,4-2-3-1,1015261,Damián Bobadilla,D. Bobadilla,M,"16,0",False,Paraguay,"7,6","45,0",1,0,1,0,1,"10,0","12,0","83,3","2,0",,,0,0,,,2025-11-19 01:30:00,Int. Friendly Games,Mexico,4781,Paraguay,4789,1,2,L,Paraguay,home,False,México,,,,,,,,,,,,,,,,,"1,0",,,,,,,,,,,,,,,,,,,,,,"45,0","45,0","2,0","20,0","0,0"
14994224,away,4-2-3-1,973556,Julio Enciso,J. Enciso,M,"19,0",False,Paraguay,"8,0","45,0",0,2,2,1,2,"6,0","9,0","66,7","2,0",,,0,0,,,2025-11-19 01:30:00,Int. Friendly Games,Mexico,4781,Paraguay,4789,1,2,L,Paraguay,home,False,México,,,,,,,,,,,,,,,,,"3,0",,,,,,,,,,,,,,,,,,,,,,"15,0","22,5","4,0","12,0","0,0"
14994224,away,4-2-3-1,1106593,Diego González,D. González,F,"11,0",False,Paraguay,"6,6","22,0",0,0,1,0,1,"2,0","3,0","66,7","1,0",,,0,0,,,2025-11-19 01:30:00,Int. Friendly Games,Mexico,4781,Paraguay,4789,1,2,L,Paraguay,home,False,México,,,,,,,,,,,,,,,,,"1,0",,,,,,,,,,,,,,,,,,,,,,"22,0","22,0","0,0","8,2","0,0"
14994224,away,4-2-3-1,1167312,Alex Arce,A. Arce,F,"9,0",False,Paraguay,"6,8","22,0",0,0,0,0,0,"8,0","12,0","66,7","3,0",,,0,0,,,2025-11-19 01:30:00,Int. Friendly Games,Mexico,4781,Paraguay,4789,1,2,L,Paraguay,home,False,México,,,,,,,,,,,,,,,,,"0,0",,,,,,,,,,,,,,,,,,,,,,,,"0,0","32,7","0,0"
14994224,away,4-2-3-1,333275,Junior Alonso,J. Alonso,D,"6,0",False,Paraguay,"6,5","14,0",0,0,0,0,0,"3,0","3,0","100,0",,,,0,0,,,2025-11-19 01:30:00,Int. Friendly Games,Mexico,4781,Paraguay,4789,1,2,L,Paraguay,home,False,México,,,,,,,,,,,,,,,,,"0,0",,,,,,,,,,,,,,,,,,,,,,,,"0,0","19,3","0,0"
14994224,away,4-2-3-1,1201172,Lucas Romero,L. Romero,M,"24,0",False,Paraguay,,"1,0",0,0,0,0,0,"2,0","2,0","100,0",,,,0,0,,,2025-11-19 01:30:00,Int. Friendly Games,Mexico,4781,Paraguay,4789,1,2,L,Paraguay,home,False,México,,,,,,,,,,,,,,,,,"0,0",,,,,,,,,,,,,,,,,,,,,,,,"0,0","180,0","0,0"
14994224,away,4-2-3-1,840027,Roberto Fernández,R. Fernández,G,"25,0",False,Paraguay,,,0,0,0,0,0,,,,,,,0,0,,,2025-11-19 01:30:00,Int. Friendly Games,Mexico,4781,Paraguay,4789,1,2,L,Paraguay,home,False,México,,,,,,,,,,,,,,,,,"0,0",,,,,,,,,,,,,,,,,,,,,,,,,,
14994224,away,4-2-3-1,883211,Aldo Perez,A. Perez,G,"30,0",False,Paraguay,,,0,0,0,0,0,,,,,,,0,0,,,2025-11-19 01:30:00,Int. Friendly Games,Mexico,4781,Paraguay,4789,1,2,L,Paraguay,home,False,México,,,,,,,,,,,,,,,,,"0,0",,,,,,,,,,,,,,,,,,,,,,,,,,
14994224,away,4-2-3-1,989801,Juan Cáceres,J. Cáceres,D,"4,0",False,Paraguay,,,0,0,0,0,0,,,,,,,0,0,,,2025-11-19 01:30:00,Int. Friendly Games,Mexico,4781,Paraguay,4789,1,2,L,Paraguay,home,False,México,,,,,,,,,,,,,,,,,"0,0",,,,,,,,,,,,,,,,,,,,,,,,,,
14994224,away,4-2-3-1,805202,Blás Riveros,B. Riveros,D,"15,0",False,Paraguay,,,0,0,0,0,0,,,,,,,0,0,,,2025-11-19 01:30:00,Int. Friendly Games,Mexico,4781,Paraguay,4789,1,2,L,Paraguay,home,False,México,,,,,,,,,,,,,,,,,"0,0",,,,,,,,,,,,,,,,,,,,,,,,,,
14994224,away,4-2-3-1,220833,Gustavo Gómez,G. Gómez,D,"15,0",False,Paraguay,,,0,0,0,0,0,,,,,,,0,0,,,2025-11-19 01:30:00,Int. Friendly Games,Mexico,4781,Paraguay,4789,1,2,L,Paraguay,home,False,México,,,,,,,,,,,,,,,,,"0,0",,,,,,,,,,,,,,,,,,,,,,,,,,
14994224,away,4-2-3-1,1900795,Diego León,D. León,D,"35,0",False,Paraguay,,,0,0,0,0,0,,,,,,,0,0,,,2025-11-19 01:30:00,Int. Friendly Games,Mexico,4781,Paraguay,4789,1,2,L,Paraguay,home,False,México,,,,,,,,,,,,,,,,,"0,0",,,,,,,,,,,,,,,,,,,,,,,,,,
14994224,away,4-2-3-1,788936,Alejandro Romero,Kaku,M,"10,0",False,Paraguay,,,0,0,0,0,0,,,,,,,0,0,,,2025-11-19 01:30:00,Int. Friendly Games,Mexico,4781,Paraguay,4789,1,2,L,Paraguay,home,False,México,,,,,,,,,,,,,,,,,"0,0",,,,,,,,,,,,,,,,,,,,,,,,,,
14994224,away,4-2-3-1,874452,Ronaldo Martinez,R. Martinez,F,"77,0",False,Paraguay,,,0,0,0,0,0,,,,,,,0,0,,,2025-11-19 01:30:00,Int. Friendly Games,Mexico,4781,Paraguay,4789,1,2,L,Paraguay,home,False,México,,,,,,,,,,,,,,,,,"0,0",,,,,,,,,,,,,,,,,,,,,,,,,,
14994228,home,4-3-3,990408,Raúl Rangel,R. Rangel,G,"1,0",True,Mexico,"7,3","90,0",0,0,0,0,0,"28,0","33,0","84,8","1,0","1,0",,0,0,,,2025-11-16 01:00:00,Int. Friendly Games,Mexico,4781,Uruguay,4725,0,0,D,Uruguay,home,True,México,,"100,0",,,,,,,"10,0","5,0",,"7,0","3,0","6,0",,"6,0","0,0",,,,"39,0",,,,,,"0,0",,,"1,0",,"2,0",,,,,,,,,"0,0","28,0","6,0"
14994228,home,4-3-3,989236,Israel Reyes,I. Reyes,D,"3,0",True,Mexico,"7,1","90,0",0,0,0,1,1,"29,0","33,0","87,9","3,0","4,0","1,0",0,0,,,2025-11-16 01:00:00,Int. Friendly Games,Mexico,4781,Uruguay,4725,0,0,D,Uruguay,home,True,México,"1,0","75,0","1,0","1,0","2,0","50,0","2,0","1,0","4,0","2,0","1,0","11,0","9,0","6,0",,"5,0","1,0",,,,"49,0",,,,,,"0,0",,,,,,,,,,,,"90,0",,"0,0","29,0","6,0"
14994228,home,4-3-3,818406,César Montes,C. Montes,D,"23,0",True,Mexico,"7,2","90,0",0,0,0,0,0,"43,0","51,0","84,3","5,0","5,0","1,0",0,0,,,2025-11-16 01:00:00,Int. Friendly Games,Mexico,4781,Uruguay,4725,0,0,D,Uruguay,home,True,México,,"100,0","2,0",,"2,0","100,0","3,0","2,0","7,0","2,0",,"11,0","6,0","1,0","5,0","8,0","0,0",,,,"63,0",,,,,,"0,0",,,,,,,,,,,,,,"0,0","43,0","1,0"
14994228,home,4-3-3,889785,Johan Vásquez,J. Vásquez,D,"22,0",True,Mexico,"7,4","90,0",0,0,1,0,0,"60,0","65,0","92,3","7,0","11,0",,0,0,,,2025-11-16 01:00:00,Int. Friendly Games,Mexico,4781,Uruguay,4725,0,0,D,Uruguay,home,True,México,"4,0","63,6","3,0",,"3,0","100,0","3,0","3,0","8,0","6,0",,"15,0","12,0","3,0","2,0","7,0","1,0",,,,"74,0",,"2,0",,,,"0,0",,"1,0","1,0",,,,,,,,,"90,0","90,0","0,0","60,0","3,0"
14994228,home,4-3-3,770253,Jesús Gallardo,J. Gallardo,D,"20,0",True,Mexico,"7,2","90,0",0,0,0,0,1,"29,0","38,0","76,3","8,0","10,0",,0,0,,,2025-11-16 01:00:00,Int. Friendly Games,Mexico,4781,Uruguay,4725,0,0,D,Uruguay,home,True,México,"2,0","80,0","2,0",,"2,0","100,0","6,0","2,0","4,0","2,0","4,0","17,0","11,0","4,0","1,0","13,0","0,0",,,,"61,0","1,0",,,,,"0,0",,"1,0",,,,,,,,,,,,"0,0","29,0","4,0"
14994228,home,4-3-3,845322,Erick Sánchez,E. Sánchez,M,"28,0",True,Mexico,"6,4","65,0",0,0,0,0,0,"14,0","17,0","82,4","2,0","7,0",,0,0,,,2025-11-16 01:00:00,Int. Friendly Games,Mexico,4781,Uruguay,4725,0,0,D,Uruguay,home,True,México,"5,0","28,6",,,,,"1,0","1,0",,,,"9,0","8,0","4,0","1,0","6,0","0,0",,,,"23,0","1,0","1,0","1,0",,,"0,0",,"3,0","1,0",,,,,,,,,,,"0,0","19,4","5,5"
14994228,home,4-3-3,847151,Edson Álvarez,E. Álvarez,M,"11,0",True,Mexico,"6,8","66,0",0,0,0,0,0,"31,0","32,0","96,9","3,0","6,0","1,0",0,0,,,2025-11-16 01:00:00,Int. Friendly Games,Mexico,4781,Uruguay,4725,0,0,D,Uruguay,home,True,México,"3,0","50,0",,,,,"3,0","3,0","1,0","1,0",,"7,0","6,0","5,0","1,0","1,0","0,0",,,,"38,0",,,,,,"0,0",,"3,0",,,,,,,,,,,,"0,0","42,3","6,8"
14994228,home,4-3-3,942167,Marcel Ruíz,M. Ruíz,M,"14,0",True,Mexico,"7,1","65,0",0,0,0,1,1,"32,0","35,0","91,4","9,0","14,0",,0,0,,,2025-11-16 01:00:00,Int. Friendly Games,Mexico,4781,Uruguay,4725,0,0,D,Uruguay,home,True,México,"5,0","64,3",,"2,0","2,0","0,0","3,0",,"2,0","1,0",,"16,0","13,0","2,0",,"6,0","1,0",,,,"49,0","1,0","2,0",,,,"0,0",,"1,0","6,0",,,,,,,,,"65,0",,"0,0","44,3","2,8"
14994228,home,4-3-3,865500,Roberto Alvarado,R. Alvarado,F,"25,0",True,Mexico,"6,7","79,0",0,0,1,0,1,"20,0","26,0","76,9",,"3,0",,0,0,,,2025-11-16 01:00:00,Int. Friendly Games,Mexico,4781,Uruguay,4725,0,0,D,Uruguay,home,True,México,"3,0","0,0",,,,,,,,,"4,0","14,0","11,0","1,0",,"15,0","1,0",,,,"41,0","4,0","2,0",,,,"0,0",,"1,0",,,,,,,,,,"79,0","79,0","0,0","22,8","1,1"
14994228,home,4-3-3,192442,Raúl Jiménez,R. Jiménez,F,"7,0",True,Mexico,"6,5","79,0",0,0,1,1,1,"10,0","16,0","62,5","2,0","11,0",,0,0,,,2025-11-16 01:00:00,Int. Friendly Games,Mexico,4781,Uruguay,4725,0,0,D,Uruguay,home,True,México,"9,0","18,2","1,0","2,0","3,0","33,3",,,"1,0",,,"12,0","6,0","2,0",,"12,0","3,0",,,,"28,0","2,0",,"4,0",,,"0,0",,"3,0","1,0","1,0",,,,,,,,"26,3","79,0","0,0","11,4","2,3"
14994228,home,4-3-3,385320,Hirving Lozano,H. Lozano,F,"11,0",True,Mexico,"6,8","44,0",0,0,0,1,0,"9,0","10,0","90,0","3,0","8,0",,0,0,,,2025-11-16 01:00:00,Int. Friendly Games,Mexico,4781,Uruguay,4725,0,0,D,Uruguay,home,True,México,"5,0","37,5",,,,,,,"1,0","1,0","2,0","6,0","5,0","5,0",,"6,0","1,0",,,,"22,0","3,0",,,,,"0,0",,"3,0","3,0",,,,,,,,,"44,0",,"0,0","18,4","10,2"
14994228,home,4-3-3,1914576,Gilberto Mora,G. Mora,M,"19,0",False,Mexico,"6,7","46,0",0,0,0,1,2,"21,0","22,0","95,5","3,0","4,0",,0,0,,,2025-11-16 01:00:00,Int. Friendly Games,Mexico,4781,Uruguay,4725,0,0,D,Uruguay,home,True,México,"1,0","75,0",,,,,,,,,"1,0","12,0","11,0","1,0",,"3,0","2,0","1,0",,,"31,0",,,"2,0","1,0",,"0,0",,,"2,0",,,,,,,,,"23,0",,"0,0","41,1","2,0"
14994228,home,4-3-3,850404,Orbelín Pineda,O. Pineda,M,"13,0",False,Mexico,"6,6","25,0",0,0,0,0,0,"9,0","11,0","81,8","3,0","4,0",,0,0,,,2025-11-16 01:00:00,Int. Friendly Games,Mexico,4781,Uruguay,4725,0,0,D,Uruguay,home,True,México,"1,0","75,0",,,,,"1,0",,,,,"8,0","6,0","1,0",,"5,0","0,0",,,,"20,0","3,0",,,,,"0,0",,,"2,0",,,,,,,,,,,"0,0","32,4","3,6"
14994228,home,4-3-3,1119345,Obed Vargas,O. Vargas,M,"21,0",False,Mexico,"6,6","25,0",0,0,0,0,0,"7,0","8,0","87,5","2,0","2,0",,0,0,,,2025-11-16 01:00:00,Int. Friendly Games,Mexico,4781,Uruguay,4725,0,0,D,Uruguay,home,True,México,,"100,0",,,,,,,,,,"3,0","2,0","1,0",,"1,0","0,0",,,,"11,0",,,,,,"0,0",,,"2,0",,,,,,,,,,,"0,0","25,2","3,6"
14994228,home,4-3-3,944068,Erik Lira,E. Lira,D,"6,0",False,Mexico,"6,5","24,0",0,0,0,0,0,"15,0","16,0","93,8","1,0","3,0",,0,0,,,2025-11-16 01:00:00,Int. Friendly Games,Mexico,4781,Uruguay,4725,0,0,D,Uruguay,home,True,México,"2,0","33,3",,,,,"1,0",,,,,"6,0","5,0","2,0","1,0","2,0","0,0",,,,"20,0",,"1,0",,,,"0,0",,"1,0",,,,,,,,,,,,"0,0","56,2","7,5"
14994228,home,4-3-3,874535,Diego Lainez,D. Lainez,M,"16,0",False,Mexico,"6,5","11,0",0,0,0,0,0,"3,0","4,0","75,0",,"1,0",,0,0,,,2025-11-16 01:00:00,Int. Friendly Games,Mexico,4781,Uruguay,4725,0,0,D,Uruguay,home,True,México,"1,0","0,0",,,,,,,"1,0","1,0",,"3,0","2,0",,,"2,0","0,0",,,,"5,0",,,,,,"0,0",,"1,0",,,,,,,,,,,,"0,0","24,5","0,0"
14994228,home,4-3-3,822606,Germán Berterame,G. Berterame,F,"19,0",False,Mexico,"6,6","11,0",0,0,0,0,1,"3,0","3,0","100,0",,"1,0",,0,0,,,2025-11-16 01:00:00,Int. Friendly Games,Mexico,4781,Uruguay,4725,0,0,D,Uruguay,home,True,México,"1,0","0,0",,,,,,,,,"1,0","2,0","2,0",,,"3,0","0,0",,,,"7,0","2,0",,,,,"0,0",,"1,0",,"1,0",,,,,,,,,,"0,0","24,5","0,0"
14994228,home,4-3-3,830240,Luis Malagón,L. Malagón,G,"1,0",False,Mexico,,,0,0,0,0,0,,,,,,,0,0,,,2025-11-16 01:00:00,Int. Friendly Games,Mexico,4781,Uruguay,4725,0,0,D,Uruguay,home,True,México,,,,,,,,,,,,,,,,,"0,0",,,,,,,,,,,,,,,,,,,,,,,,,,
14994228,home,4-3-3,840519,Carlos Acevedo,C. Acevedo,G,"1,0",False,Mexico,,,0,0,0,0,0,,,,,,,0,0,,,2025-11-16 01:00:00,Int. Friendly Games,Mexico,4781,Uruguay,4725,0,0,D,Uruguay,home,True,México,,,,,,,,,,,,,,,,,"0,0",,,,,,,,,,,,,,,,,,,,,,,,,,
14994228,home,4-3-3,1088274,Jesús Orozco,J. Orozco,D,"5,0",False,Mexico,,,0,0,0,0,0,,,,,,,0,0,,,2025-11-16 01:00:00,Int. Friendly Games,Mexico,4781,Uruguay,4725,0,0,D,Uruguay,home,True,México,,,,,,,,,,,,,,,,,"0,0",,,,,,,,,,,,,,,,,,,,,,,,,,
14994228,home,4-3-3,1638685,Mateo Chávez,M. Chávez,D,"15,0",False,Mexico,,,0,0,0,0,0,,,,,,,0,0,,,2025-11-16 01:00:00,Int. Friendly Games,Mexico,4781,Uruguay,4725,0,0,D,Uruguay,home,True,México,,,,,,,,,,,,,,,,,"0,0",,,,,,,,,,,,,,,,,,,,,,,,,,
14994228,home,4-3-3,929848,Kevin Álvarez,K. Álvarez,D,"5,0",False,Mexico,,,0,0,0,0,0,,,,,,,0,0,,,2025-11-16 01:00:00,Int. Friendly Games,Mexico,4781,Uruguay,4725,0,0,D,Uruguay,home,True,México,,,,,,,,,,,,,,,,,"0,0",,,,,,,,,,,,,,,,,,,,,,,,,,
14994228,home,4-3-3,1005192,Fidel Ambríz,F. Ambríz,M,"5,0",False,Mexico,,,0,0,0,0,0,,,,,,,0,0,,,2025-11-16 01:00:00,Int. Friendly Games,Mexico,4781,Uruguay,4725,0,0,D,Uruguay,home,True,México,,,,,,,,,,,,,,,,,"0,0",,,,,,,,,,,,,,,,,,,,,,,,,,
14994228,home,4-3-3,1153541,Jorge Ruvalcaba,J. Ruvalcaba,M,"11,0",False,Mexico,,,0,0,0,0,0,,,,,,,0,0,,,2025-11-16 01:00:00,Int. Friendly Games,Mexico,4781,Uruguay,4725,0,0,D,Uruguay,home,True,México,,,,,,,,,,,,,,,,,"0,0",,,,,,,,,,,,,,,,,,,,,,,,,,
14994228,home,4-3-3,905247,Alexis Gutiérrez,A. Gutiérrez,M,"20,0",False,Mexico,,,0,0,0,0,0,,,,,,,0,0,,,2025-11-16 01:00:00,Int. Friendly Games,Mexico,4781,Uruguay,4725,0,0,D,Uruguay,home,True,México,,,,,,,,,,,,,,,,,"0,0",,,,,,,,,,,,,,,,,,,,,,,,,,
14994228,home,4-3-3,1595162,Armando González,A. González,F,"34,0",False,Mexico,,,0,0,0,0,0,,,,,,,0,0,,,2025-11-16 01:00:00,Int. Friendly Games,Mexico,4781,Uruguay,4725,0,0,D,Uruguay,home,True,México,,,,,,,,,,,,,,,,,"0,0",,,,,,,,,,,,,,,,,,,,,,,,,,
14994228,away,4-3-3,846421,Santiago Mele,S. Mele,G,"25,0",True,Uruguay,"7,5","90,0",0,0,0,0,0,"28,0","33,0","84,8",,,,0,0,,,2025-11-16 01:00:00,Int. Friendly Games,Mexico,4781,Uruguay,4725,0,0,D,Uruguay,home,False,México,,,,,,,,,,,,,,,,,"0,0",,,,,,,,,,,,,,,,,,,,,,,,"0,0","28,0","0,0"
14994228,away,4-3-3,311456,Guillermo Varela,G. Varela,D,"2,0",True,Uruguay,"6,9","90,0",0,0,0,0,0,"29,0","34,0","85,3","5,0",,,0,0,,,2025-11-16 01:00:00,Int. Friendly Games,Mexico,4781,Uruguay,4725,0,0,D,Uruguay,home,False,México,,,,,,,,,,,,,,,,,"0,0",,,,,,,,,,,,,,,,,,,,,,,,"0,0","29,0","0,0"
14994228,away,4-3-3,325355,José María Giménez,J. M. Giménez,D,"2,0",True,Uruguay,"7,3","90,0",0,0,0,0,0,"58,0","62,0","93,5","4,0",,,0,0,,,2025-11-16 01:00:00,Int. Friendly Games,Mexico,4781,Uruguay,4725,0,0,D,Uruguay,home,False,México,,,,,,,,,,,,,,,,,"0,0",,,,,,,,,,,,,,,,,,,,,,,,"0,0","58,0","0,0"
14994228,away,4-3-3,805078,Mathías Olivera,M. Olivera,D,"17,0",True,Uruguay,"8,0","90,0",0,0,0,1,0,"60,0","65,0","92,3","9,0",,"1,0",0,0,,,2025-11-16 01:00:00,Int. Friendly Games,Mexico,4781,Uruguay,4725,0,0,D,Uruguay,home,False,México,,,,,,,,,,,,,,,,,"1,0",,,,,,,,,,,,,,,,,,,,,,"90,0",,"0,0","60,0","0,0"
14994228,away,4-3-3,881110,Joaquín Piquerez,J. Piquerez,D,"22,0",True,Uruguay,"7,0","90,0",0,0,0,0,1,"27,0","34,0","79,4","3,0",,,0,0,,,2025-11-16 01:00:00,Int. Friendly Games,Mexico,4781,Uruguay,4725,0,0,D,Uruguay,home,False,México,,,,,,,,,,,,,,,,,"0,0",,,,,,,,,,,,,,,,,,,,,,,,"0,0","27,0","0,0"
14994228,away,4-3-3,791190,Rodrigo Bentancur,R. Bentancur,M,"30,0",True,Uruguay,"6,5","90,0",0,0,0,0,0,"35,0","42,0","83,3","3,0",,"1,0",0,0,,,2025-11-16 01:00:00,Int. Friendly Games,Mexico,4781,Uruguay,4725,0,0,D,Uruguay,home,False,México,,,,,,,,,,,,,,,,,"0,0",,,,,,,,,,,,,,,,,,,,,,,,"0,0","35,0","0,0"
14994228,away,4-3-3,973533,Emiliano Martínez,E. Martínez,M,"32,0",True,Uruguay,"6,6","90,0",0,0,0,0,0,"28,0","33,0","84,8","3,0",,,0,0,,,2025-11-16 01:00:00,Int. Friendly Games,Mexico,4781,Uruguay,4725,0,0,D,Uruguay,home,False,México,,,,,,,,,,,,,,,,,"0,0",,,,,,,,,,,,,,,,,,,,,,,,"0,0","28,0","0,0"
14994228,away,4-3-3,966575,Rodrigo Zalazar,R. Zalazar,F,"10,0",True,Uruguay,"6,7","45,0",0,0,0,0,0,"13,0","17,0","76,5","5,0",,"1,0",0,0,,,2025-11-16 01:00:00,Int. Friendly Games,Mexico,4781,Uruguay,4725,0,0,D,Uruguay,home,False,México,,,,,,,,,,,,,,,,,"0,0",,,,,,,,,,,,,,,,,,,,,,,,"0,0","26,0","0,0"
14994228,away,4-3-3,932233,Brian Rodríguez,B. Rodríguez,M,"7,0",True,Uruguay,"6,6","74,0",0,0,1,0,0,"18,0","26,0","69,2","3,0",,,0,0,,,2025-11-16 01:00:00,Int. Friendly Games,Mexico,4781,Uruguay,4725,0,0,D,Uruguay,home,False,México,,,,,,,,,,,,,,,,,"1,0",,,,,,,,,,,,,,,,,,,,,,"74,0","74,0","0,0","21,9","0,0"
14994228,away,4-3-3,155974,Rodrigo Aguirre,R. Aguirre,F,"17,0",True,Uruguay,"6,5","90,0",0,0,0,0,0,"13,0","18,0","72,2","2,0",,,0,0,,,2025-11-16 01:00:00,Int. Friendly Games,Mexico,4781,Uruguay,4725,0,0,D,Uruguay,home,False,México,,,,,,,,,,,,,,,,,"0,0",,,,,,,,,,,,,,,,,,,,,,,,"0,0","13,0","0,0"
14994228,away,4-3-3,874568,Juan Sanabria,J. Sanabria,D,"8,0",True,Uruguay,"6,4","45,0",0,0,0,0,0,"4,0","4,0","100,0",,,,0,0,,,2025-11-16 01:00:00,Int. Friendly Games,Mexico,4781,Uruguay,4725,0,0,D,Uruguay,home,False,México,,,,,,,,,,,,,,,,,"0,0",,,,,,,,,,,,,,,,,,,,,,,,"0,0","8,0","0,0"
14994228,away,4-3-3,874572,Facundo Torres,F. Torres,M,"11,0",False,Uruguay,"6,8","45,0",0,0,1,0,0,"4,0","6,0","66,7","5,0",,,0,0,,,2025-11-16 01:00:00,Int. Friendly Games,Mexico,4781,Uruguay,4725,0,0,D,Uruguay,home,False,México,,,,,,,,,,,,,,,,,"1,0",,,,,,,,,,,,,,,,,,,,,,"45,0","45,0","0,0","8,0","0,0"
14994228,away,4-3-3,589620,Nahitan Nández,N. Nandez,M,"8,0",False,Uruguay,"6,2","45,0",0,0,0,0,1,"7,0","11,0","63,6",,,,0,0,,,2025-11-16 01:00:00,Int. Friendly Games,Mexico,4781,Uruguay,4725,0,0,D,Uruguay,home,False,México,,,,,,,,,,,,,,,,,"0,0",,,,,,,,,,,,,,,,,,,,,,,,"0,0","14,0","0,0"
14994228,away,4-3-3,929193,Maximiliano Araújo,M. Araújo,D,"20,0",False,Uruguay,"6,5","16,0",0,0,0,0,0,"2,0","2,0","100,0","1,0",,,0,0,,,2025-11-16 01:00:00,Int. Friendly Games,Mexico,4781,Uruguay,4725,0,0,D,Uruguay,home,False,México,,,,,,,,,,,,,,,,,"0,0",,,,,,,,,,,,,,,,,,,,,,,,"0,0","11,2","0,0"
14994228,away,4-3-3,1475463,Kevin Martínez,K. Martínez,G,"32,0",False,Uruguay,,,0,0,0,0,0,,,,,,,0,0,,,2025-11-16 01:00:00,Int. Friendly Games,Mexico,4781,Uruguay,4725,0,0,D,Uruguay,home,False,México,,,,,,,,,,,,,,,,,"0,0",,,,,,,,,,,,,,,,,,,,,,,,,,
14994228,away,4-3-3,881111,Cristopher Fiermarín,C. Fiermarín,G,"22,0",False,Uruguay,,,0,0,0,0,0,,,,,,,0,0,,,2025-11-16 01:00:00,Int. Friendly Games,Mexico,4781,Uruguay,4725,0,0,D,Uruguay,home,False,México,,,,,,,,,,,,,,,,,"0,0",,,,,,,,,,,,,,,,,,,,,,,,,,
14994228,away,4-3-3,877591,Puma Rodríguez,P. Rodríguez,D,"2,0",False,Uruguay,,,0,0,0,0,0,,,,,,,0,0,,,2025-11-16 01:00:00,Int. Friendly Games,Mexico,4781,Uruguay,4725,0,0,D,Uruguay,home,False,México,,,,,,,,,,,,,,,,,"0,0",,,,,,,,,,,,,,,,,,,,,,,,,,
14994228,away,4-3-3,875295,Matías Viña,M. Viña,D,"18,0",False,Uruguay,,,0,0,0,0,0,,,,,,,0,0,,,2025-11-16 01:00:00,Int. Friendly Games,Mexico,4781,Uruguay,4725,0,0,D,Uruguay,home,False,México,,,,,,,,,,,,,,,,,"0,0",,,,,,,,,,,,,,,,,,,,,,,,,,
14994228,away,4-3-3,925097,Ronald Araújo,R. Araújo,D,"4,0",False,Uruguay,,,0,0,0,0,0,,,,,,,0,0,,,2025-11-16 01:00:00,Int. Friendly Games,Mexico,4781,Uruguay,4725,0,0,D,Uruguay,home,False,México,,,,,,,,,,,,,,,,,"0,0",,,,,,,,,,,,,,,,,,,,,,,,,,
14994228,away,4-3-3,1086252,Santiago Homenchenko,S. Homenchenko,M,"6,0",False,Uruguay,,,0,0,0,0,0,,,,,,,0,0,,,2025-11-16 01:00:00,Int. Friendly Games,Mexico,4781,Uruguay,4725,0,0,D,Uruguay,home,False,México,,,,,,,,,,,,,,,,,"0,0",,,,,,,,,,,,,,,,,,,,,,,,,,
14994228,away,4-3-3,846425,Manuel Ugarte,M. Ugarte,M,"25,0",False,Uruguay,,,0,0,0,0,0,,,,,,,0,0,,,2025-11-16 01:00:00,Int. Friendly Games,Mexico,4781,Uruguay,4725,0,0,D,Uruguay,home,False,México,,,,,,,,,,,,,,,,,"0,0",,,,,,,,,,,,,,,,,,,,,,,,,,
14994228,away,4-3-3,948004,Ignacio Laquintana,I. Laquintana,M,"19,0",False,Uruguay,,,0,0,0,0,0,,,,,,,0,0,,,2025-11-16 01:00:00,Int. Friendly Games,Mexico,4781,Uruguay,4725,0,0,D,Uruguay,home,False,México,,,,,,,,,,,,,,,,,"0,0",,,,,,,,,,,,,,,,,,,,,,,,,,
14994228,away,4-3-3,1099361,Luciano Rodríguez,L. Rodríguez,F,"19,0",False,Uruguay,,,0,0,0,0,0,,,,,,,0,0,,,2025-11-16 01:00:00,Int. Friendly Games,Mexico,4781,Uruguay,4725,0,0,D,Uruguay,home,False,México,,,,,,,,,,,,,,,,,"0,0",,,,,,,,,,,,,,,,,,,,,,,,,,
