match_id,side,formation,player_id,player_name,player_shortname,position,jersey_number,is_starter,country,rating,minutes_played,goals,assists,shots_on_target,shots_off_target,key_passes,accurate_passes,total_passes,pass_accuracy_pct,duels_won,duels_total,interceptions,yellow_cards,red_cards,expected_goals,expected_assists,match_date,tournament,home_team,home_team_id,away_team,away_team_id,home_score,away_score,result,rival,target_side,is_target_team,team,duels_lost,duels_won_pct,aerial_won,aerial_lost,aerial_total,aerial_won_pct,tackles_total,tackles_won,long_balls_total,long_balls_accurate,crosses_total,opp_half_passes,opp_half_passes_acc,ball_recoveries,clearances,possession_lost,total_shots,big_chances_missed,big_chances_created,hit_woodwork,touches,bad_touches,dispossessed,dribbles_attempted,dribbles_won,dribbles,dribble_distance_m,progressive_carries,fouls_committed,fouls_received,offsides,saves,keeper_save_value,shot_value,pass_value,dribble_value,defensive_value,goalkeeper_value,mins_per_shot,mins_per_shot_on_target,g_a_per90,passes_per90,recoveries_per90
16112839,home,4-2-3-1,125787,Camilo Vargas,C. Vargas,G,"12,0",True,Colombia,"6,4","74,0",0,0,0,0,0,"17,0","20,0","85,0",,,,0,0,,,2026-06-01 23:00:00,Int. Friendly Games,Colombia,4820,Costa Rica,4756,3,1,W,Costa Rica,home,True,Colombia,,,,,,,,,"6,0","3,0",,"3,0",,"4,0",,"3,0","0,0",,,,"23,0",,,,,"1,0","3,7","0,0",,,,"2,0","0,0637",,"0,03","0,0","-0,1","0,07",,,"0,0","20,7","4,9"
16112839,home,4-2-3-1,158583,Santiago Arias,S. Arias,D,"4,0",True,Colombia,"6,8","89,0",0,0,0,0,3,"42,0","48,0","87,5","3,0","6,0","1,0",0,0,,,2026-06-01 23:00:00,Int. Friendly Games,Colombia,4820,Costa Rica,4756,3,1,W,Costa Rica,home,True,Colombia,"3,0","50,0",,,,,"2,0","2,0","4,0","3,0","4,0","28,0","26,0","1,0","2,0","12,0","0,0",,,,"67,0",,"1,0",,,"7,0","44,1","0,0","2,0","1,0",,,,,"0,29","-0,16","-0,08",,,,"0,0","42,5","1,0"
16112839,home,4-2-3-1,566102,Davinson Sánchez,D. Sánchez,D,"6,0",True,Colombia,"7,7","45,0",1,0,1,0,0,"34,0","38,0","89,5","3,0","5,0",,0,0,,,2026-06-01 23:00:00,Int. Friendly Games,Colombia,4820,Costa Rica,4756,3,1,W,Costa Rica,home,True,Colombia,"2,0","60,0","1,0","1,0","2,0","50,0","1,0","1,0","3,0","1,0",,"23,0","20,0","1,0","3,0","4,0","1,0",,,,"46,0",,,,,"16,0","124,1","0,0",,"1,0",,,,"0,46","0,2","0,07","-0,02",,"45,0","45,0","2,0","68,0","2,0"
16112839,home,4-2-3-1,931705,Willer Ditta,W. Ditta,D,"4,0",True,Colombia,"7,4","74,0",0,0,0,2,0,"46,0","52,0","88,5","6,0","9,0",,0,0,,,2026-06-01 23:00:00,Int. Friendly Games,Colombia,4820,Costa Rica,4756,3,1,W,Costa Rica,home,True,Colombia,"3,0","66,7","6,0","1,0","7,0","85,7",,,"7,0","3,0",,"23,0","20,0","4,0","9,0","8,0","2,0",,,,"69,0","2,0",,,,"16,0","98,9","0,0","2,0",,,,,"-0,52","0,26","0,08","0,2",,"37,0",,"0,0","55,9","4,9"
16112839,home,4-2-3-1,344847,Johan Mojica,J. Mojica,D,"22,0",True,Colombia,"6,4","74,0",0,0,0,0,0,"28,0","30,0","93,3",,"1,0","1,0",0,0,,,2026-06-01 23:00:00,Int. Friendly Games,Colombia,4820,Costa Rica,4756,3,1,W,Costa Rica,home,True,Colombia,"1,0","0,0",,"1,0","1,0","0,0",,,"3,0","1,0","2,0","16,0","14,0","6,0","2,0","4,0","0,0",,,,"39,0",,,,,"5,0","25,2","0,0",,,,,,,"0,09","0,0","-0,16",,,,"0,0","34,1","7,3"
16112839,home,4-2-3-1,1015292,Richard Ríos,R. Ríos,M,"20,0",True,Colombia,"6,6","68,0",0,0,0,0,0,"25,0","29,0","86,2","6,0","13,0",,0,0,,,2026-06-01 23:00:00,Int. Friendly Games,Colombia,4820,Costa Rica,4756,3,1,W,Costa Rica,home,True,Colombia,"7,0","46,2","1,0",,"1,0","100,0","2,0","1,0","1,0","1,0","1,0","17,0","15,0","4,0",,"8,0","0,0",,,,"39,0","2,0",,"2,0","1,0","13,0","95,4","0,0","2,0","2,0",,,,,"0,18","0,02","-0,21",,,,"0,0","33,1","5,3"
16112839,home,4-2-3-1,1174889,Gustavo Puerta,G. Puerta,M,"19,0",True,Colombia,"6,7","68,0",0,0,1,0,0,"37,0","42,0","88,1","4,0","8,0","1,0",0,0,,,2026-06-01 23:00:00,Int. Friendly Games,Colombia,4820,Costa Rica,4756,3,1,W,Costa Rica,home,True,Colombia,"4,0","50,0",,"1,0","1,0","0,0","1,0","1,0","1,0","1,0","1,0","30,0","26,0","2,0","1,0","7,0","1,0",,,,"53,0",,"1,0","1,0","1,0","15,0","105,9","0,0","1,0","2,0",,,,"-0,02","0,01","0,03","-0,07",,"68,0","68,0","0,0","49,0","2,6"
16112839,home,4-2-3-1,1160386,Andrés Gómez,A. Gómez,M,"11,0",True,Colombia,"6,3","45,0",0,0,0,1,0,"9,0","12,0","75,0","2,0","6,0",,0,0,,,2026-06-01 23:00:00,Int. Friendly Games,Colombia,4820,Costa Rica,4756,3,1,W,Costa Rica,home,True,Colombia,"4,0","33,3",,,,,"2,0","2,0",,,,"9,0","6,0","2,0","1,0","5,0","1,0",,,,"18,0","1,0",,"1,0",,"5,0","69,4","2,0",,,,,,"-0,38","-0,17","0,16","-0,12",,"45,0",,"0,0","18,0","4,0"
16112839,home,4-2-3-1,590392,Jorge Carrascal,J. Carrascal,M,"15,0",True,Colombia,"6,6","45,0",0,1,0,1,1,"23,0","23,0","100,0","3,0","5,0",,0,0,,,2026-06-01 23:00:00,Int. Friendly Games,Colombia,4820,Costa Rica,4756,3,1,W,Costa Rica,home,True,Colombia,"2,0","60,0",,,,,"2,0","2,0",,,"2,0","12,0","12,0","2,0","1,0","2,0","1,0",,"1,0",,"34,0",,,"2,0","1,0","8,0","89,0","2,0",,,,,,"-0,3","0,18","0,08","-0,06",,"45,0",,"2,0","46,0","4,0"
16112839,home,4-2-3-1,883537,Luis Díaz,L. Díaz,M,"14,0",True,Colombia,"10,0","74,0",1,1,1,0,4,"25,0","28,0","89,3","6,0","11,0",,0,0,,,2026-06-01 23:00:00,Int. Friendly Games,Colombia,4820,Costa Rica,4756,3,1,W,Costa Rica,home,True,Colombia,"5,0","54,5",,,,,,,"3,0","3,0","3,0","25,0","22,0","4,0",,"9,0","1,0",,"1,0",,"46,0","2,0","2,0","3,0","3,0","15,0","156,6","3,0","1,0","3,0",,,,"0,46","1,0","0,63","-0,12",,"74,0","74,0","2,43","30,4","4,9"
16112839,home,4-2-3-1,887055,Cucho Hernández,C. Hernández,F,"19,0",True,Colombia,"6,4","45,0",0,0,1,0,1,"3,0","7,0","42,9",,"3,0",,0,0,,,2026-06-01 23:00:00,Int. Friendly Games,Colombia,4820,Costa Rica,4756,3,1,W,Costa Rica,home,True,Colombia,"3,0","0,0",,"1,0","1,0","0,0",,,,,"1,0","6,0","2,0","3,0",,"7,0","2,0",,,,"14,0","2,0","1,0",,,"5,0","42,2","1,0","1,0",,,,,"-0,21","0,14","0,26","0,0",,"22,5","45,0","0,0","6,0","6,0"
16112839,home,4-2-3-1,818481,Jhon Lucumí,J. Lucumí,D,"26,0",False,Colombia,"6,9","45,0",0,0,0,0,0,"21,0","22,0","95,5",,,,0,0,,,2026-06-01 23:00:00,Int. Friendly Games,Colombia,4820,Costa Rica,4756,3,1,W,Costa Rica,home,True,Colombia,,,,,,,,,"3,0","2,0",,"8,0","7,0",,"1,0","1,0","0,0",,,,"25,0",,,,,"10,0","93,9","1,0",,,,,,,"0,04","0,09","0,19",,,,"0,0","42,0","0,0"
16112839,home,4-2-3-1,107414,James Rodríguez,J. Rodríguez,M,"10,0",False,Colombia,"7,8","45,0",0,1,1,1,2,"48,0","52,0","92,3","4,0","6,0",,0,0,,,2026-06-01 23:00:00,Int. Friendly Games,Colombia,4820,Costa Rica,4756,3,1,W,Costa Rica,home,True,Colombia,"2,0","66,7","1,0",,"1,0","100,0","1,0",,"5,0","5,0","2,0","38,0","36,0","1,0",,"6,0","2,0",,"1,0",,"62,0",,,"2,0","1,0","17,0","117,8","0,0",,"1,0",,,,"-0,12","0,66","-0,23","-0,05",,"22,5","45,0","2,0","96,0","2,0"
16112839,home,4-2-3-1,844096,Jhon Arias,J. Arias,M,"11,0",False,Colombia,"6,3","45,0",0,0,0,0,0,"19,0","20,0","95,0","2,0","6,0",,0,0,,,2026-06-01 23:00:00,Int. Friendly Games,Colombia,4820,Costa Rica,4756,3,1,W,Costa Rica,home,True,Colombia,"4,0","33,3",,,,,"2,0","2,0",,,,"15,0","14,0","4,0",,"3,0","1,0",,,,"26,0",,"1,0","1,0",,"7,0","54,4","0,0","1,0",,,,,"-0,36","-0,21","0,01","-0,08",,"45,0",,"0,0","38,0","8,0"
16112839,home,4-2-3-1,914213,Luis Javier Suárez,L. J. Suárez ,F,"97,0",False,Colombia,"7,4","45,0",1,0,1,1,0,"6,0","9,0","66,7","1,0","2,0",,0,0,,,2026-06-01 23:00:00,Int. Friendly Games,Colombia,4820,Costa Rica,4756,3,1,W,Costa Rica,home,True,Colombia,"1,0","50,0",,"1,0","1,0","0,0",,,,,,"6,0","4,0",,,"4,0","2,0",,,,"13,0","1,0",,,,"3,0","23,6","0,0",,"1,0",,,,"0,43","0,0","0,14","-0,01",,"22,5","45,0","2,0","12,0","0,0"
16112839,home,4-2-3-1,1066915,Kevin Castaño,K. Castaño,M,"22,0",False,Colombia,"6,6","22,0",0,0,0,0,0,"23,0","24,0","95,8",,"2,0",,0,0,,,2026-06-01 23:00:00,Int. Friendly Games,Colombia,4820,Costa Rica,4756,3,1,W,Costa Rica,home,True,Colombia,"2,0","0,0",,,,,,,,,,"13,0","13,0","2,0",,"2,0","0,0",,,,"26,0",,"1,0",,,"11,0","73,2","0,0",,,,,,,"0,11","0,04","-0,04",,,,"0,0","94,1","8,2"
16112839,home,4-2-3-1,980580,Juan Portilla,J. Portilla,M,"27,0",False,Colombia,"6,7","22,0",0,0,0,0,0,"23,0","26,0","88,5","1,0","1,0",,0,0,,,2026-06-01 23:00:00,Int. Friendly Games,Colombia,4820,Costa Rica,4756,3,1,W,Costa Rica,home,True,Colombia,,"100,0",,,,,"1,0","1,0",,,,"9,0","9,0","1,0","2,0","4,0","0,0",,,,"30,0","1,0",,,,"3,0","19,7","0,0",,,,,,,"0,0","-0,03","-0,01",,,,"0,0","94,1","4,1"
16112839,home,4-2-3-1,33596,David Ospina,D. Ospina,G,"1,0",False,Colombia,"6,5","16,0",0,0,0,0,0,"5,0","6,0","83,3",,,,0,0,,,2026-06-01 23:00:00,Int. Friendly Games,Colombia,4820,Costa Rica,4756,3,1,W,Costa Rica,home,True,Colombia,,,,,,,,,"2,0","1,0",,"1,0",,"2,0","1,0","1,0","0,0",,,,"8,0",,,,,"4,0","20,4","0,0",,,,,,,"0,02","-0,01","-0,02",,,,"0,0","28,1","11,2"
16112839,home,4-2-3-1,360396,Yerry Mina,Y. Mina,D,"26,0",False,Colombia,"6,9","16,0",0,0,0,0,0,"16,0","17,0","94,1","2,0","2,0",,0,0,,,2026-06-01 23:00:00,Int. Friendly Games,Colombia,4820,Costa Rica,4756,3,1,W,Costa Rica,home,True,Colombia,,"100,0","2,0",,"2,0","100,0",,,,,,"4,0","4,0",,"1,0","1,0","0,0",,,,"18,0",,,,,"6,0","35,2","0,0",,,,,,,"0,04","0,04","0,0",,,,"0,0","90,0","0,0"
16112839,home,4-2-3-1,822110,Deiver Machado,D. Machado,D,"27,0",False,Colombia,"6,4","16,0",0,0,0,0,0,"11,0","12,0","91,7",,"3,0",,0,0,,,2026-06-01 23:00:00,Int. Friendly Games,Colombia,4820,Costa Rica,4756,3,1,W,Costa Rica,home,True,Colombia,"3,0","0,0",,,,,,,,,,"8,0","7,0","1,0",,"2,0","0,0",,,,"13,0",,,"1,0",,"4,0","19,6","0,0","1,0",,,,,,"-0,04","-0,32","-0,04",,,,"0,0","61,9","5,6"
16112839,home,4-2-3-1,221162,Juan Fernando Quintero,J. Quintero,M,"10,0",False,Colombia,"7,1","16,0",0,0,0,0,1,"24,0","27,0","88,9","3,0","3,0",,0,0,,,2026-06-01 23:00:00,Int. Friendly Games,Colombia,4820,Costa Rica,4756,3,1,W,Costa Rica,home,True,Colombia,,"100,0",,,,,,,"6,0","4,0",,"21,0","20,0",,,"5,0","0,0",,,,"32,0","2,0",,"2,0","2,0","8,0","51,8","0,0",,"1,0",,,,,"0,23","-0,07","-0,02",,,,"0,0","135,0","0,0"
16112839,home,4-2-3-1,870360,Daniel Muñoz,D. Muñoz,M,"2,0",False,Colombia,,"1,0",0,0,0,0,0,"2,0","3,0","66,7","1,0","2,0",,0,0,,,2026-06-01 23:00:00,Int. Friendly Games,Colombia,4820,Costa Rica,4756,3,1,W,Costa Rica,home,True,Colombia,"1,0","50,0",,,,,"1,0","1,0",,,"2,0","2,0","2,0",,,"4,0","0,0",,,,"8,0",,,,,"1,0","3,7","0,0","1,0",,,,,,,,,,,,"0,0","180,0","0,0"
16112839,home,4-2-3-1,926238,Álvaro Montero,Á. Montero,G,"12,0",False,Colombia,,,0,0,0,0,0,,,,,,,0,0,,,2026-06-01 23:00:00,Int. Friendly Games,Colombia,4820,Costa Rica,4756,3,1,W,Costa Rica,home,True,Colombia,,,,,,,,,,,,,,,,,"0,0",,,,,,,,,,,,,,,,,,,,,,,,,,
16112839,home,4-2-3-1,355796,Jefferson Lerma,J. Lerma,M,"8,0",False,Colombia,,,0,0,0,0,0,,,,,,,0,0,,,2026-06-01 23:00:00,Int. Friendly Games,Colombia,4820,Costa Rica,4756,3,1,W,Costa Rica,home,True,Colombia,,,,,,,,,,,,,,,,,"0,0",,,,,,,,,,,,,,,,,,,,,,,,,,
16112839,home,4-2-3-1,877299,Jaminton Campaz,Jaminton Campaz,M,"8,0",False,Colombia,,,0,0,0,0,0,,,,,,,0,0,,,2026-06-01 23:00:00,Int. Friendly Games,Colombia,4820,Costa Rica,4756,3,1,W,Costa Rica,home,True,Colombia,,,,,,,,,,,,,,,,,"0,0",,,,,,,,,,,,,,,,,,,,,,,,,,
16112839,home,4-2-3-1,281253,Jhon Córdoba,J. Córdoba,F,"9,0",False,Colombia,,,0,0,0,0,0,,,,,,,0,0,,,2026-06-01 23:00:00,Int. Friendly Games,Colombia,4820,Costa Rica,4756,3,1,W,Costa Rica,home,True,Colombia,,,,,,,,,,,,,,,,,"0,0",,,,,,,,,,,,,,,,,,,,,,,,,,
15655701,home,4-2-3-1,926238,Álvaro Montero,Á. Montero,G,"12,0",True,Colombia,"5,7","90,0",0,0,0,0,0,"12,0","18,0","66,7","1,0","2,0",,0,0,,,2026-03-29 19:00:00,Int. Friendly Games,Colombia,4820,France,4481,1,3,L,France,home,True,Colombia,"1,0","50,0",,,,,"1,0",,"8,0","2,0",,"5,0","1,0","3,0","1,0","8,0","0,0",,,,"26,0",,,,,"6,0","34,1","0,0",,,,"2,0","0,1341",,"0,0","-0,01","0,49","-1,0",,,"0,0","12,0","3,0"
15655701,home,4-2-3-1,870360,Daniel Muñoz,D. Muñoz,M,"2,0",True,Colombia,"5,7","90,0",0,0,0,1,0,"24,0","30,0","80,0","3,0","6,0","1,0",0,0,,,2026-03-29 19:00:00,Int. Friendly Games,Colombia,4820,France,4481,1,3,L,France,home,True,Colombia,"3,0","50,0",,"1,0","1,0","0,0","3,0","3,0","2,0",,"1,0","20,0","14,0","1,0","1,0","12,0","1,0",,,,"56,0","4,0","1,0",,,"7,0","80,3","1,0","1,0",,,,,"-0,51","-0,05","0,07","-0,49",,"90,0",,"0,0","24,0","1,0"
15655701,home,4-2-3-1,566102,Davinson Sánchez,D. Sánchez,D,"6,0",True,Colombia,"6,1","90,0",0,0,0,0,0,"33,0","44,0","75,0","3,0","4,0",,0,0,,,2026-03-29 19:00:00,Int. Friendly Games,Colombia,4820,France,4481,1,3,L,France,home,True,Colombia,"1,0","75,0",,,,,"1,0",,"7,0",,"1,0","11,0","5,0","7,0","4,0","14,0","0,0",,,,"57,0","1,0","1,0",,,"12,0","66,4","0,0",,"2,0",,,,,"-0,01","0,12","-0,3",,,,"0,0","33,0","7,0"
15655701,home,4-2-3-1,988037,Juan Cabal,J. Cabal,D,"32,0",True,Colombia,"5,8","90,0",0,0,0,0,0,"33,0","41,0","80,5","1,0","2,0","1,0",0,0,,,2026-03-29 19:00:00,Int. Friendly Games,Colombia,4820,France,4481,1,3,L,France,home,True,Colombia,"1,0","50,0",,,,,"1,0",,"8,0","2,0",,"16,0","9,0","2,0","1,0","8,0","0,0",,,,"44,0",,,,,"19,0","140,7","0,0",,,,,,,"0,05","0,02","-0,59",,,,"0,0","33,0","2,0"
15655701,home,4-2-3-1,344847,Johan Mojica,J. Mojica,D,"22,0",True,Colombia,"5,8","63,0",0,0,0,0,0,"20,0","25,0","80,0","1,0","4,0",,0,0,,,2026-03-29 19:00:00,Int. Friendly Games,Colombia,4820,France,4481,1,3,L,France,home,True,Colombia,"3,0","25,0",,,,,,,"3,0","1,0","3,0","13,0","8,0",,"1,0","11,0","0,0",,,,"44,0",,"2,0","1,0",,"6,0","95,8","2,0",,"1,0",,,,,"0,08","0,18","-0,53",,,,"0,0","28,6","0,0"
15655701,home,4-2-3-1,1015292,Richard Ríos,R. Ríos,M,"20,0",True,Colombia,"6,2","45,0",0,0,0,0,0,"11,0","16,0","68,8","2,0","6,0",,0,0,,,2026-03-29 19:00:00,Int. Friendly Games,Colombia,4820,France,4481,1,3,L,France,home,True,Colombia,"4,0","33,3",,,,,"1,0","1,0","1,0",,,"6,0","3,0","3,0","2,0","8,0","0,0",,,,"26,0",,"1,0",,,"3,0","16,6","0,0","2,0","1,0",,,,,"-0,02","0,01","-0,13",,,,"0,0","22,0","6,0"
15655701,home,4-2-3-1,355796,Jefferson Lerma,J. Lerma,M,"8,0",True,Colombia,"6,7","90,0",0,1,0,1,1,"38,0","43,0","88,4","3,0","7,0","2,0",0,0,,,2026-03-29 19:00:00,Int. Friendly Games,Colombia,4820,France,4481,1,3,L,France,home,True,Colombia,"4,0","42,9",,,,,"2,0","1,0","2,0","1,0",,"24,0","20,0","4,0",,"6,0","2,0",,"1,0",,"52,0",,,"1,0",,"10,0","93,9","1,0","3,0","1,0",,,,"-0,41","0,38","0,07","-0,12",,"45,0",,"1,0","38,0","4,0"
15655701,home,4-2-3-1,844096,Jhon Arias,J. Arias,M,"11,0",True,Colombia,"6,8","45,0",0,0,0,0,0,"7,0","10,0","70,0","4,0","6,0","1,0",0,0,,,2026-03-29 19:00:00,Int. Friendly Games,Colombia,4820,France,4481,1,3,L,France,home,True,Colombia,"2,0","66,7",,,,,"2,0","1,0",,,"2,0","4,0","3,0","5,0","2,0","5,0","0,0",,,,"24,0",,,"2,0","1,0","6,0","112,9","2,0","1,0","1,0",,,,,"0,06","0,3","-0,05",,,,"0,0","14,0","10,0"
15655701,home,4-2-3-1,107414,James Rodríguez,J. Rodríguez,M,"10,0",True,Colombia,"6,4","63,0",0,0,1,0,1,"22,0","24,0","91,7","1,0","3,0","1,0",0,0,,,2026-03-29 19:00:00,Int. Friendly Games,Colombia,4820,France,4481,1,3,L,France,home,True,Colombia,"2,0","33,3",,,,,"1,0","1,0","1,0","1,0","4,0","16,0","15,0","2,0",,"8,0","2,0",,,,"38,0","2,0",,,,"9,0","55,4","1,0",,,"1,0",,,"-0,24","0,26","0,12","-0,27",,"31,5","63,0","0,0","31,4","2,9"
15655701,home,4-2-3-1,883537,Luis Díaz,L. Díaz,M,"14,0",True,Colombia,"6,3","63,0",0,0,0,1,2,"12,0","13,0","92,3","5,0","14,0",,0,0,,,2026-03-29 19:00:00,Int. Friendly Games,Colombia,4820,France,4481,1,3,L,France,home,True,Colombia,"9,0","35,7","1,0",,"1,0","100,0","1,0",,,,,"8,0","7,0","1,0",,"13,0","2,0",,,,"34,0","5,0","5,0","3,0","2,0","8,0","128,6","3,0","2,0","1,0","1,0",,,"-0,03","0,17","0,3","-0,26",,"31,5",,"0,0","17,1","1,4"
15655701,home,4-2-3-1,914213,Luis Javier Suárez,L. J. Suárez ,F,"97,0",True,Colombia,"6,5","45,0",0,0,0,0,1,"9,0","9,0","100,0","1,0","4,0",,0,0,,,2026-03-29 19:00:00,Int. Friendly Games,Colombia,4820,France,4481,1,3,L,France,home,True,Colombia,"3,0","25,0",,"1,0","1,0","0,0",,,,,,"4,0","4,0",,,"1,0","0,0",,,,"13,0","1,0",,"1,0","1,0","1,0","15,0","1,0",,,,,,,"0,01","0,08","-0,09",,,,"0,0","18,0","0,0"
15655701,home,4-2-3-1,1160386,Andrés Gómez,A. Gómez,M,"11,0",False,Colombia,"7,1","45,0",0,0,0,0,1,"15,0","18,0","83,3","5,0","11,0",,0,0,,,2026-03-29 19:00:00,Int. Friendly Games,Colombia,4820,France,4481,1,3,L,France,home,True,Colombia,"6,0","45,5",,,,,"1,0","1,0",,,,"14,0","11,0","2,0",,"9,0","0,0",,,,"32,0","2,0","1,0","6,0","3,0","10,0","109,5","0,0",,"1,0",,,,,"0,28","0,26","-0,02",,,,"0,0","30,0","4,0"
15655701,home,4-2-3-1,1174889,Gustavo Puerta,G. Puerta,M,"19,0",False,Colombia,"6,5","45,0",0,0,0,0,0,"23,0","27,0","85,2","4,0","8,0","1,0",0,0,,,2026-03-29 19:00:00,Int. Friendly Games,Colombia,4820,France,4481,1,3,L,France,home,True,Colombia,"4,0","50,0",,,,,"2,0","1,0","1,0",,,"15,0","13,0","5,0",,"6,0","1,0",,,,"38,0",,"1,0","1,0",,"14,0","129,0","0,0","2,0","2,0",,,,"-0,01","0,02","-0,52","-0,03",,"45,0",,"0,0","46,0","10,0"
15655701,home,4-2-3-1,281253,Jhon Córdoba,J. Córdoba,F,"9,0",False,Colombia,"6,9","45,0",0,0,2,0,0,"4,0","5,0","80,0","3,0","5,0",,0,0,,,2026-03-29 19:00:00,Int. Friendly Games,Colombia,4820,France,4481,1,3,L,France,home,True,Colombia,"2,0","60,0",,,,,,,,,,"4,0","3,0","1,0",,"3,0","3,0",,,,"14,0","1,0","1,0",,,"6,0","83,1","2,0","1,0","3,0",,,,"0,06","0,05","0,26","0,0",,"15,0","22,5","0,0","8,0","2,0"
15655701,home,4-2-3-1,822110,Deiver Machado,D. Machado,D,"27,0",False,Colombia,"6,9","27,0",0,0,0,0,0,"9,0","11,0","81,8","2,0","3,0",,0,0,,,2026-03-29 19:00:00,Int. Friendly Games,Colombia,4820,France,4481,1,3,L,France,home,True,Colombia,"1,0","66,7",,,,,,,"1,0",,,"6,0","5,0","1,0","1,0","5,0","0,0",,,,"23,0","2,0",,"2,0","1,0","4,0","23,5","0,0",,"1,0",,,,,"0,13","-0,1","0,24",,,,"0,0","30,0","3,3"
15655701,home,4-2-3-1,877299,Jaminton Campaz,Jaminton Campaz,M,"8,0",False,Colombia,"7,4","27,0",1,0,2,0,0,"7,0","8,0","87,5",,"2,0","1,0",0,0,,,2026-03-29 19:00:00,Int. Friendly Games,Colombia,4820,France,4481,1,3,L,France,home,True,Colombia,"2,0","0,0",,,,,,,,,"4,0","7,0","6,0",,,"5,0","2,0",,,,"18,0",,,,,"4,0","31,3","0,0","1,0",,,,,"0,5","-0,06","0,01","-0,05",,"13,5","13,5","3,33","23,3","0,0"
15655701,home,4-2-3-1,221162,Juan Fernando Quintero,J. Quintero,M,"10,0",False,Colombia,"7,0","27,0",0,0,0,0,3,"29,0","31,0","93,5",,"1,0",,0,0,,,2026-03-29 19:00:00,Int. Friendly Games,Colombia,4820,France,4481,1,3,L,France,home,True,Colombia,"1,0","0,0",,,,,,,"5,0","3,0","9,0","24,0","22,0","1,0",,"11,0","0,0",,,,"42,0",,,"1,0",,"9,0","56,7","0,0",,,,,,,"0,38","-0,05","-0,03",,,,"0,0","96,7","3,3"
15655701,home,4-2-3-1,125787,Camilo Vargas,C. Vargas,G,"12,0",False,Colombia,,,0,0,0,0,0,,,,,,,0,0,,,2026-03-29 19:00:00,Int. Friendly Games,Colombia,4820,France,4481,1,3,L,France,home,True,Colombia,,,,,,,,,,,,,,,,,"0,0",,,,,,,,,,,,,,,,,,,,,,,,,,
15655701,home,4-2-3-1,33596,David Ospina,D. Ospina,G,"1,0",False,Colombia,,,0,0,0,0,0,,,,,,,0,0,,,2026-03-29 19:00:00,Int. Friendly Games,Colombia,4820,France,4481,1,3,L,France,home,True,Colombia,,,,,,,,,,,,,,,,,"0,0",,,,,,,,,,,,,,,,,,,,,,,,,,
15655701,home,4-2-3-1,818481,Jhon Lucumí,J. Lucumí,D,"26,0",False,Colombia,,,0,0,0,0,0,,,,,,,0,0,,,2026-03-29 19:00:00,Int. Friendly Games,Colombia,4820,France,4481,1,3,L,France,home,True,Colombia,,,,,,,,,,,,,,,,,"0,0",,,,,,,,,,,,,,,,,,,,,,,,,,
15655701,home,4-2-3-1,158583,Santiago Arias,S. Arias,D,"4,0",False,Colombia,,,0,0,0,0,0,,,,,,,0,0,,,2026-03-29 19:00:00,Int. Friendly Games,Colombia,4820,France,4481,1,3,L,France,home,True,Colombia,,,,,,,,,,,,,,,,,"0,0",,,,,,,,,,,,,,,,,,,,,,,,,,
15655701,home,4-2-3-1,1014835,Yerson Mosquera,Y. Mosquera,D,"15,0",False,Colombia,,,0,0,0,0,0,,,,,,,0,0,,,2026-03-29 19:00:00,Int. Friendly Games,Colombia,4820,France,4481,1,3,L,France,home,True,Colombia,,,,,,,,,,,,,,,,,"0,0",,,,,,,,,,,,,,,,,,,,,,,,,,
15655701,home,4-2-3-1,590392,Jorge Carrascal,J. Carrascal,M,"15,0",False,Colombia,,,0,0,0,0,0,,,,,,,0,0,,,2026-03-29 19:00:00,Int. Friendly Games,Colombia,4820,France,4481,1,3,L,France,home,True,Colombia,,,,,,,,,,,,,,,,,"0,0",,,,,,,,,,,,,,,,,,,,,,,,,,
15655701,home,4-2-3-1,1066915,Kevin Castaño,K. Castaño,M,"22,0",False,Colombia,,,0,0,0,0,0,,,,,,,0,0,,,2026-03-29 19:00:00,Int. Friendly Games,Colombia,4820,France,4481,1,3,L,France,home,True,Colombia,,,,,,,,,,,,,,,,,"0,0",,,,,,,,,,,,,,,,,,,,,,,,,,
15655701,home,4-2-3-1,560116,Rafael Borré,R. Borré,F,"19,0",False,Colombia,,,0,0,0,0,0,,,,,,,0,0,,,2026-03-29 19:00:00,Int. Friendly Games,Colombia,4820,France,4481,1,3,L,France,home,True,Colombia,,,,,,,,,,,,,,,,,"0,0",,,,,,,,,,,,,,,,,,,,,,,,,,
15655701,home,4-2-3-1,925125,Johan Carbonero,J. Carbonero,F,"7,0",False,Colombia,,,0,0,0,0,0,,,,,,,0,0,,,2026-03-29 19:00:00,Int. Friendly Games,Colombia,4820,France,4481,1,3,L,France,home,True,Colombia,,,,,,,,,,,,,,,,,"0,0",,,,,,,,,,,,,,,,,,,,,,,,,,
15332281,home,4-2-3-1,125787,Camilo Vargas,C. Vargas,G,"12,0",True,Colombia,"5,2","90,0",0,0,0,0,0,"17,0","21,0","81,0",,,,0,0,,,2026-03-26 23:30:00,Int. Friendly Games,Colombia,4820,Croatia,4715,1,2,L,Croatia,home,True,Colombia,,,,,,,,,"4,0",,,"3,0",,"5,0",,"4,0","0,0",,,,"26,0",,,,,"12,0","78,6","0,0",,,,"1,0","0,0003",,"0,02","0,0","-0,47","-0,9",,,"0,0","17,0","5,0"
15332281,home,4-2-3-1,870360,Daniel Muñoz,D. Muñoz,M,"2,0",True,Colombia,"6,1","71,0",0,0,0,1,0,"42,0","46,0","91,3","1,0","1,0",,0,0,,,2026-03-26 23:30:00,Int. Friendly Games,Colombia,4820,Croatia,4715,1,2,L,Croatia,home,True,Colombia,,"100,0","1,0",,"1,0","100,0",,,"2,0","2,0","1,0","28,0","24,0","1,0","1,0","6,0","1,0",,,"1,0","58,0","1,0",,,,"35,0","220,7","1,0",,,"3,0",,,"-0,02","-0,11","-0,31","-0,37",,"71,0",,"0,0","53,2","1,3"
15332281,home,4-2-3-1,566102,Davinson Sánchez,D. Sánchez,D,"6,0",True,Colombia,"7,5","90,0",0,0,0,0,2,"84,0","89,0","94,4","5,0","6,0","1,0",0,0,,,2026-03-26 23:30:00,Int. Friendly Games,Colombia,4820,Croatia,4715,1,2,L,Croatia,home,True,Colombia,"1,0","83,3","1,0","1,0","2,0","50,0","3,0","1,0","5,0","3,0",,"46,0","43,0","3,0","6,0","6,0","0,0",,,,"105,0",,,,,"65,0","482,9","0,0",,"1,0",,,,,"0,34","0,27","-0,05",,,,"0,0","84,0","3,0"
15332281,home,4-2-3-1,818481,Jhon Lucumí,J. Lucumí,D,"26,0",True,Colombia,"6,8","90,0",0,0,0,0,0,"72,0","74,0","97,3",,,,0,0,,,2026-03-26 23:30:00,Int. Friendly Games,Colombia,4820,Croatia,4715,1,2,L,Croatia,home,True,Colombia,,,,,,,,,"9,0","7,0",,"27,0","25,0","5,0","2,0","3,0","0,0",,,,"82,0","1,0",,,,"49,0","363,0","0,0",,,,,,,"0,24","0,17","-0,17",,,,"0,0","72,0","5,0"
15332281,home,4-2-3-1,344847,Johan Mojica,J. Mojica,D,"22,0",True,Colombia,"6,0","63,0",0,0,0,0,0,"33,0","36,0","91,7","2,0","5,0",,0,0,,,2026-03-26 23:30:00,Int. Friendly Games,Colombia,4820,Croatia,4715,1,2,L,Croatia,home,True,Colombia,"3,0","40,0","1,0",,"1,0","100,0",,,"2,0",,"4,0","20,0","18,0","3,0",,"8,0","0,0",,,,"47,0",,,"3,0","1,0","29,0","211,2","0,0",,,,,,,"0,18","-0,62","-0,41",,,,"0,0","47,1","4,3"
15332281,home,4-2-3-1,1015292,Richard Ríos,R. Ríos,M,"20,0",True,Colombia,"6,8","71,0",0,0,0,0,1,"43,0","46,0","93,5","2,0","8,0",,0,0,,,2026-03-26 23:30:00,Int. Friendly Games,Colombia,4820,Croatia,4715,1,2,L,Croatia,home,True,Colombia,"6,0","25,0",,,,,"2,0","1,0","4,0","4,0","1,0","35,0","32,0","4,0",,"8,0","0,0",,,,"59,0","1,0","1,0","3,0",,"32,0","287,5","1,0","1,0",,,,,,"0,36","0,22","-0,15",,,,"0,0","54,5","5,1"
15332281,home,4-2-3-1,355796,Jefferson Lerma,J. Lerma,M,"8,0",True,Colombia,"6,7","63,0",0,0,0,0,0,"39,0","42,0","92,9","3,0","5,0","1,0",0,0,,,2026-03-26 23:30:00,Int. Friendly Games,Colombia,4820,Croatia,4715,1,2,L,Croatia,home,True,Colombia,"2,0","60,0",,,,,"3,0",,"2,0","1,0",,"27,0","24,0","3,0","2,0","5,0","0,0",,,,"55,0","1,0","1,0",,,"30,0","225,9","0,0",,,,,,,"0,01","-0,15","-0,03",,,,"0,0","55,7","4,3"
15332281,home,4-2-3-1,844096,Jhon Arias,J. Arias,M,"11,0",True,Colombia,"8,2","71,0",1,0,1,0,1,"38,0","40,0","95,0","5,0","5,0",,0,0,,,2026-03-26 23:30:00,Int. Friendly Games,Colombia,4820,Croatia,4715,1,2,L,Croatia,home,True,Colombia,,"100,0",,,,,"1,0",,,,"2,0","27,0","25,0","5,0",,"4,0","1,0",,,,"51,0",,,,,"37,0","278,5","1,0",,"4,0",,,,"0,51","0,32","0,14","-0,08",,"71,0","71,0","1,27","48,2","6,3"
15332281,home,4-2-3-1,107414,James Rodríguez,J. Rodríguez,M,"10,0",True,Colombia,"7,6","63,0",0,0,2,0,1,"48,0","54,0","88,9","2,0","4,0",,0,0,,,2026-03-26 23:30:00,Int. Friendly Games,Colombia,4820,Croatia,4715,1,2,L,Croatia,home,True,Colombia,"2,0","50,0",,,,,,,"5,0","5,0","2,0","45,0","39,0","2,0",,"10,0","2,0",,,,"64,0",,"1,0","1,0","1,0","40,0","283,6","1,0",,"1,0",,,,"0,06","0,61","0,23","-0,14",,"31,5","31,5","0,0","68,6","2,9"
15332281,home,4-2-3-1,883537,Luis Díaz,L. Díaz,M,"14,0",True,Colombia,"7,2","71,0",0,0,1,1,1,"28,0","31,0","90,3","7,0","10,0",,0,0,,,2026-03-26 23:30:00,Int. Friendly Games,Colombia,4820,Croatia,4715,1,2,L,Croatia,home,True,Colombia,"3,0","70,0","1,0",,"1,0","100,0",,,"1,0","1,0",,"27,0","24,0","5,0",,"9,0","3,0",,"1,0",,"49,0","3,0","1,0","3,0","1,0","34,0","322,7","5,0",,"5,0",,,,"-0,59","0,49","0,36","-0,11",,"23,7","71,0","0,0","35,5","6,3"
15332281,home,4-2-3-1,914213,Luis Javier Suárez,L. J. Suárez ,F,"97,0",True,Colombia,"6,2","71,0",0,0,0,2,2,"9,0","12,0","75,0","2,0","5,0",,0,0,,,2026-03-26 23:30:00,Int. Friendly Games,Colombia,4820,Croatia,4715,1,2,L,Croatia,home,True,Colombia,"3,0","40,0",,"2,0","2,0","0,0",,,"2,0","1,0",,"8,0","6,0","2,0",,"4,0","2,0","1,0",,,"17,0","1,0",,,,"7,0","62,0","1,0","1,0","2,0",,,,"-0,75","0,02","0,17","-0,01",,"35,5",,"0,0","11,4","2,5"
15332281,home,4-2-3-1,822110,Deiver Machado,D. Machado,D,"27,0",False,Colombia,"6,6","27,0",0,0,0,0,0,"8,0","10,0","80,0","1,0","2,0",,0,0,,,2026-03-26 23:30:00,Int. Friendly Games,Colombia,4820,Croatia,4715,1,2,L,Croatia,home,True,Colombia,"1,0","50,0",,,,,,,,,"1,0","4,0","4,0","3,0",,"4,0","0,0",,,,"18,0","1,0",,,,"12,0","82,1","0,0","1,0","1,0",,,,,"-0,05","0,04","-0,01",,,,"0,0","26,7","10,0"
15332281,home,4-2-3-1,590392,Jorge Carrascal,J. Carrascal,M,"15,0",False,Colombia,"6,7","27,0",0,0,0,0,0,"8,0","12,0","66,7","2,0","3,0",,0,0,,,2026-03-26 23:30:00,Int. Friendly Games,Colombia,4820,Croatia,4715,1,2,L,Croatia,home,True,Colombia,"1,0","66,7",,,,,"2,0",,"1,0","1,0","2,0","10,0","6,0","1,0",,"6,0","0,0",,,,"16,0",,,,,"10,0","71,4","0,0","1,0",,,,,,"-0,06","0,08","-0,02",,,,"0,0","26,7","3,3"
15332281,home,4-2-3-1,1066915,Kevin Castaño,K. Castaño,M,"22,0",False,Colombia,"7,1","27,0",0,0,0,0,0,"36,0","38,0","94,7","2,0","2,0","1,0",0,0,,,2026-03-26 23:30:00,Int. Friendly Games,Colombia,4820,Croatia,4715,1,2,L,Croatia,home,True,Colombia,,"100,0",,,,,"1,0",,"2,0","2,0",,"22,0","21,0",,,"3,0","0,0",,,,"42,0","1,0",,,,"26,0","202,8","1,0",,"1,0",,,,,"0,15","-0,17","0,29",,,,"0,0","120,0","0,0"
15332281,home,4-2-3-1,158583,Santiago Arias,S. Arias,D,"4,0",False,Colombia,"6,6","19,0",0,0,0,0,0,"12,0","13,0","92,3","2,0","3,0",,0,0,,,2026-03-26 23:30:00,Int. Friendly Games,Colombia,4820,Croatia,4715,1,2,L,Croatia,home,True,Colombia,"1,0","66,7",,,,,"1,0","1,0",,,"2,0","8,0","7,0","1,0",,"4,0","0,0",,,,"19,0",,,,,"15,0","109,4","0,0","1,0","1,0",,,,,"0,04","-0,71","-0,01",,,,"0,0","56,8","4,7"
15332281,home,4-2-3-1,1174889,Gustavo Puerta,G. Puerta,M,"19,0",False,Colombia,"6,8","19,0",0,0,0,0,0,"10,0","13,0","76,9","1,0","3,0",,0,0,,,2026-03-26 23:30:00,Int. Friendly Games,Colombia,4820,Croatia,4715,1,2,L,Croatia,home,True,Colombia,"2,0","33,3",,,,,"1,0","1,0","2,0","1,0",,"7,0","6,0","1,0",,"3,0","0,0",,,,"15,0",,,,,"7,0","66,1","0,0","2,0",,,,,,"0,15","0,05","0,26",,,,"0,0","47,4","4,7"
15332281,home,4-2-3-1,221162,Juan Fernando Quintero,J. Quintero,M,"10,0",False,Colombia,"7,1","19,0",0,0,0,0,2,"17,0","24,0","70,8",,,,0,0,,,2026-03-26 23:30:00,Int. Friendly Games,Colombia,4820,Croatia,4715,1,2,L,Croatia,home,True,Colombia,,,,,,,,,"6,0","5,0","3,0","19,0","13,0",,,"10,0","0,0",,"1,0",,"27,0",,,,,"20,0","163,8","1,0",,,,,,,"0,35","0,12","-0,04",,,,"0,0","80,5","0,0"
15332281,home,4-2-3-1,1160386,Andrés Gómez,A. Gómez,M,"11,0",False,Colombia,"6,6","19,0",0,0,0,1,0,"5,0","5,0","100,0","1,0","2,0",,0,0,,,2026-03-26 23:30:00,Int. Friendly Games,Colombia,4820,Croatia,4715,1,2,L,Croatia,home,True,Colombia,"1,0","50,0",,,,,,,,,,"5,0","5,0","1,0",,"3,0","3,0",,,,"12,0","2,0",,"1,0",,"8,0","63,3","1,0",,"1,0",,,,"-0,09","0,05","0,15","0,13",,"6,3",,"0,0","23,7","4,7"
15332281,home,4-2-3-1,281253,Jhon Córdoba,J. Córdoba,F,"9,0",False,Colombia,"6,6","19,0",0,0,1,1,0,"1,0","1,0","100,0","2,0","2,0",,0,0,,,2026-03-26 23:30:00,Int. Friendly Games,Colombia,4820,Croatia,4715,1,2,L,Croatia,home,True,Colombia,,"100,0","1,0",,"1,0","100,0",,,,,,"1,0","1,0",,,"1,0","2,0","1,0",,,"5,0","1,0",,,,"1,0","4,7","0,0",,"1,0",,,,"-0,35","0,03","-0,01","0,0",,"9,5","19,0","0,0","4,7","0,0"
15332281,home,4-2-3-1,926238,Álvaro Montero,Á. Montero,G,"12,0",False,Colombia,,,0,0,0,0,0,,,,,,,0,0,,,2026-03-26 23:30:00,Int. Friendly Games,Colombia,4820,Croatia,4715,1,2,L,Croatia,home,True,Colombia,,,,,,,,,,,,,,,,,"0,0",,,,,,,,,,,,,,,,,,,,,,,,,,
15332281,home,4-2-3-1,33596,David Ospina,D. Ospina,G,"1,0",False,Colombia,,,0,0,0,0,0,,,,,,,0,0,,,2026-03-26 23:30:00,Int. Friendly Games,Colombia,4820,Croatia,4715,1,2,L,Croatia,home,True,Colombia,,,,,,,,,,,,,,,,,"0,0",,,,,,,,,,,,,,,,,,,,,,,,,,
15332281,home,4-2-3-1,988037,Juan Cabal,J. Cabal,D,"32,0",False,Colombia,,,0,0,0,0,0,,,,,,,0,0,,,2026-03-26 23:30:00,Int. Friendly Games,Colombia,4820,Croatia,4715,1,2,L,Croatia,home,True,Colombia,,,,,,,,,,,,,,,,,"0,0",,,,,,,,,,,,,,,,,,,,,,,,,,
15332281,home,4-2-3-1,1014835,Yerson Mosquera,Y. Mosquera,D,"15,0",False,Colombia,,,0,0,0,0,0,,,,,,,0,0,,,2026-03-26 23:30:00,Int. Friendly Games,Colombia,4820,Croatia,4715,1,2,L,Croatia,home,True,Colombia,,,,,,,,,,,,,,,,,"0,0",,,,,,,,,,,,,,,,,,,,,,,,,,
15332281,home,4-2-3-1,877299,Jaminton Campaz,Jaminton Campaz,M,"8,0",False,Colombia,,,0,0,0,0,0,,,,,,,0,0,,,2026-03-26 23:30:00,Int. Friendly Games,Colombia,4820,Croatia,4715,1,2,L,Croatia,home,True,Colombia,,,,,,,,,,,,,,,,,"0,0",,,,,,,,,,,,,,,,,,,,,,,,,,
15332281,home,4-2-3-1,925125,Johan Carbonero,J. Carbonero,F,"7,0",False,Colombia,,,0,0,0,0,0,,,,,,,0,0,,,2026-03-26 23:30:00,Int. Friendly Games,Colombia,4820,Croatia,4715,1,2,L,Croatia,home,True,Colombia,,,,,,,,,,,,,,,,,"0,0",,,,,,,,,,,,,,,,,,,,,,,,,,
15332281,home,4-2-3-1,560116,Rafael Borré,R. Borré,F,"19,0",False,Colombia,,,0,0,0,0,0,,,,,,,0,0,,,2026-03-26 23:30:00,Int. Friendly Games,Colombia,4820,Croatia,4715,1,2,L,Croatia,home,True,Colombia,,,,,,,,,,,,,,,,,"0,0",,,,,,,,,,,,,,,,,,,,,,,,,,
15027618,home,4-2-3-1,125787,Camilo Vargas,C. Vargas,G,"12,0",True,Colombia,"7,3","90,0",0,0,0,0,1,"19,0","24,0","79,2",,,,0,0,,,2025-11-19 01:30:00,Int. Friendly Games,Colombia,4820,Australia,4741,3,0,W,Australia,home,True,Colombia,,,,,,,,,"8,0","3,0",,"6,0","3,0","1,0",,"5,0","0,0",,,,"25,0",,,,,,"0,0",,,,,"1,0",,,,,,,,,"0,0","19,0","1,0"
15027618,home,4-2-3-1,158583,Santiago Arias,S. Arias,D,"4,0",True,Colombia,"7,6","90,0",0,0,0,0,2,"74,0","77,0","96,1","2,0","5,0",,0,0,,,2025-11-19 01:30:00,Int. Friendly Games,Colombia,4820,Australia,4741,3,0,W,Australia,home,True,Colombia,"3,0","40,0","1,0","1,0","2,0","50,0",,,"2,0","2,0","3,0","43,0","40,0","2,0","1,0","4,0","0,0",,,,"92,0",,,,,,"0,0",,,"1,0",,,,,,,,,,,"0,0","74,0","2,0"
15027618,home,4-2-3-1,566102,Davinson Sánchez,D. Sánchez,D,"6,0",True,Colombia,"7,8","90,0",0,1,0,0,1,"116,0","122,0","95,1","3,0","4,0",,0,0,,,2025-11-19 01:30:00,Int. Friendly Games,Colombia,4820,Australia,4741,3,0,W,Australia,home,True,Colombia,"1,0","75,0","1,0","1,0","2,0","50,0","1,0","1,0","8,0","5,0",,"39,0","35,0","4,0","2,0","8,0","0,0",,"1,0",,"132,0","2,0",,,,,"0,0",,,"1,0",,,,,,,,,,,"1,0","116,0","4,0"
15027618,home,4-2-3-1,818481,Jhon Lucumí,J. Lucumí,D,"26,0",True,Colombia,"7,4","90,0",0,0,0,0,0,"94,0","102,0","92,2","5,0","6,0","2,0",0,0,,,2025-11-19 01:30:00,Int. Friendly Games,Colombia,4820,Australia,4741,3,0,W,Australia,home,True,Colombia,"1,0","83,3","2,0","1,0","3,0","66,7","2,0","2,0","9,0","7,0",,"30,0","24,0","2,0","1,0","11,0","0,0",,,,"113,0","2,0",,,,,"0,0",,,"1,0",,,,,,,,,,,"0,0","94,0","2,0"
15027618,home,4-2-3-1,344847,Johan Mojica,J. Mojica,D,"22,0",True,Colombia,"7,3","90,0",0,0,1,0,0,"49,0","53,0","92,5","3,0","6,0",,0,0,,,2025-11-19 01:30:00,Int. Friendly Games,Colombia,4820,Australia,4741,3,0,W,Australia,home,True,Colombia,"3,0","50,0",,"2,0","2,0","0,0","2,0",,"5,0","4,0","4,0","30,0","28,0","4,0",,"11,0","1,0",,,,"82,0","2,0",,"1,0","1,0",,"0,0",,"1,0",,,,,,,,,,"90,0","90,0","0,0","49,0","4,0"
15027618,home,4-2-3-1,1015292,Richard Ríos,R. Ríos,M,"20,0",True,Colombia,"6,5","69,0",0,0,0,0,0,"35,0","41,0","85,4","2,0","8,0","2,0",0,0,,,2025-11-19 01:30:00,Int. Friendly Games,Colombia,4820,Australia,4741,3,0,W,Australia,home,True,Colombia,"6,0","25,0",,"1,0","1,0","0,0",,,"2,0","1,0","1,0","18,0","13,0","3,0",,"12,0","0,0",,,,"57,0","1,0","2,0","2,0","1,0",,"0,0",,"2,0","1,0",,,,,,,,,,,"0,0","45,7","3,9"
15027618,home,4-2-3-1,980580,Juan Portilla,J. Portilla,M,"27,0",True,Colombia,"6,7","81,0",0,0,0,0,0,"60,0","63,0","95,2","3,0","7,0","1,0",0,0,,,2025-11-19 01:30:00,Int. Friendly Games,Colombia,4820,Australia,4741,3,0,W,Australia,home,True,Colombia,"4,0","42,9",,"1,0","1,0","0,0","2,0","1,0","1,0","1,0",,"26,0","23,0","4,0",,"5,0","2,0",,,,"77,0","1,0","1,0","1,0","1,0",,"0,0",,"2,0",,,,,,,,,,"40,5",,"0,0","66,7","4,4"
15027618,home,4-2-3-1,1092769,Yáser Asprilla,Y. Asprilla,M,"22,0",True,Colombia,"7,5","81,0",0,0,1,0,1,"40,0","45,0","88,9","7,0","11,0",,0,0,,,2025-11-19 01:30:00,Int. Friendly Games,Colombia,4820,Australia,4741,3,0,W,Australia,home,True,Colombia,"4,0","63,6",,,,,"3,0","2,0","3,0","2,0","5,0","31,0","26,0","1,0",,"15,0","1,0",,,,"65,0","1,0",,"6,0","3,0",,"0,0",,"1,0","1,0",,,,,,,,,"81,0","81,0","0,0","44,4","1,1"
15027618,home,4-2-3-1,107414,James Rodríguez,J. Rodríguez,M,"10,0",True,Colombia,"8,9","90,0",1,0,2,1,5,"87,0","98,0","88,8","6,0","8,0",,0,0,,,2025-11-19 01:30:00,Int. Friendly Games,Colombia,4820,Australia,4741,3,0,W,Australia,home,True,Colombia,"2,0","75,0",,,,,,,"13,0","9,0","8,0","66,0","55,0","5,0",,"17,0","3,0",,,,"118,0",,"1,0","2,0","2,0",,"0,0",,,"4,0",,,,,,,,,"30,0","45,0","1,0","87,0","5,0"
15027618,home,4-2-3-1,883537,Luis Díaz,L. Díaz,M,"14,0",True,Colombia,"8,0","90,0",1,0,2,1,0,"40,0","48,0","83,3","7,0","13,0",,0,0,,,2025-11-19 01:30:00,Int. Friendly Games,Colombia,4820,Australia,4741,3,0,W,Australia,home,True,Colombia,"6,0","53,8","1,0","3,0","4,0","25,0",,,"4,0","4,0",,"33,0","27,0","4,0",,"12,0","6,0",,,,"67,0",,,"8,0","5,0",,"0,0",,,"1,0","2,0",,,,,,,,"15,0","45,0","1,0","40,0","4,0"
15027618,home,4-2-3-1,914213,Luis Javier Suárez,L. J. Suárez ,F,"97,0",True,Colombia,"6,7","70,0",0,0,0,1,0,"4,0","8,0","50,0","2,0","6,0",,0,0,,,2025-11-19 01:30:00,Int. Friendly Games,Colombia,4820,Australia,4741,3,0,W,Australia,home,True,Colombia,"4,0","33,3","1,0",,"1,0","100,0",,,,,,"7,0","3,0",,"1,0","4,0","1,0",,,,"14,0",,,,,,"0,0",,"3,0","1,0",,,,,,,,,"70,0",,"0,0","5,1","0,0"
15027618,home,4-2-3-1,1174889,Gustavo Puerta,G. Puerta,M,"19,0",False,Colombia,"6,9","21,0",0,0,0,0,1,"29,0","30,0","96,7","3,0","7,0",,0,0,,,2025-11-19 01:30:00,Int. Friendly Games,Colombia,4820,Australia,4741,3,0,W,Australia,home,True,Colombia,"4,0","42,9","1,0","1,0","2,0","50,0","1,0","1,0","1,0","1,0",,"20,0","20,0","2,0",,"1,0","0,0",,,,"32,0",,,,,,"0,0",,"3,0","1,0",,,,,,,,,,,"0,0","124,3","8,6"
15027618,home,4-2-3-1,560116,Rafael Borré,R. Borré,F,"19,0",False,Colombia,"6,5","20,0",0,1,0,0,1,"1,0","1,0","100,0",,"1,0","1,0",0,0,,,2025-11-19 01:30:00,Int. Friendly Games,Colombia,4820,Australia,4741,3,0,W,Australia,home,True,Colombia,"1,0","0,0",,,,,,,,,,"1,0","1,0","1,0",,"1,0","0,0",,"1,0",,"4,0",,"1,0",,,,"0,0",,,,,,,,,,,,,,"4,5","4,5","4,5"
15027618,home,4-2-3-1,590392,Jorge Carrascal,J. Carrascal,M,"15,0",False,Colombia,"7,0","9,0",0,0,0,0,0,"11,0","11,0","100,0","2,0","3,0",,0,0,,,2025-11-19 01:30:00,Int. Friendly Games,Colombia,4820,Australia,4741,3,0,W,Australia,home,True,Colombia,"1,0","66,7",,,,,"2,0","1,0",,,,"7,0","7,0","2,0",,,"0,0",,,,"16,0",,,,,,"0,0",,"1,0",,,,,,,,,,,,"0,0","110,0","20,0"
15027618,home,4-2-3-1,355796,Jefferson Lerma,J. Lerma,M,"8,0",False,Colombia,"8,0","9,0",1,0,2,0,1,"21,0","24,0","87,5","1,0","2,0","2,0",0,0,,,2025-11-19 01:30:00,Int. Friendly Games,Colombia,4820,Australia,4741,3,0,W,Australia,home,True,Colombia,"1,0","50,0","1,0",,"1,0","100,0",,,"3,0","2,0",,"13,0","11,0","2,0",,"3,0","2,0",,,,"28,0",,,,,,"0,0",,"1,0",,,,,,,,,,"4,5","4,5","10,0","210,0","20,0"
15027618,home,4-2-3-1,33596,David Ospina,D. Ospina,G,"1,0",False,Colombia,,,0,0,0,0,0,,,,,,,0,0,,,2025-11-19 01:30:00,Int. Friendly Games,Colombia,4820,Australia,4741,3,0,W,Australia,home,True,Colombia,,,,,,,,,,,,,,,,,"0,0",,,,,,,,,,,,,,,,,,,,,,,,,,
15027618,home,4-2-3-1,926238,Álvaro Montero,Á. Montero,G,"12,0",False,Colombia,,,0,0,0,0,0,,,,,,,0,0,,,2025-11-19 01:30:00,Int. Friendly Games,Colombia,4820,Australia,4741,3,0,W,Australia,home,True,Colombia,,,,,,,,,,,,,,,,,"0,0",,,,,,,,,,,,,,,,,,,,,,,,,,
15027618,home,4-2-3-1,839095,Carlos Cuesta,C. Cuesta,D,"46,0",False,Colombia,,,0,0,0,0,0,,,,,,,0,0,,,2025-11-19 01:30:00,Int. Friendly Games,Colombia,4820,Australia,4741,3,0,W,Australia,home,True,Colombia,,,,,,,,,,,,,,,,,"0,0",,,,,,,,,,,,,,,,,,,,,,,,,,
15027618,home,4-2-3-1,824511,Álvaro Angulo,Á. Angulo,D,"77,0",False,Colombia,,,0,0,0,0,0,,,,,,,0,0,,,2025-11-19 01:30:00,Int. Friendly Games,Colombia,4820,Australia,4741,3,0,W,Australia,home,True,Colombia,,,,,,,,,,,,,,,,,"0,0",,,,,,,,,,,,,,,,,,,,,,,,,,
15027618,home,4-2-3-1,360396,Yerry Mina,Y. Mina,D,"26,0",False,Colombia,,,0,0,0,0,0,,,,,,,0,0,,,2025-11-19 01:30:00,Int. Friendly Games,Colombia,4820,Australia,4741,3,0,W,Australia,home,True,Colombia,,,,,,,,,,,,,,,,,"0,0",,,,,,,,,,,,,,,,,,,,,,,,,,
15027618,home,4-2-3-1,1066915,Kevin Castaño,K. Castaño,M,"22,0",False,Colombia,,,0,0,0,0,0,,,,,,,0,0,,,2025-11-19 01:30:00,Int. Friendly Games,Colombia,4820,Australia,4741,3,0,W,Australia,home,True,Colombia,,,,,,,,,,,,,,,,,"0,0",,,,,,,,,,,,,,,,,,,,,,,,,,
15027618,home,4-2-3-1,844096,Jhon Arias,J. Arias,M,"11,0",False,Colombia,,,0,0,0,0,0,,,,,,,0,0,,,2025-11-19 01:30:00,Int. Friendly Games,Colombia,4820,Australia,4741,3,0,W,Australia,home,True,Colombia,,,,,,,,,,,,,,,,,"0,0",,,,,,,,,,,,,,,,,,,,,,,,,,
15027618,home,4-2-3-1,1160386,Andrés Gómez,A. Gómez,M,"11,0",False,Colombia,,,0,0,0,0,0,,,,,,,0,0,,,2025-11-19 01:30:00,Int. Friendly Games,Colombia,4820,Australia,4741,3,0,W,Australia,home,True,Colombia,,,,,,,,,,,,,,,,,"0,0",,,,,,,,,,,,,,,,,,,,,,,,,,
15027618,home,4-2-3-1,281253,Jhon Córdoba,J. Córdoba,F,"9,0",False,Colombia,,,0,0,0,0,0,,,,,,,0,0,,,2025-11-19 01:30:00,Int. Friendly Games,Colombia,4820,Australia,4741,3,0,W,Australia,home,True,Colombia,,,,,,,,,,,,,,,,,"0,0",,,,,,,,,,,,,,,,,,,,,,,,,,
15027618,home,4-2-3-1,925125,Johan Carbonero,J. Carbonero,F,"7,0",False,Colombia,,,0,0,0,0,0,,,,,,,0,0,,,2025-11-19 01:30:00,Int. Friendly Games,Colombia,4820,Australia,4741,3,0,W,Australia,home,True,Colombia,,,,,,,,,,,,,,,,,"0,0",,,,,,,,,,,,,,,,,,,,,,,,,,
15035393,home,4-2-3-1,926238,Álvaro Montero,Á. Montero,G,"12,0",True,Colombia,"7,0","90,0",0,0,0,0,0,"25,0","31,0","80,6","1,0","1,0",,0,0,,,2025-11-16 00:30:00,Int. Friendly Games,Colombia,4820,New Zealand,4784,2,1,W,New Zealand,home,True,Colombia,,"100,0",,,,,,,"8,0","2,0",,"6,0","3,0","8,0","1,0","6,0","0,0",,,,"40,0",,,,,,"0,0",,,"1,0",,"2,0",,,,,,,,,"0,0","25,0","8,0"
15035393,home,4-2-3-1,158583,Santiago Arias,S. Arias,D,"4,0",True,Colombia,"7,6","90,0",0,1,1,1,2,"44,0","51,0","86,3","4,0","7,0","1,0",0,0,,,2025-11-16 00:30:00,Int. Friendly Games,Colombia,4820,New Zealand,4784,2,1,W,New Zealand,home,True,Colombia,"3,0","57,1","1,0",,"1,0","100,0","2,0","2,0","2,0",,"3,0","29,0","26,0","5,0","2,0","13,0","2,0",,,,"75,0",,"1,0",,,,"0,0",,"1,0","1,0",,,,,,,,,"45,0","90,0","1,0","44,0","5,0"
15035393,home,4-2-3-1,360396,Yerry Mina,Y. Mina,D,"26,0",True,Colombia,"7,6","90,0",0,1,0,0,1,"65,0","71,0","91,5","6,0","6,0","2,0",0,0,,,2025-11-16 00:30:00,Int. Friendly Games,Colombia,4820,New Zealand,4784,2,1,W,New Zealand,home,True,Colombia,,"100,0","3,0",,"3,0","100,0",,,"10,0","6,0",,"23,0","20,0","4,0","5,0","8,0","0,0",,,,"84,0","1,0",,,,,"0,0",,"1,0","3,0","1,0",,,,,,,,,,"1,0","65,0","4,0"
15035393,home,4-2-3-1,839095,Carlos Cuesta,C. Cuesta,D,"46,0",True,Colombia,"7,0","45,0",0,0,0,0,1,"20,0","20,0","100,0","1,0","2,0",,0,0,,,2025-11-16 00:30:00,Int. Friendly Games,Colombia,4820,New Zealand,4784,2,1,W,New Zealand,home,True,Colombia,"1,0","50,0","1,0",,"1,0","100,0",,,,,,"5,0","5,0",,"1,0","1,0","0,0",,,,"26,0","1,0",,,,,"0,0",,"1,0",,,,,,,,,,,,"0,0","40,0","0,0"
15035393,home,4-2-3-1,824511,Álvaro Angulo,Á. Angulo,D,"77,0",True,Colombia,"6,8","90,0",0,0,0,1,0,"43,0","49,0","87,8","5,0","8,0",,0,0,,,2025-11-16 00:30:00,Int. Friendly Games,Colombia,4820,New Zealand,4784,2,1,W,New Zealand,home,True,Colombia,"3,0","62,5","2,0","1,0","3,0","66,7","2,0","1,0","3,0","1,0",,"28,0","24,0","2,0","3,0","6,0","1,0",,,,"62,0",,,,,,"0,0",,"2,0","1,0","1,0",,,,,,,,"90,0",,"0,0","43,0","2,0"
15035393,home,4-2-3-1,1174889,Gustavo Puerta,G. Puerta,M,"19,0",True,Colombia,"8,0","64,0",1,0,1,1,0,"45,0","50,0","90,0","4,0","7,0","2,0",0,0,,,2025-11-16 00:30:00,Int. Friendly Games,Colombia,4820,New Zealand,4784,2,1,W,New Zealand,home,True,Colombia,"3,0","57,1","1,0","1,0","2,0","50,0","1,0","1,0","2,0","2,0",,"38,0","34,0","2,0","2,0","6,0","3,0",,,,"65,0","1,0",,,,,"0,0",,"2,0","2,0",,,,,,,,,"21,3","64,0","1,41","63,3","2,8"
15035393,home,4-2-3-1,355796,Jefferson Lerma,J. Lerma,M,"8,0",True,Colombia,"6,7","90,0",0,0,1,0,1,"46,0","53,0","86,8","1,0","4,0","1,0",0,0,,,2025-11-16 00:30:00,Int. Friendly Games,Colombia,4820,New Zealand,4784,2,1,W,New Zealand,home,True,Colombia,"3,0","25,0",,,,,"1,0","1,0","5,0",,,"33,0","27,0","7,0","3,0","10,0","1,0",,,,"65,0","1,0","2,0",,,,"0,0",,,,,,,,,,,,"90,0","90,0","0,0","46,0","7,0"
15035393,home,4-2-3-1,844096,Jhon Arias,J. Arias,M,"11,0",True,Colombia,"7,0","77,0",0,0,1,1,2,"50,0","51,0","98,0","6,0","13,0",,0,0,,,2025-11-16 00:30:00,Int. Friendly Games,Colombia,4820,New Zealand,4784,2,1,W,New Zealand,home,True,Colombia,"7,0","46,2",,"1,0","1,0","0,0","4,0","1,0",,,"2,0","28,0","28,0","3,0",,"7,0","3,0",,,,"67,0","2,0","2,0","1,0",,,"0,0",,"2,0","2,0",,,,,,,,,"25,7","77,0","0,0","58,4","3,5"
15035393,home,4-2-3-1,107414,James Rodríguez,J. Rodríguez,M,"10,0",True,Colombia,"7,7","65,0",0,0,2,0,3,"55,0","58,0","94,8","3,0","5,0",,0,0,,,2025-11-16 00:30:00,Int. Friendly Games,Colombia,4820,New Zealand,4784,2,1,W,New Zealand,home,True,Colombia,"2,0","60,0",,,,,,,"4,0","3,0","7,0","41,0","39,0",,,"13,0","2,0",,,,"75,0",,"1,0","2,0","1,0",,"0,0",,,"2,0","1,0",,,,,,,,"32,5","32,5","0,0","76,2","0,0"
15035393,home,4-2-3-1,883537,Luis Díaz,L. Díaz,M,"14,0",True,Colombia,"7,4","64,0",0,0,0,0,5,"34,0","38,0","89,5","2,0","4,0",,0,0,,,2025-11-16 00:30:00,Int. Friendly Games,Colombia,4820,New Zealand,4784,2,1,W,New Zealand,home,True,Colombia,"2,0","50,0",,,,,,,"3,0","2,0",,"32,0","28,0","1,0",,"7,0","2,0",,,,"47,0","1,0","1,0","3,0","2,0",,"0,0",,,,,,,,,,,,"32,0",,"0,0","47,8","1,4"
15035393,home,4-2-3-1,281253,Jhon Córdoba,J. Córdoba,F,"9,0",True,Colombia,"6,7","77,0",0,0,0,1,1,"12,0","13,0","92,3",,"5,0",,0,0,,,2025-11-16 00:30:00,Int. Friendly Games,Colombia,4820,New Zealand,4784,2,1,W,New Zealand,home,True,Colombia,"5,0","0,0",,,,,,,,,,"10,0","9,0","3,0","1,0","5,0","2,0",,,,"21,0","1,0","3,0",,,,"0,0",,"2,0",,"1,0",,,,,,,,"38,5",,"0,0","14,0","3,5"
15035393,home,4-2-3-1,818481,Jhon Lucumí,J. Lucumí,D,"26,0",False,Colombia,"6,5","45,0",0,0,0,0,0,"23,0","24,0","95,8",,,,0,0,,,2025-11-16 00:30:00,Int. Friendly Games,Colombia,4820,New Zealand,4784,2,1,W,New Zealand,home,True,Colombia,,,,,,,,,"3,0","2,0",,"9,0","8,0","2,0","1,0","2,0","0,0",,,,"26,0","1,0",,,,,"0,0",,,,,,,,,,,,,,"0,0","46,0","4,0"
15035393,home,4-2-3-1,1066915,Kevin Castaño,K. Castaño,M,"22,0",False,Colombia,"6,5","26,0",0,0,0,0,0,"11,0","12,0","91,7","1,0","4,0",,0,0,,,2025-11-16 00:30:00,Int. Friendly Games,Colombia,4820,New Zealand,4784,2,1,W,New Zealand,home,True,Colombia,"3,0","25,0",,,,,"1,0","1,0","1,0","1,0",,"3,0","3,0","1,0",,"1,0","0,0",,,,"14,0",,,,,,"0,0",,"3,0",,,,,,,,,,,,"0,0","38,1","3,5"
15035393,home,4-2-3-1,1092769,Yáser Asprilla,Y. Asprilla,M,"22,0",False,Colombia,"6,9","26,0",0,0,0,1,2,"9,0","10,0","90,0","3,0","3,0",,0,0,,,2025-11-16 00:30:00,Int. Friendly Games,Colombia,4820,New Zealand,4784,2,1,W,New Zealand,home,True,Colombia,,"100,0",,,,,,,,,"2,0","5,0","5,0","2,0",,"2,0","2,0",,,,"17,0",,,"2,0","2,0",,"0,0",,,"1,0",,,,,,,,,"13,0",,"0,0","31,2","6,9"
15035393,home,4-2-3-1,590392,Jorge Carrascal,J. Carrascal,M,"15,0",False,Colombia,"7,0","25,0",0,0,1,1,1,"9,0","9,0","100,0","1,0","3,0",,0,0,,,2025-11-16 00:30:00,Int. Friendly Games,Colombia,4820,New Zealand,4784,2,1,W,New Zealand,home,True,Colombia,"2,0","33,3",,,,,"1,0","1,0","1,0","1,0",,"6,0","6,0","2,0",,"1,0","2,0",,,,"14,0","1,0",,,,,"0,0",,"2,0",,,,,,,,,,"12,5","25,0","0,0","32,4","7,2"
15035393,home,4-2-3-1,925125,Johan Carbonero,J. Carbonero,F,"7,0",False,Colombia,"7,3","13,0",1,0,1,1,0,"4,0","5,0","80,0",,"1,0",,0,0,,,2025-11-16 00:30:00,Int. Friendly Games,Colombia,4820,New Zealand,4784,2,1,W,New Zealand,home,True,Colombia,"1,0","0,0",,,,,,,,,,"4,0","4,0",,,"2,0","2,0",,,,"8,0",,"1,0",,,,"0,0",,,,,,,,,,,,"6,5","13,0","6,92","27,7","0,0"
15035393,home,4-2-3-1,560116,Rafael Borré,R. Borré,F,"19,0",False,Colombia,"6,4","13,0",0,0,0,0,0,"2,0","3,0","66,7",,,,0,0,,,2025-11-16 00:30:00,Int. Friendly Games,Colombia,4820,New Zealand,4784,2,1,W,New Zealand,home,True,Colombia,,,,,,,,,,,,"1,0",,,,"2,0","0,0",,,,"4,0","1,0",,,,,"0,0",,,,,,,,,,,,,,"0,0","13,8","0,0"
15035393,home,4-2-3-1,33596,David Ospina,D. Ospina,G,"1,0",False,Colombia,,,0,0,0,0,0,,,,,,,0,0,,,2025-11-16 00:30:00,Int. Friendly Games,Colombia,4820,New Zealand,4784,2,1,W,New Zealand,home,True,Colombia,,,,,,,,,,,,,,,,,"0,0",,,,,,,,,,,,,,,,,,,,,,,,,,
15035393,home,4-2-3-1,125787,Camilo Vargas,C. Vargas,G,"12,0",False,Colombia,,,0,0,0,0,0,,,,,,,0,0,,,2025-11-16 00:30:00,Int. Friendly Games,Colombia,4820,New Zealand,4784,2,1,W,New Zealand,home,True,Colombia,,,,,,,,,,,,,,,,,"0,0",,,,,,,,,,,,,,,,,,,,,,,,,,
15035393,home,4-2-3-1,566102,Davinson Sánchez,D. Sánchez,D,"6,0",False,Colombia,,,0,0,0,0,0,,,,,,,0,0,,,2025-11-16 00:30:00,Int. Friendly Games,Colombia,4820,New Zealand,4784,2,1,W,New Zealand,home,True,Colombia,,,,,,,,,,,,,,,,,"0,0",,,,,,,,,,,,,,,,,,,,,,,,,,
15035393,home,4-2-3-1,344847,Johan Mojica,J. Mojica,D,"22,0",False,Colombia,,,0,0,0,0,0,,,,,,,0,0,,,2025-11-16 00:30:00,Int. Friendly Games,Colombia,4820,New Zealand,4784,2,1,W,New Zealand,home,True,Colombia,,,,,,,,,,,,,,,,,"0,0",,,,,,,,,,,,,,,,,,,,,,,,,,
15035393,home,4-2-3-1,870360,Daniel Muñoz,D. Muñoz,M,"2,0",False,Colombia,,,0,0,0,0,0,,,,,,,0,0,,,2025-11-16 00:30:00,Int. Friendly Games,Colombia,4820,New Zealand,4784,2,1,W,New Zealand,home,True,Colombia,,,,,,,,,,,,,,,,,"0,0",,,,,,,,,,,,,,,,,,,,,,,,,,
15035393,home,4-2-3-1,980580,Juan Portilla,J. Portilla,M,"27,0",False,Colombia,,,0,0,0,0,0,,,,,,,0,0,,,2025-11-16 00:30:00,Int. Friendly Games,Colombia,4820,New Zealand,4784,2,1,W,New Zealand,home,True,Colombia,,,,,,,,,,,,,,,,,"0,0",,,,,,,,,,,,,,,,,,,,,,,,,,
15035393,home,4-2-3-1,1015292,Richard Ríos,R. Ríos,M,"20,0",False,Colombia,,,0,0,0,0,0,,,,,,,0,0,,,2025-11-16 00:30:00,Int. Friendly Games,Colombia,4820,New Zealand,4784,2,1,W,New Zealand,home,True,Colombia,,,,,,,,,,,,,,,,,"0,0",,,,,,,,,,,,,,,,,,,,,,,,,,
15035393,home,4-2-3-1,1160386,Andrés Gómez,A. Gómez,M,"11,0",False,Colombia,,,0,0,0,0,0,,,,,,,0,0,,,2025-11-16 00:30:00,Int. Friendly Games,Colombia,4820,New Zealand,4784,2,1,W,New Zealand,home,True,Colombia,,,,,,,,,,,,,,,,,"0,0",,,,,,,,,,,,,,,,,,,,,,,,,,
15035393,home,4-2-3-1,914213,Luis Javier Suárez,L. J. Suárez ,F,"97,0",False,Colombia,,,0,0,0,0,0,,,,,,,0,0,,,2025-11-16 00:30:00,Int. Friendly Games,Colombia,4820,New Zealand,4784,2,1,W,New Zealand,home,True,Colombia,,,,,,,,,,,,,,,,,"0,0",,,,,,,,,,,,,,,,,,,,,,,,,,
14784775,away,4-2-3-1,926238,Álvaro Montero,Á. Montero,G,"12,0",True,Colombia,"7,2","90,0",0,0,0,0,0,"23,0","25,0","92,0",,,,0,0,,,2025-10-15 00:00:00,Int. Friendly Games,Canada,4752,Colombia,4820,0,0,D,Canada,away,True,Colombia,,,,,,,,,"4,0","2,0",,"3,0","1,0","5,0","1,0","2,0","0,0",,,,"32,0",,,,,,"0,0",,,,,"1,0",,,,,,,,,"0,0","23,0","5,0"
14784775,away,4-2-3-1,870013,Andrés Román,A. Román,D,"6,0",True,Colombia,"6,4","90,0",0,0,0,1,0,"26,0","35,0","74,3","5,0","14,0",,0,0,,,2025-10-15 00:00:00,Int. Friendly Games,Canada,4752,Colombia,4820,0,0,D,Canada,away,True,Colombia,"9,0","35,7","1,0",,"1,0","100,0","1,0",,"3,0","1,0",,"17,0","11,0","1,0","3,0","19,0","1,0","1,0",,"1,0","66,0","2,0","2,0","4,0","1,0",,"0,0",,"1,0","2,0",,,,,,,,,"90,0",,"0,0","26,0","1,0"
14784775,away,4-2-3-1,566102,Davinson Sánchez,D. Sánchez,D,"6,0",True,Colombia,"7,2","90,0",0,0,0,0,0,"55,0","62,0","88,7","4,0","6,0","1,0",0,0,,,2025-10-15 00:00:00,Int. Friendly Games,Canada,4752,Colombia,4820,0,0,D,Canada,away,True,Colombia,"2,0","66,7","1,0","2,0","3,0","33,3","2,0","1,0","6,0","4,0",,"15,0","11,0","4,0","4,0","7,0","0,0",,,,"71,0",,,,,,"0,0",,,"1,0",,,,,,,,,,,"0,0","55,0","4,0"
14784775,away,4-2-3-1,818481,Jhon Lucumí,J. Lucumí,D,"26,0",True,Colombia,"7,3","90,0",0,0,0,0,0,"69,0","74,0","93,2","1,0","1,0",,0,0,,,2025-10-15 00:00:00,Int. Friendly Games,Canada,4752,Colombia,4820,0,0,D,Canada,away,True,Colombia,,"100,0","1,0",,"1,0","100,0",,,"12,0","7,0",,"10,0","7,0","3,0","7,0","5,0","0,0",,,,"83,0",,,,,,"0,0",,,,,,,,,,,,,,"0,0","69,0","3,0"
14784775,away,4-2-3-1,344847,Johan Mojica,J. Mojica,D,"22,0",True,Colombia,"7,4","90,0",0,0,0,0,0,"60,0","66,0","90,9","8,0","14,0","3,0",0,0,,,2025-10-15 00:00:00,Int. Friendly Games,Canada,4752,Colombia,4820,0,0,D,Canada,away,True,Colombia,"6,0","57,1","2,0","2,0","4,0","50,0","5,0","4,0","7,0","4,0","3,0","17,0","13,0","6,0","2,0","11,0","0,0",,,,"100,0",,,"1,0",,,"0,0",,"2,0","1,0",,,,,,,,,,,"0,0","60,0","6,0"
14784775,away,4-2-3-1,1015292,Richard Ríos,R. Ríos,M,"20,0",True,Colombia,"6,4","78,0",0,0,0,0,0,"21,0","27,0","77,8","7,0","15,0","1,0",0,0,,,2025-10-15 00:00:00,Int. Friendly Games,Canada,4752,Colombia,4820,0,0,D,Canada,away,True,Colombia,"8,0","46,7","1,0",,"1,0","100,0","1,0",,"2,0",,,"13,0","8,0","5,0","1,0","17,0","0,0",,,,"50,0","6,0","5,0","1,0","1,0",,"0,0",,"2,0","4,0",,,,,,,,,,,"0,0","24,2","5,8"
14784775,away,4-2-3-1,980580,Juan Portilla,J. Portilla,M,"27,0",True,Colombia,"7,0","79,0",0,0,0,1,0,"39,0","44,0","88,6","5,0","10,0","1,0",0,0,,,2025-10-15 00:00:00,Int. Friendly Games,Canada,4752,Colombia,4820,0,0,D,Canada,away,True,Colombia,"5,0","50,0","1,0","2,0","3,0","33,3","2,0","1,0","4,0","2,0",,"17,0","15,0","5,0","2,0","6,0","1,0",,,,"55,0",,,"2,0","1,0",,"0,0",,"2,0","1,0",,,,,,,,,"79,0",,"0,0","44,4","5,7"
14784775,away,4-2-3-1,221162,Juan Fernando Quintero,J. Quintero,M,"10,0",True,Colombia,"6,6","60,0",0,0,0,0,0,"25,0","31,0","80,6","1,0","3,0",,0,0,,,2025-10-15 00:00:00,Int. Friendly Games,Canada,4752,Colombia,4820,0,0,D,Canada,away,True,Colombia,"2,0","33,3",,,,,"1,0","1,0","5,0","4,0","2,0","17,0","13,0","1,0",,"10,0","1,0",,,,"38,0",,"1,0","1,0",,,"0,0",,,,,,,,,,,,"60,0",,"0,0","37,5","1,5"
14784775,away,4-2-3-1,877299,Jaminton Campaz,Jaminton Campaz,M,"8,0",True,Colombia,"6,4","45,0",0,0,0,0,0,"10,0","14,0","71,4","3,0","9,0",,0,0,,,2025-10-15 00:00:00,Int. Friendly Games,Canada,4752,Colombia,4820,0,0,D,Canada,away,True,Colombia,"6,0","33,3","1,0",,"1,0","100,0",,,,,"1,0","4,0","3,0","1,0","2,0","8,0","0,0",,,,"23,0","1,0","1,0","2,0","1,0",,"0,0",,"3,0","1,0",,,,,,,,,,,"0,0","20,0","2,0"
14784775,away,4-2-3-1,883537,Luis Díaz,L. Díaz,M,"14,0",True,Colombia,"6,9","60,0",0,0,0,1,0,"13,0","18,0","72,2","10,0","15,0",,0,0,,,2025-10-15 00:00:00,Int. Friendly Games,Canada,4752,Colombia,4820,0,0,D,Canada,away,True,Colombia,"5,0","66,7",,"1,0","1,0","0,0","3,0","2,0","1,0","1,0",,"9,0","8,0","3,0",,"12,0","1,0","1,0",,,"41,0","3,0","1,0","4,0","1,0",,"0,0",,,"6,0",,,,,,,,,"60,0",,"0,0","19,5","4,5"
14784775,away,4-2-3-1,887055,Cucho Hernández,C. Hernández,F,"19,0",True,Colombia,"6,6","60,0",0,0,0,0,1,"6,0","12,0","50,0","3,0","8,0",,0,0,,,2025-10-15 00:00:00,Int. Friendly Games,Canada,4752,Colombia,4820,0,0,D,Canada,away,True,Colombia,"5,0","37,5","3,0","1,0","4,0","75,0",,,"1,0",,,"9,0","3,0","2,0",,"8,0","0,0",,"1,0",,"14,0","2,0",,,,,"0,0",,"4,0",,,,,,,,,,,,"0,0","9,0","3,0"
14784775,away,4-2-3-1,107414,James Rodríguez,J. Rodríguez,M,"10,0",False,Colombia,"6,8","45,0",0,0,0,0,0,"33,0","36,0","91,7","1,0","2,0",,0,0,,,2025-10-15 00:00:00,Int. Friendly Games,Canada,4752,Colombia,4820,0,0,D,Canada,away,True,Colombia,"1,0","50,0",,"1,0","1,0","0,0",,,"4,0","3,0","1,0","21,0","18,0","1,0",,"5,0","0,0",,,,"40,0","1,0",,,,,"0,0",,,"1,0",,,,,,,,,,,"0,0","66,0","2,0"
14784775,away,4-2-3-1,981374,Kevin Serna,K. Serna,M,"90,0",False,Colombia,"6,4","30,0",0,0,0,0,0,"9,0","9,0","100,0","2,0","7,0",,0,0,,,2025-10-15 00:00:00,Int. Friendly Games,Canada,4752,Colombia,4820,0,0,D,Canada,away,True,Colombia,"5,0","28,6","1,0",,"1,0","100,0",,,"1,0","1,0",,"6,0","6,0","4,0","1,0","4,0","0,0",,,,"16,0",,"1,0","4,0","1,0",,"0,0",,,,,,,,,,,,,,"0,0","27,0","12,0"
14784775,away,4-2-3-1,1092769,Yáser Asprilla,Y. Asprilla,M,"22,0",False,Colombia,"6,2","30,0",0,0,1,0,0,"15,0","17,0","88,2","1,0","5,0",,0,0,,,2025-10-15 00:00:00,Int. Friendly Games,Canada,4752,Colombia,4820,0,0,D,Canada,away,True,Colombia,"4,0","20,0",,,,,,,"1,0",,"1,0","9,0","9,0",,,"8,0","1,0","1,0",,,"26,0","2,0","2,0","1,0","1,0",,"0,0",,"2,0",,,,,,,,,,"30,0","30,0","0,0","45,0","0,0"
14784775,away,4-2-3-1,560116,Rafael Borré,R. Borré,F,"19,0",False,Colombia,"6,1","30,0",0,0,0,1,0,"6,0","6,0","100,0",,"8,0",,0,0,,,2025-10-15 00:00:00,Int. Friendly Games,Canada,4752,Colombia,4820,0,0,D,Canada,away,True,Colombia,"8,0","0,0",,"3,0","3,0","0,0",,,,,"1,0","5,0","5,0","1,0",,"4,0","1,0","1,0",,,"12,0",,"3,0",,,,"0,0",,"2,0",,,,,,,,,,"30,0",,"0,0","18,0","3,0"
14784775,away,4-2-3-1,1066915,Kevin Castaño,K. Castaño,M,"22,0",False,Colombia,"6,7","12,0",0,0,0,0,1,"12,0","13,0","92,3",,"3,0",,0,0,,,2025-10-15 00:00:00,Int. Friendly Games,Canada,4752,Colombia,4820,0,0,D,Canada,away,True,Colombia,"3,0","0,0",,,,,,,,,"1,0","8,0","7,0",,,"3,0","0,0",,"1,0",,"17,0",,"2,0",,,,"0,0",,"1,0",,,,,,,,,,,,"0,0","90,0","0,0"
14784775,away,4-2-3-1,355796,Jefferson Lerma,J. Lerma,M,"8,0",False,Colombia,"6,7","11,0",0,0,0,0,0,"12,0","15,0","80,0","1,0","1,0","2,0",0,0,,,2025-10-15 00:00:00,Int. Friendly Games,Canada,4752,Colombia,4820,0,0,D,Canada,away,True,Colombia,,"100,0","1,0",,"1,0","100,0",,,"2,0","1,0",,"8,0","5,0","2,0","1,0","4,0","0,0",,,,"19,0","1,0",,,,,"0,0",,"1,0",,,,,,,,,,,,"0,0","98,2","16,4"
14784775,away,4-2-3-1,33596,David Ospina,D. Ospina,G,"1,0",False,Colombia,,,0,0,0,0,0,,,,,,,0,0,,,2025-10-15 00:00:00,Int. Friendly Games,Canada,4752,Colombia,4820,0,0,D,Canada,away,True,Colombia,,,,,,,,,,,,,,,,,"0,0",,,,,,,,,,,,,,,,,,,,,,,,,,
14784775,away,4-2-3-1,876190,Kevin Mier,K. Mier,G,"23,0",False,Colombia,,,0,0,0,0,0,,,,,,,0,0,,,2025-10-15 00:00:00,Int. Friendly Games,Canada,4752,Colombia,4820,0,0,D,Canada,away,True,Colombia,,,,,,,,,,,,,,,,,"0,0",,,,,,,,,,,,,,,,,,,,,,,,,,
14784775,away,4-2-3-1,824511,Álvaro Angulo,Á. Angulo,D,"77,0",False,Colombia,,,0,0,0,0,0,,,,,,,0,0,,,2025-10-15 00:00:00,Int. Friendly Games,Canada,4752,Colombia,4820,0,0,D,Canada,away,True,Colombia,,,,,,,,,,,,,,,,,"0,0",,,,,,,,,,,,,,,,,,,,,,,,,,
14784775,away,4-2-3-1,1014835,Yerson Mosquera,Y. Mosquera,D,"15,0",False,Colombia,,,0,0,0,0,0,,,,,,,0,0,,,2025-10-15 00:00:00,Int. Friendly Games,Canada,4752,Colombia,4820,0,0,D,Canada,away,True,Colombia,,,,,,,,,,,,,,,,,"0,0",,,,,,,,,,,,,,,,,,,,,,,,,,
14784775,away,4-2-3-1,931705,Willer Ditta,W. Ditta,D,"4,0",False,Colombia,,,0,0,0,0,0,,,,,,,0,0,,,2025-10-15 00:00:00,Int. Friendly Games,Canada,4752,Colombia,4820,0,0,D,Canada,away,True,Colombia,,,,,,,,,,,,,,,,,"0,0",,,,,,,,,,,,,,,,,,,,,,,,,,
14784775,away,4-2-3-1,870360,Daniel Muñoz,D. Muñoz,M,"2,0",False,Colombia,,,0,0,0,0,0,,,,,,,0,0,,,2025-10-15 00:00:00,Int. Friendly Games,Canada,4752,Colombia,4820,0,0,D,Canada,away,True,Colombia,,,,,,,,,,,,,,,,,"0,0",,,,,,,,,,,,,,,,,,,,,,,,,,
14784775,away,4-2-3-1,925125,Johan Carbonero,J. Carbonero,F,"7,0",False,Colombia,,,0,0,0,0,0,,,,,,,0,0,,,2025-10-15 00:00:00,Int. Friendly Games,Canada,4752,Colombia,4820,0,0,D,Canada,away,True,Colombia,,,,,,,,,,,,,,,,,"0,0",,,,,,,,,,,,,,,,,,,,,,,,,,
14784775,away,4-2-3-1,914213,Luis Javier Suárez,L. J. Suárez ,F,"97,0",False,Colombia,,,0,0,0,0,0,,,,,,,0,0,,,2025-10-15 00:00:00,Int. Friendly Games,Canada,4752,Colombia,4820,0,0,D,Canada,away,True,Colombia,,,,,,,,,,,,,,,,,"0,0",,,,,,,,,,,,,,,,,,,,,,,,,,
14784774,away,4-2-3-1,33596,David Ospina,D. Ospina,G,"1,0",True,Colombia,"7,2","90,0",0,0,0,0,0,"18,0","33,0","54,5",,,,0,0,,,2025-10-12 01:00:00,Int. Friendly Games,Mexico,4781,Colombia,4820,0,4,W,Mexico,away,True,Colombia,,,,,,,,,"20,0","5,0",,"14,0","3,0","12,0","1,0","16,0","0,0",,,,"41,0",,,,,,"0,0",,,,,"2,0",,,,,,,,,"0,0","18,0","12,0"
14784774,away,4-2-3-1,870360,Daniel Muñoz,D. Muñoz,M,"2,0",True,Colombia,"6,9","90,0",0,0,0,0,0,"26,0","35,0","74,3","4,0","9,0","2,0",0,0,,,2025-10-12 01:00:00,Int. Friendly Games,Mexico,4781,Colombia,4820,0,4,W,Mexico,away,True,Colombia,"5,0","44,4","2,0",,"2,0","100,0","1,0","1,0","3,0","1,0","3,0","16,0","10,0","5,0","1,0","17,0","0,0",,,,"57,0","1,0","2,0",,,,"0,0",,"3,0","1,0",,,,,,,,,,,"0,0","26,0","5,0"
14784774,away,4-2-3-1,931705,Willer Ditta,W. Ditta,D,"4,0",True,Colombia,"7,5","90,0",0,0,0,0,0,"23,0","26,0","88,5","4,0","5,0","2,0",0,0,,,2025-10-12 01:00:00,Int. Friendly Games,Mexico,4781,Colombia,4820,0,4,W,Mexico,away,True,Colombia,"1,0","80,0","1,0",,"1,0","100,0","2,0","2,0","2,0",,,"4,0","3,0","1,0","5,0","3,0","0,0",,,,"39,0",,,,,,"0,0",,"1,0","1,0",,,,,,,,,,,"0,0","23,0","1,0"
14784774,away,4-2-3-1,818481,Jhon Lucumí,J. Lucumí,D,"26,0",True,Colombia,"7,6","90,0",1,0,1,0,0,"32,0","40,0","80,0","1,0","1,0",,0,0,,,2025-10-12 01:00:00,Int. Friendly Games,Mexico,4781,Colombia,4820,0,4,W,Mexico,away,True,Colombia,,"100,0",,,,,"1,0","1,0","7,0","2,0",,"7,0","3,0","2,0","1,0","9,0","1,0",,,,"47,0","1,0",,,,,"0,0",,,,,,,,,,,,"90,0","90,0","1,0","32,0","2,0"
14784774,away,4-2-3-1,824511,Álvaro Angulo,Á. Angulo,D,"77,0",True,Colombia,"7,8","90,0",0,0,0,0,0,"28,0","33,0","84,8","6,0","7,0","4,0",0,0,,,2025-10-12 01:00:00,Int. Friendly Games,Mexico,4781,Colombia,4820,0,4,W,Mexico,away,True,Colombia,"1,0","85,7","1,0",,"1,0","100,0","3,0","3,0","3,0","2,0",,"13,0","10,0","2,0","5,0","13,0","0,0",,,,"63,0","1,0",,,,,"0,0",,"1,0","2,0",,,,,,,,,,,"0,0","28,0","2,0"
14784774,away,4-2-3-1,355796,Jefferson Lerma,J. Lerma,M,"8,0",True,Colombia,"7,2","86,0",1,0,1,0,0,"21,0","34,0","61,8","5,0","12,0","3,0",0,0,,,2025-10-12 01:00:00,Int. Friendly Games,Mexico,4781,Colombia,4820,0,4,W,Mexico,away,True,Colombia,"7,0","41,7","2,0","3,0","5,0","40,0","3,0",,"9,0","3,0",,"18,0","8,0","3,0","1,0","17,0","2,0",,,,"51,0","1,0","2,0",,,,"0,0",,"2,0",,,,,,,,,,"43,0","86,0","1,05","22,0","3,1"
14784774,away,4-2-3-1,1066915,Kevin Castaño,K. Castaño,M,"22,0",True,Colombia,"6,7","86,0",0,0,0,0,0,"38,0","44,0","86,4","4,0","8,0",,0,0,,,2025-10-12 01:00:00,Int. Friendly Games,Mexico,4781,Colombia,4820,0,4,W,Mexico,away,True,Colombia,"4,0","50,0","2,0",,"2,0","100,0","2,0","1,0","4,0","2,0",,"21,0","18,0","5,0","2,0","9,0","0,0",,,,"54,0","1,0","1,0","1,0",,,"0,0",,"2,0",,,,,,,,,,,,"0,0","39,8","5,2"
14784774,away,4-2-3-1,981374,Kevin Serna,K. Serna,M,"90,0",True,Colombia,"6,7","65,0",0,0,0,0,0,"9,0","11,0","81,8","3,0","8,0",,0,0,,,2025-10-12 01:00:00,Int. Friendly Games,Mexico,4781,Colombia,4820,0,4,W,Mexico,away,True,Colombia,"5,0","37,5","1,0","2,0","3,0","33,3","1,0","1,0",,,"2,0","5,0","4,0","5,0",,"8,0","0,0",,,,"24,0","2,0","2,0",,,,"0,0",,"1,0","1,0","1,0",,,,,,,,,,"0,0","12,5","6,9"
14784774,away,4-2-3-1,107414,James Rodríguez,J. Rodríguez,M,"10,0",True,Colombia,"9,1","69,0",0,2,0,2,2,"24,0","27,0","88,9","4,0","5,0","1,0",0,0,,,2025-10-12 01:00:00,Int. Friendly Games,Mexico,4781,Colombia,4820,0,4,W,Mexico,away,True,Colombia,"1,0","80,0",,"1,0","1,0","0,0","3,0","2,0","9,0","9,0","5,0","19,0","18,0","2,0",,"9,0","2,0",,"2,0",,"42,0","2,0",,,,,"0,0",,,"1,0",,,,,,,,,"34,5",,"2,61","31,3","2,6"
14784774,away,4-2-3-1,883537,Luis Díaz,L. Díaz,M,"14,0",True,Colombia,"7,3","66,0",1,0,1,0,1,"20,0","24,0","83,3","3,0","8,0",,0,0,,,2025-10-12 01:00:00,Int. Friendly Games,Mexico,4781,Colombia,4820,0,4,W,Mexico,away,True,Colombia,"5,0","37,5",,,,,,,"3,0","2,0","1,0","16,0","12,0","4,0",,"11,0","1,0",,,,"36,0","3,0","1,0","3,0","1,0",,"0,0",,"2,0","2,0",,,,,,,,,"66,0","66,0","1,36","27,3","5,5"
14784774,away,4-2-3-1,914213,Luis Javier Suárez,L. J. Suárez ,F,"97,0",True,Colombia,"6,5","69,0",0,0,0,0,0,"5,0","7,0","71,4","4,0","11,0",,0,0,,,2025-10-12 01:00:00,Int. Friendly Games,Mexico,4781,Colombia,4820,0,4,W,Mexico,away,True,Colombia,"7,0","36,4","2,0","2,0","4,0","50,0",,,,,"1,0","2,0","1,0","1,0","2,0","8,0","0,0",,,,"18,0","3,0",,"3,0","1,0",,"0,0",,"3,0","1,0",,,,,,,,,,,"0,0","6,5","1,3"
14784774,away,4-2-3-1,877299,Jaminton Campaz,Jaminton Campaz,M,"8,0",False,Colombia,"6,6","25,0",0,0,0,0,0,"2,0","3,0","66,7",,,"1,0",0,0,,,2025-10-12 01:00:00,Int. Friendly Games,Mexico,4781,Colombia,4820,0,4,W,Mexico,away,True,Colombia,,,,,,,,,,,,"2,0","1,0","1,0",,"1,0","0,0",,,,"4,0",,,,,,"0,0",,,,,,,,,,,,,,"0,0","7,2","3,6"
14784774,away,4-2-3-1,925125,Johan Carbonero,J. Carbonero,F,"7,0",False,Colombia,"7,3","24,0",1,0,1,0,0,"3,0","4,0","75,0","2,0","4,0",,0,0,,,2025-10-12 01:00:00,Int. Friendly Games,Mexico,4781,Colombia,4820,0,4,W,Mexico,away,True,Colombia,"2,0","50,0",,,,,,,"1,0",,,"3,0","2,0",,,"2,0","1,0",,,,"9,0","1,0",,"1,0","1,0",,"0,0",,"2,0","1,0",,,,,,,,,"24,0","24,0","3,75","11,2","0,0"
14784774,away,4-2-3-1,221162,Juan Fernando Quintero,J. Quintero,M,"10,0",False,Colombia,"7,1","21,0",0,1,0,0,1,"5,0","7,0","71,4","1,0","1,0",,0,0,,,2025-10-12 01:00:00,Int. Friendly Games,Mexico,4781,Colombia,4820,0,4,W,Mexico,away,True,Colombia,,"100,0","1,0",,"1,0","100,0",,,"2,0","1,0",,"4,0","2,0",,,"2,0","0,0",,"1,0",,"7,0",,,,,,"0,0",,,,,,,,,,,,,,"4,29","21,4","0,0"
14784774,away,4-2-3-1,560116,Rafael Borré,R. Borré,F,"19,0",False,Colombia,"6,5","21,0",0,0,0,0,0,"2,0","3,0","66,7","2,0","4,0",,0,0,,,2025-10-12 01:00:00,Int. Friendly Games,Mexico,4781,Colombia,4820,0,4,W,Mexico,away,True,Colombia,"2,0","50,0","1,0","2,0","3,0","33,3",,,"1,0",,,"1,0","1,0",,,"1,0","0,0",,,,"4,0",,,,,,"0,0",,,"1,0","1,0",,,,,,,,,,"0,0","8,6","0,0"
14784774,away,4-2-3-1,980580,Juan Portilla,J. Portilla,M,"27,0",False,Colombia,,"4,0",0,0,0,0,0,,"1,0",,"1,0","1,0",,0,0,,,2025-10-12 01:00:00,Int. Friendly Games,Mexico,4781,Colombia,4820,0,4,W,Mexico,away,True,Colombia,,"100,0",,,,,"1,0","1,0",,,,,,"1,0",,"1,0","0,0",,,,"2,0",,,,,,"0,0",,,,,,,,,,,,,,"0,0","0,0","22,5"
14784774,away,4-2-3-1,1015292,Richard Ríos,R. Ríos,M,"20,0",False,Colombia,,"4,0",0,0,0,0,0,"1,0","1,0","100,0",,,,0,0,,,2025-10-12 01:00:00,Int. Friendly Games,Mexico,4781,Colombia,4820,0,4,W,Mexico,away,True,Colombia,,,,,,,,,,,,,,,,,"0,0",,,,"1,0",,,,,,"0,0",,,,,,,,,,,,,,"0,0","22,5","0,0"
14784774,away,4-2-3-1,926238,Álvaro Montero,Á. Montero,G,"12,0",False,Colombia,,,0,0,0,0,0,,,,,,,0,0,,,2025-10-12 01:00:00,Int. Friendly Games,Mexico,4781,Colombia,4820,0,4,W,Mexico,away,True,Colombia,,,,,,,,,,,,,,,,,"0,0",,,,,,,,,,,,,,,,,,,,,,,,,,
14784774,away,4-2-3-1,876190,Kevin Mier,K. Mier,G,"23,0",False,Colombia,,,0,0,0,0,0,,,,,,,0,0,,,2025-10-12 01:00:00,Int. Friendly Games,Mexico,4781,Colombia,4820,0,4,W,Mexico,away,True,Colombia,,,,,,,,,,,,,,,,,"0,0",,,,,,,,,,,,,,,,,,,,,,,,,,
14784774,away,4-2-3-1,344847,Johan Mojica,J. Mojica,D,"22,0",False,Colombia,,,0,0,0,0,0,,,,,,,0,0,,,2025-10-12 01:00:00,Int. Friendly Games,Mexico,4781,Colombia,4820,0,4,W,Mexico,away,True,Colombia,,,,,,,,,,,,,,,,,"0,0",,,,,,,,,,,,,,,,,,,,,,,,,,
14784774,away,4-2-3-1,1014835,Yerson Mosquera,Y. Mosquera,D,"15,0",False,Colombia,,,0,0,0,0,0,,,,,,,0,0,,,2025-10-12 01:00:00,Int. Friendly Games,Mexico,4781,Colombia,4820,0,4,W,Mexico,away,True,Colombia,,,,,,,,,,,,,,,,,"0,0",,,,,,,,,,,,,,,,,,,,,,,,,,
14784774,away,4-2-3-1,870013,Andrés Román,A. Román,D,"6,0",False,Colombia,,,0,0,0,0,0,,,,,,,0,0,,,2025-10-12 01:00:00,Int. Friendly Games,Mexico,4781,Colombia,4820,0,4,W,Mexico,away,True,Colombia,,,,,,,,,,,,,,,,,"0,0",,,,,,,,,,,,,,,,,,,,,,,,,,
14784774,away,4-2-3-1,566102,Davinson Sánchez,D. Sánchez,D,"6,0",False,Colombia,,,0,0,0,0,0,,,,,,,0,0,,,2025-10-12 01:00:00,Int. Friendly Games,Mexico,4781,Colombia,4820,0,4,W,Mexico,away,True,Colombia,,,,,,,,,,,,,,,,,"0,0",,,,,,,,,,,,,,,,,,,,,,,,,,
14784774,away,4-2-3-1,1092769,Yáser Asprilla,Y. Asprilla,M,"22,0",False,Colombia,,,0,0,0,0,0,,,,,,,0,0,,,2025-10-12 01:00:00,Int. Friendly Games,Mexico,4781,Colombia,4820,0,4,W,Mexico,away,True,Colombia,,,,,,,,,,,,,,,,,"0,0",,,,,,,,,,,,,,,,,,,,,,,,,,
14784774,away,4-2-3-1,887055,Cucho Hernández,C. Hernández,F,"19,0",False,Colombia,,,0,0,0,0,0,,,,,,,0,0,,,2025-10-12 01:00:00,Int. Friendly Games,Mexico,4781,Colombia,4820,0,4,W,Mexico,away,True,Colombia,,,,,,,,,,,,,,,,,"0,0",,,,,,,,,,,,,,,,,,,,,,,,,,
14169223,away,4-3-3,876190,Kevin Mier,K. Mier,G,"23,0",True,Colombia,"6,4","90,0",0,0,0,0,0,"22,0","30,0","73,3",,,,0,0,,,2025-09-09 23:30:00,"World Cup Qualification, CONMEBOL",Venezuela,4722,Colombia,4820,3,6,W,Venezuela,away,True,Colombia,,,,,,,,,"11,0","3,0",,"9,0","2,0","4,0","1,0","8,0","0,0",,,,"39,0",,,,,,"0,0",,,,,"5,0",,,,,,,,,"0,0","22,0","4,0"
14169223,away,4-3-3,870360,Daniel Muñoz,D. Muñoz,M,"2,0",True,Colombia,"6,4","90,0",0,0,0,0,0,"42,0","49,0","85,7","2,0","5,0","1,0",0,0,,,2025-09-09 23:30:00,"World Cup Qualification, CONMEBOL",Venezuela,4722,Colombia,4820,3,6,W,Venezuela,away,True,Colombia,"3,0","40,0","1,0","1,0","2,0","50,0","1,0","1,0","4,0","2,0","1,0","23,0","17,0","1,0","3,0","10,0","0,0",,,,"65,0","1,0",,,,,"0,0",,"2,0",,,,,,,,,,,,"0,0","42,0","1,0"
14169223,away,4-3-3,360396,Yerry Mina,Y. Mina,D,"26,0",True,Colombia,"6,8","90,0",1,0,1,0,0,"55,0","63,0","87,3","4,0","9,0",,0,0,,,2025-09-09 23:30:00,"World Cup Qualification, CONMEBOL",Venezuela,4722,Colombia,4820,3,6,W,Venezuela,away,True,Colombia,"5,0","44,4","3,0","1,0","4,0","75,0",,,"8,0","2,0",,"10,0","6,0","2,0","6,0","9,0","1,0",,,,"76,0",,"1,0",,,,"0,0",,"3,0","1,0",,,,,,,,,"90,0","90,0","1,0","55,0","2,0"
14169223,away,4-3-3,566102,Davinson Sánchez,D. Sánchez,D,"6,0",True,Colombia,"6,2","90,0",0,0,0,0,0,"59,0","67,0","88,1","2,0","4,0","1,0",0,0,,,2025-09-09 23:30:00,"World Cup Qualification, CONMEBOL",Venezuela,4722,Colombia,4820,3,6,W,Venezuela,away,True,Colombia,"2,0","50,0","1,0","1,0","2,0","50,0","1,0","1,0","9,0","5,0",,"18,0","12,0","2,0","4,0","9,0","0,0",,,,"78,0","1,0",,,,,"0,0",,"1,0",,,,,,,,,,,,"0,0","59,0","2,0"
14169223,away,4-3-3,824511,Álvaro Angulo,Á. Angulo,D,"77,0",True,Colombia,"6,0","90,0",0,0,0,0,0,"21,0","29,0","72,4","3,0","9,0","1,0",0,0,,,2025-09-09 23:30:00,"World Cup Qualification, CONMEBOL",Venezuela,4722,Colombia,4820,3,6,W,Venezuela,away,True,Colombia,"6,0","33,3","1,0","3,0","4,0","25,0","1,0","1,0","3,0","1,0","2,0","11,0","6,0","5,0","3,0","16,0","0,0",,,,"52,0",,"1,0","1,0",,,"0,0",,"1,0","1,0",,,,,,,,,,,"0,0","21,0","5,0"
14169223,away,4-3-3,1015292,Richard Ríos,R. Ríos,M,"20,0",True,Colombia,"7,2","90,0",0,1,0,0,3,"42,0","52,0","80,8","9,0","15,0","2,0",0,0,,,2025-09-09 23:30:00,"World Cup Qualification, CONMEBOL",Venezuela,4722,Colombia,4820,3,6,W,Venezuela,away,True,Colombia,"6,0","60,0","1,0","1,0","2,0","50,0","2,0","1,0","6,0","3,0","2,0","26,0","20,0","4,0","1,0","17,0","0,0",,"1,0",,"72,0","2,0","1,0","5,0","2,0",,"0,0",,"1,0","4,0",,,,,,,,,,,"1,0","42,0","4,0"
14169223,away,4-3-3,355796,Jefferson Lerma,J. Lerma,M,"8,0",True,Colombia,"6,7","86,0",0,0,0,1,1,"35,0","49,0","71,4","5,0","12,0","1,0",0,0,,,2025-09-09 23:30:00,"World Cup Qualification, CONMEBOL",Venezuela,4722,Colombia,4820,3,6,W,Venezuela,away,True,Colombia,"7,0","41,7","4,0","2,0","6,0","66,7","1,0","1,0","4,0","1,0",,"27,0","19,0","6,0","2,0","15,0","1,0",,,,"61,0",,,"1,0",,,"0,0",,"3,0",,,,,,,,,,"86,0",,"0,0","36,6","6,3"
14169223,away,4-3-3,1066915,Kevin Castaño,K. Castaño,M,"22,0",True,Colombia,"6,5","77,0",0,0,0,0,0,"45,0","49,0","91,8","4,0","9,0",,0,0,,,2025-09-09 23:30:00,"World Cup Qualification, CONMEBOL",Venezuela,4722,Colombia,4820,3,6,W,Venezuela,away,True,Colombia,"5,0","44,4","1,0","2,0","3,0","33,3","2,0","1,0",,,,"23,0","19,0","4,0","1,0","5,0","0,0",,,,"58,0","1,0",,,,,"0,0",,"2,0","1,0",,,,,,,,,,,"0,0","52,6","4,7"
14169223,away,4-3-3,107414,James Rodríguez,J. Rodríguez,M,"10,0",True,Colombia,"8,5","68,0",0,2,1,0,4,"35,0","37,0","94,6","1,0","2,0",,0,0,,,2025-09-09 23:30:00,"World Cup Qualification, CONMEBOL",Venezuela,4722,Colombia,4820,3,6,W,Venezuela,away,True,Colombia,"1,0","50,0",,,,,,,"2,0","2,0","4,0","25,0","22,0",,,"4,0","1,0",,"2,0",,"43,0",,,,,,"0,0",,,"1,0",,,,,,,,,"68,0","68,0","2,65","46,3","0,0"
14169223,away,4-3-3,914213,Luis Javier Suárez,L. J. Suárez ,F,"97,0",True,Colombia,"9,9","69,0",4,0,4,0,0,"13,0","16,0","81,2","1,0","4,0",,0,0,,,2025-09-09 23:30:00,"World Cup Qualification, CONMEBOL",Venezuela,4722,Colombia,4820,3,6,W,Venezuela,away,True,Colombia,"3,0","25,0",,"2,0","2,0","0,0",,,,,,"9,0","6,0","3,0",,"6,0","4,0",,,,"25,0","3,0",,,,,"0,0",,"1,0","1,0",,,,,,,,,"17,2","17,2","5,22","17,0","3,9"
14169223,away,4-3-3,883537,Luis Díaz,L. Díaz,M,"14,0",True,Colombia,"7,6","90,0",0,1,2,1,1,"29,0","34,0","85,3","9,0","19,0","1,0",0,0,,,2025-09-09 23:30:00,"World Cup Qualification, CONMEBOL",Venezuela,4722,Colombia,4820,3,6,W,Venezuela,away,True,Colombia,"10,0","47,4","2,0","1,0","3,0","66,7","1,0","1,0","6,0","4,0",,"25,0","21,0","8,0",,"16,0","4,0",,,,"61,0","4,0","4,0","5,0","2,0",,"0,0",,"2,0","4,0",,,,,,,,,"22,5","45,0","1,0","29,0","8,0"
14169223,away,4-3-3,221162,Juan Fernando Quintero,J. Quintero,M,"10,0",False,Colombia,"7,2","22,0",0,1,0,0,2,"16,0","21,0","76,2",,,,0,0,,,2025-09-09 23:30:00,"World Cup Qualification, CONMEBOL",Venezuela,4722,Colombia,4820,3,6,W,Venezuela,away,True,Colombia,,,,,,,,,"5,0","2,0",,"13,0","9,0",,,"6,0","0,0",,"1,0",,"22,0","1,0",,,,,"0,0",,,,,,,,,,,,,,"4,09","65,5","0,0"
14169223,away,4-3-3,281253,Jhon Córdoba,J. Córdoba,F,"9,0",False,Colombia,"7,4","21,0",1,0,1,0,0,"2,0","3,0","66,7","2,0","3,0",,0,0,,,2025-09-09 23:30:00,"World Cup Qualification, CONMEBOL",Venezuela,4722,Colombia,4820,3,6,W,Venezuela,away,True,Colombia,"1,0","66,7",,"1,0","1,0","0,0",,,,,,"1,0",,,"1,0","1,0","1,0",,,,"7,0",,,"1,0","1,0",,"0,0",,,"1,0",,,,,,,,,"21,0","21,0","4,29","8,6","0,0"
14169223,away,4-3-3,844096,Jhon Arias,J. Arias,M,"11,0",False,Colombia,"7,0","13,0",0,0,0,1,1,"11,0","11,0","100,0","2,0","2,0",,0,0,,,2025-09-09 23:30:00,"World Cup Qualification, CONMEBOL",Venezuela,4722,Colombia,4820,3,6,W,Venezuela,away,True,Colombia,,"100,0",,,,,"1,0",,,,,"7,0","7,0","2,0","1,0","1,0","1,0",,,,"16,0","1,0",,"1,0","1,0",,"0,0",,,,,,,,,,,,"13,0",,"0,0","76,2","13,8"
14169223,away,4-3-3,980580,Juan Portilla,J. Portilla,M,"27,0",False,Colombia,,"4,0",0,0,0,0,0,"5,0","7,0","71,4","1,0","1,0",,0,0,,,2025-09-09 23:30:00,"World Cup Qualification, CONMEBOL",Venezuela,4722,Colombia,4820,3,6,W,Venezuela,away,True,Colombia,,"100,0","1,0",,"1,0","100,0",,,,,,"2,0","1,0","1,0",,"2,0","0,0",,,,"7,0",,,,,,"0,0",,,,,,,,,,,,,,"0,0","112,5","22,5"
14169223,away,4-3-3,125787,Camilo Vargas,C. Vargas,G,"12,0",False,Colombia,,,0,0,0,0,0,,,,,,,0,0,,,2025-09-09 23:30:00,"World Cup Qualification, CONMEBOL",Venezuela,4722,Colombia,4820,3,6,W,Venezuela,away,True,Colombia,,,,,,,,,,,,,,,,,"0,0",,,,,,,,,,,,,,,,,,,,,,,,,,
14169223,away,4-3-3,33596,David Ospina,D. Ospina,G,"1,0",False,Colombia,,,0,0,0,0,0,,,,,,,0,0,,,2025-09-09 23:30:00,"World Cup Qualification, CONMEBOL",Venezuela,4722,Colombia,4820,3,6,W,Venezuela,away,True,Colombia,,,,,,,,,,,,,,,,,"0,0",,,,,,,,,,,,,,,,,,,,,,,,,,
14169223,away,4-3-3,818481,Jhon Lucumí,J. Lucumí,D,"26,0",False,Colombia,,,0,0,0,0,0,,,,,,,0,0,,,2025-09-09 23:30:00,"World Cup Qualification, CONMEBOL",Venezuela,4722,Colombia,4820,3,6,W,Venezuela,away,True,Colombia,,,,,,,,,,,,,,,,,"0,0",,,,,,,,,,,,,,,,,,,,,,,,,,
14169223,away,4-3-3,344847,Johan Mojica,J. Mojica,D,"22,0",False,Colombia,,,0,0,0,0,0,,,,,,,0,0,,,2025-09-09 23:30:00,"World Cup Qualification, CONMEBOL",Venezuela,4722,Colombia,4820,3,6,W,Venezuela,away,True,Colombia,,,,,,,,,,,,,,,,,"0,0",,,,,,,,,,,,,,,,,,,,,,,,,,
14169223,away,4-3-3,158583,Santiago Arias,S. Arias,D,"4,0",False,Colombia,,,0,0,0,0,0,,,,,,,0,0,,,2025-09-09 23:30:00,"World Cup Qualification, CONMEBOL",Venezuela,4722,Colombia,4820,3,6,W,Venezuela,away,True,Colombia,,,,,,,,,,,,,,,,,"0,0",,,,,,,,,,,,,,,,,,,,,,,,,,
14169223,away,4-3-3,972587,Marino Hinestroza,M. Hinestroza,M,"18,0",False,Colombia,,,0,0,0,0,0,,,,,,,0,0,,,2025-09-09 23:30:00,"World Cup Qualification, CONMEBOL",Venezuela,4722,Colombia,4820,3,6,W,Venezuela,away,True,Colombia,,,,,,,,,,,,,,,,,"0,0",,,,,,,,,,,,,,,,,,,,,,,,,,
14169223,away,4-3-3,877299,Jaminton Campaz,Jaminton Campaz,M,"8,0",False,Colombia,,,0,0,0,0,0,,,,,,,0,0,,,2025-09-09 23:30:00,"World Cup Qualification, CONMEBOL",Venezuela,4722,Colombia,4820,3,6,W,Venezuela,away,True,Colombia,,,,,,,,,,,,,,,,,"0,0",,,,,,,,,,,,,,,,,,,,,,,,,,
14169223,away,4-3-3,31715,Dayro Moreno,D. Moreno,F,"17,0",False,Colombia,,,0,0,0,0,0,,,,,,,0,0,,,2025-09-09 23:30:00,"World Cup Qualification, CONMEBOL",Venezuela,4722,Colombia,4820,3,6,W,Venezuela,away,True,Colombia,,,,,,,,,,,,,,,,,"0,0",,,,,,,,,,,,,,,,,,,,,,,,,,
14169217,home,4-2-3-1,125787,Camilo Vargas,C. Vargas,G,"12,0",True,Colombia,"7,4","90,0",0,0,0,0,0,"24,0","29,0","82,8","1,0","1,0",,0,0,,,2025-09-04 23:30:00,"World Cup Qualification, CONMEBOL",Colombia,4820,Bolivia,4746,3,0,W,Bolivia,home,True,Colombia,,"100,0",,,,,,,"11,0","6,0",,"4,0","1,0","5,0","1,0","5,0","0,0",,,,"35,0",,,,,,"0,0",,,"1,0",,"3,0",,,,,,,,,"0,0","24,0","5,0"
14169217,home,4-2-3-1,158583,Santiago Arias,S. Arias,D,"4,0",True,Colombia,"7,5","90,0",0,1,0,0,2,"56,0","59,0","94,9","3,0","6,0","1,0",0,0,,,2025-09-04 23:30:00,"World Cup Qualification, CONMEBOL",Colombia,4820,Bolivia,4746,3,0,W,Bolivia,home,True,Colombia,"3,0","50,0","2,0",,"2,0","100,0",,,"3,0","3,0","2,0","31,0","28,0","4,0","2,0","7,0","0,0",,,,"78,0","2,0","1,0",,,,"0,0",,,"1,0",,,,,,,,,,,"1,0","56,0","4,0"
14169217,home,4-2-3-1,566102,Davinson Sánchez,D. Sánchez,D,"6,0",True,Colombia,"7,5","90,0",0,0,1,0,1,"68,0","75,0","90,7","2,0","4,0","1,0",0,0,,,2025-09-04 23:30:00,"World Cup Qualification, CONMEBOL",Colombia,4820,Bolivia,4746,3,0,W,Bolivia,home,True,Colombia,"2,0","50,0",,,,,"2,0","1,0","11,0","7,0",,"35,0","29,0","3,0","3,0","8,0","1,0","1,0","1,0",,"85,0","1,0",,,,,"0,0",,"1,0",,,,,,,,,,"90,0","90,0","0,0","68,0","3,0"
14169217,home,4-2-3-1,818481,Jhon Lucumí,J. Lucumí,D,"26,0",True,Colombia,"7,5","90,0",0,0,0,0,0,"66,0","69,0","95,7","2,0","3,0","3,0",0,0,,,2025-09-04 23:30:00,"World Cup Qualification, CONMEBOL",Colombia,4820,Bolivia,4746,3,0,W,Bolivia,home,True,Colombia,"1,0","66,7",,,,,"1,0","1,0","8,0","6,0",,"34,0","32,0","4,0","4,0","3,0","0,0",,,,"79,0",,,"1,0","1,0",,"0,0",,"1,0",,,,,,,,,,,,"0,0","66,0","4,0"
14169217,home,4-2-3-1,344847,Johan Mojica,J. Mojica,D,"22,0",True,Colombia,"7,0","90,0",0,0,0,0,0,"45,0","50,0","90,0","1,0","3,0",,0,0,,,2025-09-04 23:30:00,"World Cup Qualification, CONMEBOL",Colombia,4820,Bolivia,4746,3,0,W,Bolivia,home,True,Colombia,"2,0","33,3",,"1,0","1,0","0,0","1,0","1,0","4,0","2,0","3,0","32,0","25,0","2,0",,"8,0","0,0",,,,"63,0","1,0",,,,,"0,0",,"1,0",,,,,,,,,,,,"0,0","45,0","2,0"
14169217,home,4-2-3-1,1015292,Richard Ríos,R. Ríos,M,"20,0",True,Colombia,"7,2","90,0",0,0,1,0,0,"25,0","30,0","83,3","6,0","12,0","1,0",0,0,,,2025-09-04 23:30:00,"World Cup Qualification, CONMEBOL",Colombia,4820,Bolivia,4746,3,0,W,Bolivia,home,True,Colombia,"6,0","50,0",,"1,0","1,0","0,0","5,0","5,0","2,0","2,0","1,0","12,0","8,0","8,0",,"10,0","1,0",,,,"47,0","2,0",,"1,0",,,"0,0",,"2,0","1,0",,,,,,,,,"90,0","90,0","0,0","25,0","8,0"
14169217,home,4-2-3-1,355796,Jefferson Lerma,J. Lerma,M,"8,0",True,Colombia,"7,1","82,0",0,0,0,1,0,"33,0","38,0","86,8","3,0","3,0","1,0",0,0,,,2025-09-04 23:30:00,"World Cup Qualification, CONMEBOL",Colombia,4820,Bolivia,4746,3,0,W,Bolivia,home,True,Colombia,,"100,0",,,,,"3,0","1,0","3,0","2,0",,"19,0","15,0","2,0","2,0","6,0","1,0",,,,"48,0","1,0",,,,,"0,0",,,,,,,,,,,,"82,0",,"0,0","36,2","2,2"
14169217,home,4-2-3-1,107414,James Rodríguez,J. Rodríguez,M,"10,0",True,Colombia,"8,5","61,0",1,0,2,0,3,"40,0","47,0","85,1","1,0","2,0",,0,0,,,2025-09-04 23:30:00,"World Cup Qualification, CONMEBOL",Colombia,4820,Bolivia,4746,3,0,W,Bolivia,home,True,Colombia,"1,0","50,0",,,,,,,"14,0","10,0","7,0","43,0","33,0","2,0",,"11,0","2,0",,"1,0",,"59,0",,,,,,"0,0",,"1,0","1,0",,,,,,,,,"30,5","30,5","1,48","59,0","3,0"
14169217,home,4-2-3-1,844096,Jhon Arias,J. Arias,M,"11,0",True,Colombia,"7,2","61,0",0,0,1,0,0,"14,0","19,0","73,7","3,0","3,0",,0,0,,,2025-09-04 23:30:00,"World Cup Qualification, CONMEBOL",Colombia,4820,Bolivia,4746,3,0,W,Bolivia,home,True,Colombia,,"100,0","1,0",,"1,0","100,0","2,0","1,0","1,0","1,0","4,0","19,0","11,0","4,0",,"10,0","1,0",,,,"29,0","2,0",,,,,"0,0",,,,,,,,,,,,"61,0","61,0","0,0","20,7","5,9"
14169217,home,4-2-3-1,883537,Luis Díaz,L. Díaz,M,"14,0",True,Colombia,"8,0","87,0",0,1,1,1,2,"26,0","32,0","81,2","11,0","20,0",,0,0,,,2025-09-04 23:30:00,"World Cup Qualification, CONMEBOL",Colombia,4820,Bolivia,4746,3,0,W,Bolivia,home,True,Colombia,"9,0","55,0","2,0","1,0","3,0","66,7","1,0","1,0","3,0","3,0","3,0","32,0","24,0","3,0",,"19,0","2,0",,"1,0",,"62,0","4,0","2,0","10,0","6,0",,"0,0",,"2,0","2,0",,,,,,,,,"43,5","87,0","1,03","26,9","3,1"
14169217,home,4-2-3-1,281253,Jhon Córdoba,J. Córdoba,F,"9,0",True,Colombia,"7,2","82,0",1,0,1,2,0,"4,0","4,0","100,0","2,0","8,0",,0,0,,,2025-09-04 23:30:00,"World Cup Qualification, CONMEBOL",Colombia,4820,Bolivia,4746,3,0,W,Bolivia,home,True,Colombia,"6,0","25,0","1,0","2,0","3,0","33,3",,,,,,"3,0","3,0","1,0",,"3,0","3,0","1,0",,,"12,0",,"2,0","1,0",,,"0,0",,"2,0","1,0","1,0",,,,,,,,"27,3","82,0","1,1","4,4","1,1"
14169217,home,4-2-3-1,221162,Juan Fernando Quintero,J. Quintero,M,"10,0",False,Colombia,"8,0","29,0",1,1,1,0,1,"14,0","17,0","82,4",,,,0,0,,,2025-09-04 23:30:00,"World Cup Qualification, CONMEBOL",Colombia,4820,Bolivia,4746,3,0,W,Bolivia,home,True,Colombia,,,,,,,,,"6,0","4,0",,"13,0","10,0","1,0",,"4,0","1,0",,,,"19,0","1,0",,,,,"0,0",,,,,,,,,,,,"29,0","29,0","6,21","43,4","3,1"
14169217,home,4-2-3-1,877299,Jaminton Campaz,Jaminton Campaz,M,"8,0",False,Colombia,"6,7","29,0",0,0,0,0,0,"8,0","9,0","88,9","2,0","3,0",,0,0,,,2025-09-04 23:30:00,"World Cup Qualification, CONMEBOL",Colombia,4820,Bolivia,4746,3,0,W,Bolivia,home,True,Colombia,"1,0","66,7",,,,,,,,,,"7,0","6,0","2,0",,"3,0","0,0",,,,"16,0","1,0","1,0","2,0","2,0",,"0,0",,,,,,,,,,,,,,"0,0","24,8","6,2"
14169217,home,4-2-3-1,980580,Juan Portilla,J. Portilla,M,"27,0",False,Colombia,"6,5","8,0",0,0,0,0,0,"7,0","8,0","87,5",,,,0,0,,,2025-09-04 23:30:00,"World Cup Qualification, CONMEBOL",Colombia,4820,Bolivia,4746,3,0,W,Bolivia,home,True,Colombia,,,,,,,,,,,,"5,0","4,0",,,"1,0","0,0",,,,"8,0",,,,,,"0,0",,,,,,,,,,,,,,"0,0","78,8","0,0"
14169217,home,4-2-3-1,31715,Dayro Moreno,D. Moreno,F,"17,0",False,Colombia,"6,7","8,0",0,0,0,0,1,"4,0","4,0","100,0",,,,0,0,,,2025-09-04 23:30:00,"World Cup Qualification, CONMEBOL",Colombia,4820,Bolivia,4746,3,0,W,Bolivia,home,True,Colombia,,,,,,,,,,,,"4,0","4,0",,,,"0,0",,,,"4,0",,,,,,"0,0",,,,,,,,,,,,,,"0,0","45,0","0,0"
14169217,home,4-2-3-1,972587,Marino Hinestroza,M. Hinestroza,M,"18,0",False,Colombia,,"3,0",0,0,0,0,0,"3,0","3,0","100,0","1,0","2,0",,0,0,,,2025-09-04 23:30:00,"World Cup Qualification, CONMEBOL",Colombia,4820,Bolivia,4746,3,0,W,Bolivia,home,True,Colombia,"1,0","50,0",,,,,"1,0","1,0",,,,"1,0","1,0",,,,"0,0",,,,"4,0",,,,,,"0,0",,,,,,,,,,,,,,"0,0","90,0","0,0"
14169217,home,4-2-3-1,33596,David Ospina,D. Ospina,G,"1,0",False,Colombia,,,0,0,0,0,0,,,,,,,0,0,,,2025-09-04 23:30:00,"World Cup Qualification, CONMEBOL",Colombia,4820,Bolivia,4746,3,0,W,Bolivia,home,True,Colombia,,,,,,,,,,,,,,,,,"0,0",,,,,,,,,,,,,,,,,,,,,,,,,,
14169217,home,4-2-3-1,876190,Kevin Mier,K. Mier,G,"23,0",False,Colombia,,,0,0,0,0,0,,,,,,,0,0,,,2025-09-04 23:30:00,"World Cup Qualification, CONMEBOL",Colombia,4820,Bolivia,4746,3,0,W,Bolivia,home,True,Colombia,,,,,,,,,,,,,,,,,"0,0",,,,,,,,,,,,,,,,,,,,,,,,,,
14169217,home,4-2-3-1,824511,Álvaro Angulo,Á. Angulo,D,"77,0",False,Colombia,,,0,0,0,0,0,,,,,,,0,0,,,2025-09-04 23:30:00,"World Cup Qualification, CONMEBOL",Colombia,4820,Bolivia,4746,3,0,W,Bolivia,home,True,Colombia,,,,,,,,,,,,,,,,,"0,0",,,,,,,,,,,,,,,,,,,,,,,,,,
14169217,home,4-2-3-1,360396,Yerry Mina,Y. Mina,D,"26,0",False,Colombia,,,0,0,0,0,0,,,,,,,0,0,,,2025-09-04 23:30:00,"World Cup Qualification, CONMEBOL",Colombia,4820,Bolivia,4746,3,0,W,Bolivia,home,True,Colombia,,,,,,,,,,,,,,,,,"0,0",,,,,,,,,,,,,,,,,,,,,,,,,,
14169217,home,4-2-3-1,870013,Andrés Román,A. Román,D,"6,0",False,Colombia,,,0,0,0,0,0,,,,,,,0,0,,,2025-09-04 23:30:00,"World Cup Qualification, CONMEBOL",Colombia,4820,Bolivia,4746,3,0,W,Bolivia,home,True,Colombia,,,,,,,,,,,,,,,,,"0,0",,,,,,,,,,,,,,,,,,,,,,,,,,
14169217,home,4-2-3-1,590392,Jorge Carrascal,J. Carrascal,M,"15,0",False,Colombia,,,0,0,0,0,0,,,,,,,0,0,,,2025-09-04 23:30:00,"World Cup Qualification, CONMEBOL",Colombia,4820,Bolivia,4746,3,0,W,Bolivia,home,True,Colombia,,,,,,,,,,,,,,,,,"0,0",,,,,,,,,,,,,,,,,,,,,,,,,,
14169217,home,4-2-3-1,914213,Luis Javier Suárez,L. J. Suárez ,F,"97,0",False,Colombia,,,0,0,0,0,0,,,,,,,0,0,,,2025-09-04 23:30:00,"World Cup Qualification, CONMEBOL",Colombia,4820,Bolivia,4746,3,0,W,Bolivia,home,True,Colombia,,,,,,,,,,,,,,,,,"0,0",,,,,,,,,,,,,,,,,,,,,,,,,,
13856224,away,4-3-3,876190,Kevin Mier,K. Mier,G,"23,0",True,Colombia,"6,7","90,0",0,0,0,0,0,"23,0","35,0","65,7",,,,0,0,,,2025-06-11 00:00:00,"World Cup Qualification, CONMEBOL",Argentina,4819,Colombia,4820,1,1,D,Argentina,away,True,Colombia,,,,,,,,,"15,0","3,0",,"11,0","2,0","3,0","1,0","12,0","0,0",,,,"40,0",,,,,,"0,0",,,,,"2,0",,,,,,,,,"0,0","23,0","3,0"
13856224,away,4-3-3,870360,Daniel Muñoz,D. Muñoz,M,"2,0",True,Colombia,"6,5","90,0",0,0,0,0,1,"16,0","21,0","76,2","4,0","9,0",,0,0,,,2025-06-11 00:00:00,"World Cup Qualification, CONMEBOL",Argentina,4819,Colombia,4820,1,1,D,Argentina,away,True,Colombia,"5,0","44,4","1,0",,"1,0","100,0",,,"1,0",,,"11,0","9,0","4,0","4,0","7,0","0,0",,,,"36,0","1,0","1,0","1,0","1,0",,"0,0",,"4,0","2,0",,,,,,,,,,,"0,0","16,0","4,0"
13856224,away,4-3-3,566102,Davinson Sánchez,D. Sánchez,D,"6,0",True,Colombia,"7,0","90,0",0,0,0,0,1,"37,0","44,0","84,1","5,0","8,0","2,0",0,0,,,2025-06-11 00:00:00,"World Cup Qualification, CONMEBOL",Argentina,4819,Colombia,4820,1,1,D,Argentina,away,True,Colombia,"3,0","62,5",,,,,"4,0","3,0","6,0","1,0",,"14,0","10,0","3,0","5,0","8,0","0,0",,,,"60,0",,"1,0",,,,"0,0",,"1,0","1,0",,,,,,,,,,,"0,0","37,0","3,0"
13856224,away,4-3-3,818481,Jhon Lucumí,J. Lucumí,D,"26,0",True,Colombia,"6,7","90,0",0,0,0,0,0,"48,0","52,0","92,3","1,0","3,0","1,0",0,0,,,2025-06-11 00:00:00,"World Cup Qualification, CONMEBOL",Argentina,4819,Colombia,4820,1,1,D,Argentina,away,True,Colombia,"2,0","33,3","1,0","2,0","3,0","33,3",,,"6,0","3,0",,"13,0","9,0","2,0","6,0","4,0","1,0",,,,"60,0",,,,,,"0,0",,,,,,,,,,,,"90,0",,"0,0","48,0","2,0"
13856224,away,4-3-3,822110,Deiver Machado,D. Machado,D,"27,0",True,Colombia,"6,6","90,0",0,0,0,1,1,"25,0","29,0","86,2","2,0","8,0",,0,0,,,2025-06-11 00:00:00,"World Cup Qualification, CONMEBOL",Argentina,4819,Colombia,4820,1,1,D,Argentina,away,True,Colombia,"6,0","25,0","1,0","1,0","2,0","50,0",,,"2,0","1,0","1,0","17,0","14,0","1,0","3,0","8,0","1,0","1,0","1,0",,"49,0","1,0","1,0",,,,"0,0",,,"1,0",,,,,,,,,"90,0",,"0,0","25,0","1,0"
13856224,away,4-3-3,1015292,Richard Ríos,R. Ríos,M,"20,0",True,Colombia,"6,5","90,0",0,0,1,1,0,"18,0","23,0","78,3","4,0","10,0",,0,0,,,2025-06-11 00:00:00,"World Cup Qualification, CONMEBOL",Argentina,4819,Colombia,4820,1,1,D,Argentina,away,True,Colombia,"6,0","40,0","1,0","1,0","2,0","50,0","1,0",,"3,0","3,0",,"8,0","7,0","2,0","4,0","11,0","2,0","1,0",,"1,0","42,0","2,0","3,0","1,0",,,"0,0",,"1,0","2,0",,,,,,,,,"45,0","90,0","0,0","18,0","2,0"
13856224,away,4-3-3,355796,Jefferson Lerma,J. Lerma,M,"8,0",True,Colombia,"6,8","90,0",0,0,0,0,0,"40,0","41,0","97,6","3,0","9,0",,0,0,,,2025-06-11 00:00:00,"World Cup Qualification, CONMEBOL",Argentina,4819,Colombia,4820,1,1,D,Argentina,away,True,Colombia,"6,0","33,3","1,0","2,0","3,0","33,3","1,0","1,0","5,0","5,0",,"22,0","21,0","4,0","2,0","2,0","0,0",,,,"48,0",,"1,0",,,,"0,0",,"3,0","1,0",,,,,,,,,,,"0,0","40,0","4,0"
13856224,away,4-3-3,1066915,Kevin Castaño,K. Castaño,M,"22,0",True,Colombia,"7,1","73,0",0,1,0,0,1,"29,0","32,0","90,6","4,0","9,0","1,0",0,0,,,2025-06-11 00:00:00,"World Cup Qualification, CONMEBOL",Argentina,4819,Colombia,4820,1,1,D,Argentina,away,True,Colombia,"5,0","44,4",,,,,"2,0","2,0",,,,"16,0","16,0","3,0",,"4,0","0,0",,"1,0",,"43,0",,,"1,0",,,"0,0",,"1,0","2,0",,,,,,,,,,,"1,23","35,8","3,7"
13856224,away,4-3-3,107414,James Rodríguez,J. Rodríguez,M,"10,0",True,Colombia,"7,0","73,0",0,0,0,0,2,"19,0","24,0","79,2","3,0","4,0",,0,0,,,2025-06-11 00:00:00,"World Cup Qualification, CONMEBOL",Argentina,4819,Colombia,4820,1,1,D,Argentina,away,True,Colombia,"1,0","75,0","1,0",,"1,0","100,0","1,0",,"1,0","1,0","5,0","20,0","13,0","3,0","2,0","11,0","0,0",,"1,0",,"36,0",,"1,0",,,,"0,0",,,"1,0",,,,,,,,,,,"0,0","23,4","3,7"
13856224,away,4-3-3,883537,Luis Díaz,L. Díaz,M,"14,0",True,Colombia,"8,1","90,0",1,0,2,0,2,"12,0","15,0","80,0","12,0","18,0","1,0",0,0,,,2025-06-11 00:00:00,"World Cup Qualification, CONMEBOL",Argentina,4819,Colombia,4820,1,1,D,Argentina,away,True,Colombia,"6,0","66,7","2,0","1,0","3,0","66,7","2,0","2,0","1,0","1,0","1,0","11,0","8,0","6,0","1,0","10,0","5,0","1,0","1,0",,"42,0","3,0",,"9,0","5,0",,"0,0",,"1,0","3,0","1,0",,,,,,,,"18,0","45,0","1,0","12,0","6,0"
13856224,away,4-3-3,877299,Jaminton Campaz,Jaminton Campaz,M,"8,0",True,Colombia,"6,3","57,0",0,0,0,0,1,"14,0","18,0","77,8","1,0","10,0","1,0",0,0,,,2025-06-11 00:00:00,"World Cup Qualification, CONMEBOL",Argentina,4819,Colombia,4820,1,1,D,Argentina,away,True,Colombia,"9,0","10,0",,"1,0","1,0","0,0",,,,,"1,0","13,0","10,0","5,0","1,0","10,0","0,0",,,,"31,0","1,0","2,0","2,0",,,"0,0",,,"1,0",,,,,,,,,,,"0,0","22,1","7,9"
13856224,away,4-3-3,870013,Andrés Román,A. Román,D,"6,0",False,Colombia,"6,4","33,0",0,0,1,0,0,"1,0","1,0","100,0",,"1,0",,0,0,,,2025-06-11 00:00:00,"World Cup Qualification, CONMEBOL",Argentina,4819,Colombia,4820,1,1,D,Argentina,away,True,Colombia,"1,0","0,0",,,,,,,,,,"1,0","1,0",,,"1,0","1,0","1,0",,,"3,0","1,0",,,,,"0,0",,"1,0",,,,,,,,,,"33,0","33,0","0,0","2,7","0,0"
13856224,away,4-3-3,844096,Jhon Arias,J. Arias,M,"11,0",False,Colombia,"6,4","17,0",0,0,1,0,0,"5,0","6,0","83,3","1,0","4,0",,0,0,,,2025-06-11 00:00:00,"World Cup Qualification, CONMEBOL",Argentina,4819,Colombia,4820,1,1,D,Argentina,away,True,Colombia,"3,0","25,0",,,,,,,,,"2,0","5,0","2,0",,,"5,0","1,0",,,,"13,0",,"1,0","1,0",,,"0,0",,,"1,0",,,,,,,,,"17,0","17,0","0,0","26,5","0,0"
13856224,away,4-3-3,818936,Rafael Carrascal,R. Carrascal,M,"15,0",False,Colombia,"6,7","17,0",0,0,0,0,0,"4,0","4,0","100,0","1,0","1,0",,0,0,,,2025-06-11 00:00:00,"World Cup Qualification, CONMEBOL",Argentina,4819,Colombia,4820,1,1,D,Argentina,away,True,Colombia,,"100,0",,,,,,,,,,"4,0","4,0","1,0","1,0","2,0","0,0",,,,"9,0","2,0",,,,,"0,0",,,"1,0",,,,,,,,,,,"0,0","21,2","5,3"
13856224,away,4-3-3,125787,Camilo Vargas,C. Vargas,G,"12,0",False,Colombia,,,0,0,0,0,0,,,,,,,0,0,,,2025-06-11 00:00:00,"World Cup Qualification, CONMEBOL",Argentina,4819,Colombia,4820,1,1,D,Argentina,away,True,Colombia,,,,,,,,,,,,,,,,,"0,0",,,,,,,,,,,,,,,,,,,,,,,,,,
13856224,away,4-3-3,33596,David Ospina,D. Ospina,G,"1,0",False,Colombia,,,0,0,0,0,0,,,,,,,0,0,,,2025-06-11 00:00:00,"World Cup Qualification, CONMEBOL",Argentina,4819,Colombia,4820,1,1,D,Argentina,away,True,Colombia,,,,,,,,,,,,,,,,,"0,0",,,,,,,,,,,,,,,,,,,,,,,,,,
13856224,away,4-3-3,831038,Cristián Borja,C. Borja,D,"26,0",False,Colombia,,,0,0,0,0,0,,,,,,,0,0,,,2025-06-11 00:00:00,"World Cup Qualification, CONMEBOL",Argentina,4819,Colombia,4820,1,1,D,Argentina,away,True,Colombia,,,,,,,,,,,,,,,,,"0,0",,,,,,,,,,,,,,,,,,,,,,,,,,
13856224,away,4-3-3,360396,Yerry Mina,Y. Mina,D,"26,0",False,Colombia,,,0,0,0,0,0,,,,,,,0,0,,,2025-06-11 00:00:00,"World Cup Qualification, CONMEBOL",Argentina,4819,Colombia,4820,1,1,D,Argentina,away,True,Colombia,,,,,,,,,,,,,,,,,"0,0",,,,,,,,,,,,,,,,,,,,,,,,,,
13856224,away,4-3-3,972587,Marino Hinestroza,M. Hinestroza,M,"18,0",False,Colombia,,,0,0,0,0,0,,,,,,,0,0,,,2025-06-11 00:00:00,"World Cup Qualification, CONMEBOL",Argentina,4819,Colombia,4820,1,1,D,Argentina,away,True,Colombia,,,,,,,,,,,,,,,,,"0,0",,,,,,,,,,,,,,,,,,,,,,,,,,
13856224,away,4-3-3,590392,Jorge Carrascal,J. Carrascal,M,"15,0",False,Colombia,,,0,0,0,0,0,,,,,,,0,0,,,2025-06-11 00:00:00,"World Cup Qualification, CONMEBOL",Argentina,4819,Colombia,4820,1,1,D,Argentina,away,True,Colombia,,,,,,,,,,,,,,,,,"0,0",,,,,,,,,,,,,,,,,,,,,,,,,,
13856224,away,4-3-3,1174889,Gustavo Puerta,G. Puerta,M,"19,0",False,Colombia,,,0,0,0,0,0,,,,,,,0,0,,,2025-06-11 00:00:00,"World Cup Qualification, CONMEBOL",Argentina,4819,Colombia,4820,1,1,D,Argentina,away,True,Colombia,,,,,,,,,,,,,,,,,"0,0",,,,,,,,,,,,,,,,,,,,,,,,,,
13856224,away,4-3-3,887055,Cucho Hernández,C. Hernández,F,"19,0",False,Colombia,,,0,0,0,0,0,,,,,,,0,0,,,2025-06-11 00:00:00,"World Cup Qualification, CONMEBOL",Argentina,4819,Colombia,4820,1,1,D,Argentina,away,True,Colombia,,,,,,,,,,,,,,,,,"0,0",,,,,,,,,,,,,,,,,,,,,,,,,,
13856224,away,4-3-3,914213,Luis Javier Suárez,L. J. Suárez ,F,"97,0",False,Colombia,,,0,0,0,0,0,,,,,,,0,0,,,2025-06-11 00:00:00,"World Cup Qualification, CONMEBOL",Argentina,4819,Colombia,4820,1,1,D,Argentina,away,True,Colombia,,,,,,,,,,,,,,,,,"0,0",,,,,,,,,,,,,,,,,,,,,,,,,,
16118858,home,4-2-3-1,263651,Juan Musso,J. Musso,G,"1,0",True,Argentina,"6,5","81,0",0,0,0,0,0,"10,0","13,0","76,9",,,,0,0,,,2026-06-07 00:00:00,Int. Friendly Games,Argentina,4819,Honduras,4827,2,0,W,Honduras,home,True,Argentina,,,,,,,,,"3,0",,,"1,0",,"2,0",,"3,0","0,0",,,,"13,0",,,,,"5,0","28,1","0,0",,,,,,,"-0,01","0,0","0,0",,,,"0,0","11,1","2,2"
16118858,home,4-2-3-1,1106603,Agustín Giay,A. Giay,D,"4,0",True,Argentina,"7,1","90,0",0,0,0,0,2,"50,0","53,0","94,3","4,0","9,0",,0,0,,,2026-06-07 00:00:00,Int. Friendly Games,Argentina,4819,Honduras,4827,2,0,W,Honduras,home,True,Argentina,"5,0","44,4",,"1,0","1,0","0,0","3,0","2,0","3,0","3,0","2,0","33,0","30,0","1,0","1,0","5,0","0,0",,,,"72,0",,,"1,0",,"14,0","105,1","1,0","3,0","1,0",,,,,"0,16","0,04","0,18",,,,"0,0","50,0","1,0"
16118858,home,4-2-3-1,74915,Nicolás Otamendi,N. Otamendi,D,"30,0",True,Argentina,"7,1","86,0",0,0,0,1,0,"58,0","61,0","95,1","2,0","4,0","2,0",0,0,,,2026-06-07 00:00:00,Int. Friendly Games,Argentina,4819,Honduras,4827,2,0,W,Honduras,home,True,Argentina,"2,0","50,0","1,0","2,0","3,0","33,3","1,0",,"3,0","2,0",,"24,0","21,0","3,0","1,0","3,0","1,0",,,,"69,0",,,,,"29,0","246,6","1,0",,,,,,"-0,05","0,12","0,18","0,19",,"86,0",,"0,0","60,7","3,1"
16118858,home,4-2-3-1,859999,Lisandro Martínez,L. Martínez,D,"6,0",True,Argentina,"7,1","63,0",0,0,0,1,0,"63,0","63,0","100,0","2,0","4,0",,0,0,,,2026-06-07 00:00:00,Int. Friendly Games,Argentina,4819,Honduras,4827,2,0,W,Honduras,home,True,Argentina,"2,0","50,0","2,0","1,0","3,0","66,7",,,"1,0","1,0",,"30,0","30,0","4,0","2,0",,"1,0",,,,"66,0",,,,,"23,0","173,8","0,0","1,0",,,,,"-0,19","0,26","0,22","0,19",,"63,0",,"0,0","90,0","5,7"
16118858,home,4-2-3-1,158243,Nicolás Tagliafico,N. Tagliafico,D,"3,0",True,Argentina,"7,3","45,0",0,0,0,0,0,"22,0","23,0","95,7","3,0","3,0",,0,0,,,2026-06-07 00:00:00,Int. Friendly Games,Argentina,4819,Honduras,4827,2,0,W,Honduras,home,True,Argentina,,"100,0","1,0",,"1,0","100,0",,,"1,0","1,0",,"14,0","13,0","1,0","1,0","2,0","0,0",,,,"32,0","1,0",,,,"5,0","19,0","0,0",,"2,0",,,,,"-0,02","0,08","0,13",,,,"0,0","44,0","2,0"
16118858,home,4-2-3-1,1127057,Valentín Barco,V. Barco,M,"32,0",True,Argentina,"7,1","45,0",0,0,0,0,1,"51,0","55,0","92,7","4,0","7,0","1,0",0,0,,,2026-06-07 00:00:00,Int. Friendly Games,Argentina,4819,Honduras,4827,2,0,W,Honduras,home,True,Argentina,"3,0","57,1",,,,,"1,0","1,0","2,0","1,0",,"37,0","33,0","4,0",,"6,0","0,0",,,,"66,0","1,0",,"1,0",,"26,0","144,0","0,0","2,0","3,0",,,,,"0,3","0,09","0,2",,,,"0,0","102,0","8,0"
16118858,home,4-2-3-1,822600,Exequiel Palacios,E. Palacios,M,"25,0",True,Argentina,"7,3","81,0",0,0,0,0,1,"114,0","115,0","99,1","2,0","6,0","1,0",0,0,,,2026-06-07 00:00:00,Int. Friendly Games,Argentina,4819,Honduras,4827,2,0,W,Honduras,home,True,Argentina,"4,0","33,3","1,0",,"1,0","100,0",,,"2,0","2,0",,"81,0","80,0","5,0",,"3,0","0,0",,,,"120,0",,"1,0","1,0",,"38,0","256,6","0,0","1,0","1,0",,,,,"0,42","0,19","-0,04",,,,"0,0","126,7","5,6"
16118858,home,4-2-3-1,798835,Giovani Lo Celso,G. Lo Celso,M,"20,0",True,Argentina,"7,8","62,0",0,0,1,1,2,"51,0","59,0","86,4","1,0","4,0",,0,0,,,2026-06-07 00:00:00,Int. Friendly Games,Argentina,4819,Honduras,4827,2,0,W,Honduras,home,True,Argentina,"3,0","25,0",,,,,,,"2,0","1,0","3,0","47,0","40,0",,,"14,0","4,0",,,"1,0","73,0","1,0","1,0","1,0",,"22,0","197,2","2,0",,"1,0",,,,"-0,52","0,97","0,27","-0,06",,"15,5","62,0","0,0","74,0","0,0"
16118858,home,4-2-3-1,944660,Thiago Almada,T. Almada,M,"11,0",True,Argentina,"7,9","62,0",0,0,1,1,2,"60,0","62,0","96,8","1,0","4,0",,0,0,,,2026-06-07 00:00:00,Int. Friendly Games,Argentina,4819,Honduras,4827,2,0,W,Honduras,home,True,Argentina,"3,0","25,0",,,,,"1,0","1,0","2,0","2,0","1,0","48,0","46,0","1,0",,"5,0","2,0",,,,"70,0",,"2,0","1,0",,"20,0","157,1","1,0",,,,,,"0,21","0,68","0,2","0,13",,"31,0","62,0","0,0","87,1","1,5"
16118858,home,4-2-3-1,1099352,Giuliano Simeone,G. Simeone,M,"20,0",True,Argentina,"9,0","82,0",1,0,3,1,5,"31,0","33,0","93,9","3,0","11,0",,0,0,,,2026-06-07 00:00:00,Int. Friendly Games,Argentina,4819,Honduras,4827,2,0,W,Honduras,home,True,Argentina,"8,0","27,3","1,0","1,0","2,0","50,0","1,0","1,0",,,"2,0","25,0","24,0","2,0",,"10,0","4,0","1,0",,,"53,0","2,0","1,0","6,0","1,0","15,0","118,7","4,0","1,0",,,,,"0,27","0,6","0,43","0,14",,"20,5","27,3","1,1","34,0","2,2"
16118858,home,4-2-3-1,823984,Lautaro Martínez,L. Martínez,F,"10,0",True,Argentina,"7,2","63,0",1,1,2,0,2,"26,0","30,0","86,7","4,0","13,0",,0,0,,,2026-06-07 00:00:00,Int. Friendly Games,Argentina,4819,Honduras,4827,2,0,W,Honduras,home,True,Argentina,"9,0","30,8","1,0",,"1,0","100,0","2,0","2,0",,,,"24,0","21,0","4,0",,"10,0","3,0",,"1,0",,"44,0",,"3,0","4,0","1,0","10,0","90,6","2,0","2,0",,,,,"0,29","0,07","0,22","-0,03",,"21,0","31,5","2,86","37,1","5,7"
16118858,home,4-2-3-1,860307,Facundo Medina,F. Medina,D,"32,0",False,Argentina,"7,1","45,0",0,0,0,0,1,"34,0","35,0","97,1","3,0","6,0",,0,0,,,2026-06-07 00:00:00,Int. Friendly Games,Argentina,4819,Honduras,4827,2,0,W,Honduras,home,True,Argentina,"3,0","50,0","1,0",,"1,0","100,0","1,0","1,0","2,0","1,0",,"20,0","19,0","4,0","1,0","2,0","1,0",,,,"43,0",,,,,"10,0","70,3","0,0","2,0","1,0",,,,"-0,14","0,3","0,02","-0,03",,"45,0",,"0,0","68,0","8,0"
16118858,home,4-2-3-1,249399,Rodrigo De Paul,R. De Paul,M,"7,0",False,Argentina,"8,0","45,0",0,0,0,0,0,"85,0","90,0","94,4",,"1,0",,0,0,,,2026-06-07 00:00:00,Int. Friendly Games,Argentina,4819,Honduras,4827,2,0,W,Honduras,home,True,Argentina,"1,0","0,0",,,,,,,"2,0","1,0","3,0","75,0","70,0","1,0",,"7,0","1,0",,,,"96,0",,,,,"38,0","290,4","3,0","1,0",,,,,"-0,04","0,81","0,4","-0,03",,"45,0",,"0,0","170,0","2,0"
16118858,home,4-2-3-1,974505,Enzo Fernández,E. Fernández,M,"8,0",False,Argentina,"6,9","28,0",0,0,0,0,0,"26,0","28,0","92,9","2,0","3,0",,0,0,,,2026-06-07 00:00:00,Int. Friendly Games,Argentina,4819,Honduras,4827,2,0,W,Honduras,home,True,Argentina,"1,0","66,7",,,,,,,"2,0","2,0",,"23,0","21,0","1,0",,"3,0","0,0",,,,"31,0",,"1,0",,,"14,0","108,3","1,0",,"2,0",,,,,"0,08","0,21","0,0",,,,"0,0","83,6","3,2"
16118858,home,4-2-3-1,895324,Alexis Mac Allister,A. Mac Allister,M,"10,0",False,Argentina,"6,8","28,0",0,0,0,1,0,"14,0","16,0","87,5","2,0","3,0",,0,0,,,2026-06-07 00:00:00,Int. Friendly Games,Argentina,4819,Honduras,4827,2,0,W,Honduras,home,True,Argentina,"1,0","66,7",,"1,0","1,0","0,0","2,0","1,0","2,0","1,0","1,0","9,0","8,0","1,0",,"4,0","1,0",,,,"23,0","1,0",,,,"9,0","61,6","0,0",,,,,,"-0,47","0,09","0,06","0,25",,"28,0",,"0,0","45,0","3,2"
16118858,home,4-2-3-1,829932,Cristian Romero,C. Romero,D,"17,0",False,Argentina,"6,9","27,0",0,0,0,1,0,"28,0","29,0","96,6","1,0","2,0",,0,0,,,2026-06-07 00:00:00,Int. Friendly Games,Argentina,4819,Honduras,4827,2,0,W,Honduras,home,True,Argentina,"1,0","50,0","1,0",,"1,0","100,0",,,"1,0",,,"17,0","16,0","1,0",,"1,0","1,0",,,,"30,0",,,,,"18,0","125,3","0,0",,,,,,"-0,18","0,23","0,14","-0,04",,"27,0",,"0,0","93,3","3,3"
16118858,home,4-2-3-1,1094179,José Manuel López,J. López,F,"42,0",False,Argentina,"6,2","27,0",0,0,0,0,0,"3,0","3,0","100,0",,"2,0",,0,0,,,2026-06-07 00:00:00,Int. Friendly Games,Argentina,4819,Honduras,4827,2,0,W,Honduras,home,True,Argentina,"2,0","0,0",,"1,0","1,0","0,0",,,,,,"3,0","3,0",,,"4,0","0,0",,,,"8,0","3,0",,,,"2,0","12,9","0,0","1,0",,,,,,"-0,09","0,0","0,0",,,,"0,0","10,0","0,0"
16118858,home,4-2-3-1,1485255,Santiago Beltrán,S. Beltrán,G,"41,0",False,Argentina,"6,5","9,0",0,0,0,0,0,,,,,,,0,0,,,2026-06-07 00:00:00,Int. Friendly Games,Argentina,4819,Honduras,4827,2,0,W,Honduras,home,True,Argentina,,,,,,,,,,,,,,"1,0",,,"0,0",,,,"2,0",,,,,,"0,0",,,,,,,,"0,0",,"0,14",,,,"0,0","0,0","10,0"
16118858,home,4-2-3-1,2050771,Tomás Aranda,T. Aranda,M,"36,0",False,Argentina,"6,8","9,0",0,0,1,0,1,"10,0","11,0","90,9","1,0","1,0",,0,0,,,2026-06-07 00:00:00,Int. Friendly Games,Argentina,4819,Honduras,4827,2,0,W,Honduras,home,True,Argentina,,"100,0",,,,,,,,,"1,0","9,0","9,0","1,0",,"1,0","1,0",,,,"16,0",,,,,"6,0","60,7","2,0",,"1,0",,,,"-0,09","0,14","0,11","0,14",,"9,0","9,0","0,0","100,0","10,0"
16118858,home,4-2-3-1,973564,Nicolás Capaldo,N. Capaldo,D,"24,0",False,Argentina,"6,4","8,0",0,0,0,0,1,"6,0","6,0","100,0",,"2,0",,0,0,,,2026-06-07 00:00:00,Int. Friendly Games,Argentina,4819,Honduras,4827,2,0,W,Honduras,home,True,Argentina,"2,0","0,0",,,,,,,,,,"4,0","4,0","1,0",,"1,0","0,0",,,,"8,0","1,0",,,,"1,0","8,8","0,0","2,0",,"1,0",,,,"-0,05","0,0","0,0",,,,"0,0","67,5","11,2"
16118858,home,4-2-3-1,2173803,Joaquín Freitas,J. Freitas,F,"35,0",False,Argentina,"6,4","9,0",0,0,0,0,0,"4,0","4,0","100,0",,,,0,0,,,2026-06-07 00:00:00,Int. Friendly Games,Argentina,4819,Honduras,4827,2,0,W,Honduras,home,True,Argentina,,,,,,,,,,,"1,0","3,0","3,0",,,"1,0","0,0",,,,"5,0",,,,,"1,0","16,0","0,0",,,,,,,"-0,05","-0,48","0,0",,,,"0,0","40,0","0,0"
16118858,home,4-2-3-1,128383,Gerónimo Rulli,G. Rulli,G,"1,0",False,Argentina,,,0,0,0,0,0,,,,,,,0,0,,,2026-06-07 00:00:00,Int. Friendly Games,Argentina,4819,Honduras,4827,2,0,W,Honduras,home,True,Argentina,,,,,,,,,,,,,,,,,"0,0",,,,,,,,,,,,,,,,,,,,,,,,,,
16118858,home,4-2-3-1,2048634,Ignacio Ovando,I. Ovando,D,"46,0",False,Argentina,,,0,0,0,0,0,,,,,,,0,0,,,2026-06-07 00:00:00,Int. Friendly Games,Argentina,4819,Honduras,4827,2,0,W,Honduras,home,True,Argentina,,,,,,,,,,,,,,,,,"0,0",,,,,,,,,,,,,,,,,,,,,,,,,,
16118858,home,4-2-3-1,2199217,Simon Escobar,S. Escobar,D,"18,0",False,Argentina,,,0,0,0,0,0,,,,,,,0,0,,,2026-06-07 00:00:00,Int. Friendly Games,Argentina,4819,Honduras,4827,2,0,W,Honduras,home,True,Argentina,,,,,,,,,,,,,,,,,"0,0",,,,,,,,,,,,,,,,,,,,,,,,,,
16118858,home,4-2-3-1,901325,Nicolás González,N. González,M,"23,0",False,Argentina,,,0,0,0,0,0,,,,,,,0,0,,,2026-06-07 00:00:00,Int. Friendly Games,Argentina,4819,Honduras,4827,2,0,W,Honduras,home,True,Argentina,,,,,,,,,,,,,,,,,"0,0",,,,,,,,,,,,,,,,,,,,,,,,,,
16118858,home,4-2-3-1,12994,Lionel Messi,L. Messi,F,"10,0",False,Argentina,,,0,0,0,0,0,,,,,,,0,0,,,2026-06-07 00:00:00,Int. Friendly Games,Argentina,4819,Honduras,4827,2,0,W,Honduras,home,True,Argentina,,,,,,,,,,,,,,,,,"0,0",,,,,,,,,,,,,,,,,,,,,,,,,,
15884050,home,4-3-3,158263,Emiliano Martínez,E. Martínez,G,"23,0",True,Argentina,"6,7","74,0",0,0,0,0,0,"13,0","14,0","92,9",,,,0,0,,,2026-03-31 23:30:00,Int. Friendly Games,Argentina,4819,Zambia,4720,5,0,W,Zambia,home,True,Argentina,,,,,,,,,"2,0","1,0",,,,"3,0",,"1,0","0,0",,,,"17,0",,,,,"6,0","39,9","0,0",,,,"1,0","0,0263",,"-0,01","0,01","-0,01","0,03",,,"0,0","15,8","3,6"
15884050,home,4-3-3,831799,Nahuel Molina,N. Molina,D,"16,0",True,Argentina,"6,9","90,0",0,0,0,0,0,"59,0","65,0","90,8","1,0","5,0","2,0",0,0,,,2026-03-31 23:30:00,Int. Friendly Games,Argentina,4819,Zambia,4720,5,0,W,Zambia,home,True,Argentina,"4,0","20,0",,,,,"1,0","1,0","2,0","2,0","3,0","35,0","33,0","6,0","2,0","9,0","0,0",,,,"84,0","1,0",,,,"18,0","105,1","0,0","2,0",,"1,0",,,,"0,15","0,08","-0,04",,,,"0,0","59,0","6,0"
15884050,home,4-3-3,829932,Cristian Romero,C. Romero,D,"17,0",True,Argentina,"8,1","90,0",0,0,0,0,0,"96,0","97,0","99,0","7,0","8,0","1,0",0,0,,,2026-03-31 23:30:00,Int. Friendly Games,Argentina,4819,Zambia,4720,5,0,W,Zambia,home,True,Argentina,"1,0","87,5","1,0","1,0","2,0","50,0","6,0","5,0","3,0","2,0",,"38,0","38,0","7,0","2,0","1,0","0,0",,,,"107,0",,,,,"25,0","174,4","2,0",,,,,,,"0,33","0,17","0,4",,,,"0,0","96,0","7,0"
15884050,home,4-3-3,74915,Nicolás Otamendi,N. Otamendi,D,"30,0",True,Argentina,"8,0","69,0",1,0,1,0,0,"78,0","82,0","95,1","1,0","1,0",,0,0,,,2026-03-31 23:30:00,Int. Friendly Games,Argentina,4819,Zambia,4720,5,0,W,Zambia,home,True,Argentina,,"100,0",,,,,"1,0","1,0","5,0","5,0",,"34,0","33,0","2,0","3,0","4,0","1,0",,,,"88,0",,,,,"38,0","279,8","0,0",,,,,,"0,32","0,22","0,22","0,32",,"69,0","69,0","1,3","101,7","2,6"
15884050,home,4-3-3,158243,Nicolás Tagliafico,N. Tagliafico,D,"3,0",True,Argentina,"6,7","54,0",0,0,0,0,0,"36,0","36,0","100,0","1,0","1,0",,0,0,,,2026-03-31 23:30:00,Int. Friendly Games,Argentina,4819,Zambia,4720,5,0,W,Zambia,home,True,Argentina,,"100,0",,,,,"1,0",,,,"1,0","23,0","23,0","1,0",,"1,0","0,0",,,,"39,0",,,,,"9,0","45,9","0,0",,,,,,,"-0,09","-0,52","0,0",,,,"0,0","60,0","1,7"
15884050,home,4-3-3,895324,Alexis Mac Allister,A. Mac Allister,M,"10,0",True,Argentina,"6,9","53,0",0,1,0,0,1,"50,0","57,0","87,7","1,0","3,0",,0,0,,,2026-03-31 23:30:00,Int. Friendly Games,Argentina,4819,Zambia,4720,5,0,W,Zambia,home,True,Argentina,"2,0","33,3",,"1,0","1,0","0,0","1,0",,"1,0",,,"37,0","30,0",,"1,0","9,0","0,0",,"1,0",,"65,0","2,0",,,,"12,0","110,9","2,0",,,,,,,"0,25","0,17","0,15",,,,"1,7","84,9","0,0"
15884050,home,4-3-3,255389,Leandro Paredes,L. Paredes,M,"5,0",True,Argentina,"7,8","54,0",0,0,0,0,1,"100,0","101,0","99,0",,,,0,0,,,2026-03-31 23:30:00,Int. Friendly Games,Argentina,4819,Zambia,4720,5,0,W,Zambia,home,True,Argentina,,,,,,,,,"6,0","6,0",,"70,0","69,0","3,0","1,0","3,0","0,0",,,,"104,0",,,,,"28,0","154,0","0,0",,,,,,,"0,57","0,19","0,17",,,,"0,0","166,7","5,0"
15884050,home,4-3-3,974505,Enzo Fernández,E. Fernández,M,"8,0",True,Argentina,"7,4","74,0",0,0,1,0,0,"90,0","93,0","96,8","3,0","6,0","1,0",0,0,,,2026-03-31 23:30:00,Int. Friendly Games,Argentina,4819,Zambia,4720,5,0,W,Zambia,home,True,Argentina,"3,0","50,0",,,,,"1,0","1,0","6,0","6,0",,"49,0","47,0","4,0",,"5,0","1,0",,,,"101,0",,,"1,0",,"28,0","222,1","3,0","1,0","2,0",,,,"-0,09","0,29","0,26","-0,02",,"74,0","74,0","0,0","109,5","4,9"
15884050,home,4-3-3,12994,Lionel Messi,L. Messi,F,"10,0",True,Argentina,"8,9","90,0",1,0,1,1,3,"63,0","75,0","84,0","6,0","15,0",,0,0,,,2026-03-31 23:30:00,Int. Friendly Games,Argentina,4819,Zambia,4720,5,0,W,Zambia,home,True,Argentina,"9,0","40,0",,"1,0","1,0","0,0",,,"8,0","5,0","1,0","59,0","47,0","1,0",,"23,0","3,0",,,,"98,0","3,0","1,0","10,0","5,0","24,0","165,4","3,0",,"1,0","2,0",,,"0,44","1,0","0,26","-0,1",,"30,0","90,0","1,0","63,0","1,0"
15884050,home,4-3-3,944656,Julián Alvarez,J. Álvarez,F,"19,0",True,Argentina,"7,3","70,0",1,0,1,0,1,"29,0","33,0","87,9","1,0","2,0",,0,0,,,2026-03-31 23:30:00,Int. Friendly Games,Argentina,4819,Zambia,4720,5,0,W,Zambia,home,True,Argentina,"1,0","50,0",,,,,,,,,"1,0","26,0","22,0","3,0",,"6,0","1,0",,,,"38,0",,,"2,0","1,0","12,0","85,2","1,0",,,,,,"0,49","-0,27","0,02","0,14",,"70,0","70,0","1,29","37,3","3,9"
15884050,home,4-3-3,944660,Thiago Almada,T. Almada,M,"11,0",True,Argentina,"7,7","74,0",0,1,0,0,1,"62,0","68,0","91,2","3,0","4,0",,0,0,,,2026-03-31 23:30:00,Int. Friendly Games,Argentina,4819,Zambia,4720,5,0,W,Zambia,home,True,Argentina,"1,0","75,0",,,,,"1,0","1,0","2,0","1,0","1,0","52,0","47,0","3,0",,"8,0","0,0",,,,"75,0",,,"1,0","1,0","29,0","188,9","3,0",,"1,0",,,,,"0,39","0,28","-0,06",,,,"1,22","75,4","3,6"
15884050,home,4-3-3,249399,Rodrigo De Paul,R. De Paul,M,"7,0",False,Argentina,"6,9","37,0",0,0,0,0,0,"48,0","51,0","94,1","1,0","2,0",,0,0,,,2026-03-31 23:30:00,Int. Friendly Games,Argentina,4819,Zambia,4720,5,0,W,Zambia,home,True,Argentina,"1,0","50,0",,,,,"1,0",,"3,0","2,0",,"27,0","25,0","1,0","1,0","3,0","1,0",,,,"54,0",,,,,"14,0","78,4","0,0",,,,,,"-0,23","0,29","-0,49","-0,03",,"37,0",,"0,0","116,8","2,4"
15884050,home,4-3-3,901325,Nicolás González,N. González,M,"23,0",False,Argentina,"7,0","36,0",0,1,0,0,1,"18,0","21,0","85,7","1,0","1,0","1,0",0,0,,,2026-03-31 23:30:00,Int. Friendly Games,Argentina,4819,Zambia,4720,5,0,W,Zambia,home,True,Argentina,,"100,0","1,0",,"1,0","100,0",,,"1,0",,,"12,0","10,0","1,0","1,0","3,0","0,0",,"1,0",,"27,0",,,,,"4,0","42,7","0,0",,,,,,,"0,4","-0,57","0,16",,,,"2,5","45,0","2,5"
15884050,home,4-3-3,1127057,Valentín Barco,V. Barco,M,"32,0",False,Argentina,"7,8","36,0",1,0,1,0,1,"22,0","24,0","91,7","5,0","7,0",,0,0,,,2026-03-31 23:30:00,Int. Friendly Games,Argentina,4819,Zambia,4720,5,0,W,Zambia,home,True,Argentina,"2,0","71,4",,,,,"2,0",,"1,0","1,0","1,0","12,0","11,0",,,"3,0","1,0",,,,"31,0",,,,,"13,0","114,7","0,0","1,0","3,0",,,,"0,44","0,11","0,05","-0,06",,"36,0","36,0","2,5","55,0","0,0"
15884050,home,4-3-3,795297,Lucas Martínez Quarta,L. Martinez Quarta,D,"28,0",False,Argentina,"6,7","21,0",0,0,0,0,0,"21,0","22,0","95,5",,"2,0",,0,0,,,2026-03-31 23:30:00,Int. Friendly Games,Argentina,4819,Zambia,4720,5,0,W,Zambia,home,True,Argentina,"2,0","0,0",,"1,0","1,0","0,0",,,"2,0","1,0",,"5,0","4,0",,"1,0","2,0","0,0",,,,"25,0","1,0",,,,"9,0","58,8","0,0","1,0",,,,,,"0,06","0,0","0,17",,,,"0,0","90,0","0,0"
15884050,home,4-3-3,1099352,Giuliano Simeone,G. Simeone,M,"20,0",False,Argentina,"6,5","20,0",0,0,0,0,0,"2,0","2,0","100,0","2,0","4,0",,0,0,,,2026-03-31 23:30:00,Int. Friendly Games,Argentina,4819,Zambia,4720,5,0,W,Zambia,home,True,Argentina,"2,0","50,0",,,,,"1,0","1,0",,,,"2,0","2,0","1,0",,"1,0","0,0",,,,"6,0",,,"1,0",,"2,0","28,2","0,0","1,0","1,0",,,,,"-0,04","-0,46","0,14",,,,"0,0","9,0","4,5"
15884050,home,4-3-3,263651,Juan Musso,J. Musso,G,"1,0",False,Argentina,"6,5","16,0",0,0,0,0,0,"9,0","9,0","100,0",,,,0,0,,,2026-03-31 23:30:00,Int. Friendly Games,Argentina,4819,Zambia,4720,5,0,W,Zambia,home,True,Argentina,,,,,,,,,,,,,,,,,"0,0",,,,"9,0",,,,,"1,0","7,5","0,0",,,,,,,"0,02","-0,01","0,0",,,,"0,0","50,6","0,0"
15884050,home,4-3-3,1171451,Nico Paz,N. Paz,M,"10,0",False,Argentina,"7,0","16,0",0,0,0,1,0,"11,0","12,0","91,7","1,0","1,0",,0,0,,,2026-03-31 23:30:00,Int. Friendly Games,Argentina,4819,Zambia,4720,5,0,W,Zambia,home,True,Argentina,,"100,0",,,,,,,"1,0","1,0",,"9,0","9,0","1,0",,"2,0","1,0",,,,"16,0","1,0",,"1,0","1,0","4,0","29,8","1,0",,,,,,"-0,08","0,25","0,18","-0,01",,"16,0",,"0,0","61,9","5,6"
15884050,home,4-3-3,1086286,Máximo Perrone,M. Perrone,M,"23,0",False,Argentina,"6,6","16,0",0,0,0,0,1,"19,0","20,0","95,0",,"1,0",,0,0,,,2026-03-31 23:30:00,Int. Friendly Games,Argentina,4819,Zambia,4720,5,0,W,Zambia,home,True,Argentina,"1,0","0,0",,,,,,,"2,0","1,0",,"10,0","10,0","1,0",,"3,0","0,0",,,,"22,0",,"1,0",,,"6,0","46,9","0,0",,,,,,,"0,12","-0,37","0,0",,,,"0,0","106,9","5,6"
15884050,home,4-3-3,128383,Gerónimo Rulli,G. Rulli,G,"1,0",False,Argentina,,,0,0,0,0,0,,,,,,,0,0,,,2026-03-31 23:30:00,Int. Friendly Games,Argentina,4819,Zambia,4720,5,0,W,Zambia,home,True,Argentina,,,,,,,,,,,,,,,,,"0,0",,,,,,,,,,,,,,,,,,,,,,,,,,
15884050,home,4-3-3,578560,Marcos Acuña,M. Acuña,D,"21,0",False,Argentina,,,0,0,0,0,0,,,,,,,0,0,,,2026-03-31 23:30:00,Int. Friendly Games,Argentina,4819,Zambia,4720,5,0,W,Zambia,home,True,Argentina,,,,,,,,,,,,,,,,,"0,0",,,,,,,,,,,,,,,,,,,,,,,,,,
15884050,home,4-3-3,1106603,Agustín Giay,A. Giay,D,"4,0",False,Argentina,,,0,0,0,0,0,,,,,,,0,0,,,2026-03-31 23:30:00,Int. Friendly Games,Argentina,4819,Zambia,4720,5,0,W,Zambia,home,True,Argentina,,,,,,,,,,,,,,,,,"0,0",,,,,,,,,,,,,,,,,,,,,,,,,,
15884050,home,4-3-3,822600,Exequiel Palacios,E. Palacios,M,"25,0",False,Argentina,,,0,0,0,0,0,,,,,,,0,0,,,2026-03-31 23:30:00,Int. Friendly Games,Argentina,4819,Zambia,4720,5,0,W,Zambia,home,True,Argentina,,,,,,,,,,,,,,,,,"0,0",,,,,,,,,,,,,,,,,,,,,,,,,,
15884050,home,4-3-3,1201395,Gianluca Prestianni,G. Prestianni,M,"25,0",False,Argentina,,,0,0,0,0,0,,,,,,,0,0,,,2026-03-31 23:30:00,Int. Friendly Games,Argentina,4819,Zambia,4720,5,0,W,Zambia,home,True,Argentina,,,,,,,,,,,,,,,,,"0,0",,,,,,,,,,,,,,,,,,,,,,,,,,
15884050,home,4-3-3,1403559,Franco Mastantuono,F. Mastantuono,F,"30,0",False,Argentina,,,0,0,0,0,0,,,,,,,0,0,,,2026-03-31 23:30:00,Int. Friendly Games,Argentina,4819,Zambia,4720,5,0,W,Zambia,home,True,Argentina,,,,,,,,,,,,,,,,,"0,0",,,,,,,,,,,,,,,,,,,,,,,,,,
15884050,home,4-3-3,1094179,José Manuel López,J. López,F,"42,0",False,Argentina,,,0,0,0,0,0,,,,,,,0,0,,,2026-03-31 23:30:00,Int. Friendly Games,Argentina,4819,Zambia,4720,5,0,W,Zambia,home,True,Argentina,,,,,,,,,,,,,,,,,"0,0",,,,,,,,,,,,,,,,,,,,,,,,,,
15847002,home,4-3-3,158263,Emiliano Martínez,E. Martínez,G,"23,0",True,Argentina,"7,7","90,0",0,0,0,0,0,"18,0","19,0","94,7","1,0","1,0",,0,0,,,2026-03-27 23:15:00,Int. Friendly Games,Argentina,4819,Mauritania,4779,2,1,W,Mauritania,home,True,Argentina,,"100,0",,,,,"1,0","1,0","4,0","3,0",,"2,0","1,0","7,0",,"1,0","0,0",,,,"24,0",,,,,"2,0","9,2","0,0",,,,"3,0","0,755",,"0,08","0,0","-0,05","0,49",,,"0,0","18,0","7,0"
15847002,home,4-3-3,831799,Nahuel Molina,N. Molina,D,"16,0",True,Argentina,"7,0","69,0",0,1,0,0,2,"44,0","46,0","95,7",,"2,0",,0,0,,,2026-03-27 23:15:00,Int. Friendly Games,Argentina,4819,Mauritania,4779,2,1,W,Mauritania,home,True,Argentina,"2,0","0,0",,,,,,,,,"2,0","24,0","23,0","3,0",,"3,0","0,0",,"1,0",,"54,0",,,,,"13,0","58,7","0,0","1,0",,,,,,"0,35","0,05","-0,04",,,,"1,3","57,4","3,9"
15847002,home,4-3-3,829932,Cristian Romero,C. Romero,D,"17,0",True,Argentina,"7,2","90,0",0,0,0,0,0,"84,0","90,0","93,3","7,0","12,0","3,0",0,0,,,2026-03-27 23:15:00,Int. Friendly Games,Argentina,4819,Mauritania,4779,2,1,W,Mauritania,home,True,Argentina,"5,0","58,3","1,0","1,0","2,0","50,0","5,0","2,0","1,0",,,"43,0","39,0","6,0","1,0","7,0","0,0",,,,"104,0","1,0",,"1,0","1,0","37,0","275,0","1,0","3,0",,,,,,"0,41","0,25","-0,15",,,,"0,0","84,0","6,0"
15847002,home,4-3-3,830659,Marcos Senesi,M. Senesi,D,"5,0",True,Argentina,"6,9","90,0",0,0,0,0,0,"83,0","86,0","96,5","3,0","5,0",,0,0,,,2026-03-27 23:15:00,Int. Friendly Games,Argentina,4819,Mauritania,4779,2,1,W,Mauritania,home,True,Argentina,"2,0","60,0","1,0","1,0","2,0","50,0",,,"2,0","1,0",,"39,0","38,0","5,0","2,0","4,0","0,0",,,,"92,0","1,0",,,,"26,0","130,2","0,0","2,0","2,0",,,,,"0,42","0,12","-0,24",,,,"0,0","83,0","5,0"
15847002,home,4-3-3,578560,Marcos Acuña,M. Acuña,D,"21,0",True,Argentina,"7,1","69,0",0,0,0,0,0,"44,0","44,0","100,0","2,0","4,0",,0,0,,,2026-03-27 23:15:00,Int. Friendly Games,Argentina,4819,Mauritania,4779,2,1,W,Mauritania,home,True,Argentina,"2,0","50,0",,,,,"2,0","2,0","4,0","4,0",,"32,0","32,0","3,0",,"1,0","0,0",,,,"52,0",,,"1,0",,"10,0","49,3","0,0","1,0",,,,,,"0,14","-0,34","0,18",,,,"0,0","57,4","3,9"
15847002,home,4-3-3,974505,Enzo Fernández,E. Fernández,M,"8,0",True,Argentina,"7,8","56,0",1,0,2,0,0,"55,0","59,0","93,2","2,0","6,0",,0,0,,,2026-03-27 23:15:00,Int. Friendly Games,Argentina,4819,Mauritania,4779,2,1,W,Mauritania,home,True,Argentina,"4,0","33,3",,,,,"2,0","1,0","4,0","2,0","1,0","37,0","33,0","3,0",,"10,0","2,0",,,,"69,0","3,0","2,0",,,"19,0","137,5","1,0","2,0",,,,,"0,49","0,22","0,23","-0,06",,"28,0","28,0","1,61","88,4","4,8"
15847002,home,4-3-3,895324,Alexis Mac Allister,A. Mac Allister,M,"10,0",True,Argentina,"7,4","76,0",0,0,0,0,0,"53,0","54,0","98,1","5,0","9,0",,0,0,,,2026-03-27 23:15:00,Int. Friendly Games,Argentina,4819,Mauritania,4779,2,1,W,Mauritania,home,True,Argentina,"4,0","55,6","2,0",,"2,0","100,0","2,0","2,0","3,0","3,0",,"25,0","24,0","1,0","2,0","3,0","0,0",,,,"62,0",,,"1,0",,"14,0","67,6","0,0","2,0","1,0",,,,,"0,33","0,07","0,15",,,,"0,0","62,8","1,2"
15847002,home,4-3-3,944660,Thiago Almada,T. Almada,M,"11,0",True,Argentina,"6,8","75,0",0,0,0,0,1,"67,0","76,0","88,2","1,0","6,0",,0,0,,,2026-03-27 23:15:00,Int. Friendly Games,Argentina,4819,Mauritania,4779,2,1,W,Mauritania,home,True,Argentina,"5,0","16,7",,,,,,,"2,0","2,0","4,0","49,0","44,0","3,0",,"18,0","0,0",,,,"90,0","2,0","2,0","1,0",,"32,0","308,5","8,0","1,0","1,0",,,,,"-0,11","0,59","-0,05",,,,"0,0","80,4","3,6"
15847002,home,4-3-3,1171451,Nico Paz,N. Paz,M,"10,0",True,Argentina,"7,8","45,0",1,0,2,0,0,"30,0","32,0","93,8","7,0","10,0",,0,0,,,2026-03-27 23:15:00,Int. Friendly Games,Argentina,4819,Mauritania,4779,2,1,W,Mauritania,home,True,Argentina,"3,0","70,0",,,,,"4,0","3,0",,,"1,0","20,0","18,0","2,0",,"5,0","3,0",,,,"46,0","1,0",,"3,0","2,0","10,0","83,7","1,0","1,0","1,0",,,,"0,48","-0,13","0,06","-0,03",,"15,0","22,5","2,0","60,0","4,0"
15847002,home,4-3-3,944656,Julián Alvarez,J. Álvarez,F,"19,0",True,Argentina,"7,0","45,0",0,0,0,0,1,"17,0","22,0","77,3","2,0","2,0",,0,0,,,2026-03-27 23:15:00,Int. Friendly Games,Argentina,4819,Mauritania,4779,2,1,W,Mauritania,home,True,Argentina,,"100,0",,,,,"1,0","1,0","1,0","1,0",,"19,0","14,0","2,0",,"8,0","1,0",,,,"30,0","3,0",,"1,0","1,0","11,0","91,2","0,0",,,,,,"-0,1","0,33","0,12","0,0",,"45,0",,"0,0","34,0","4,0"
15847002,home,4-3-3,901325,Nicolás González,N. González,M,"23,0",True,Argentina,"6,7","45,0",0,0,0,0,1,"19,0","23,0","82,6","2,0","4,0",,0,0,,,2026-03-27 23:15:00,Int. Friendly Games,Argentina,4819,Mauritania,4779,2,1,W,Mauritania,home,True,Argentina,"2,0","50,0",,,,,,,,,"2,0","19,0","15,0","2,0",,"8,0","0,0",,,,"31,0","1,0",,"3,0","1,0","8,0","60,0","2,0",,"1,0",,,,,"0,2","0,12","0,14",,,,"0,0","38,0","4,0"
15847002,home,4-3-3,249399,Rodrigo De Paul,R. De Paul,M,"7,0",False,Argentina,"7,1","45,0",0,0,0,0,1,"42,0","49,0","85,7","1,0","2,0","1,0",0,0,,,2026-03-27 23:15:00,Int. Friendly Games,Argentina,4819,Mauritania,4779,2,1,W,Mauritania,home,True,Argentina,"1,0","50,0",,,,,,,"5,0","3,0","1,0","31,0","25,0","3,0","1,0","8,0","0,0",,,,"54,0",,,"1,0","1,0","25,0","231,8","1,0","1,0",,,,,,"0,21","0,5","-0,04",,,,"0,0","84,0","6,0"
15847002,home,4-3-3,12994,Lionel Messi,L. Messi,F,"10,0",False,Argentina,"7,5","45,0",0,0,0,0,0,"27,0","29,0","93,1","4,0","6,0",,0,0,,,2026-03-27 23:15:00,Int. Friendly Games,Argentina,4819,Mauritania,4779,2,1,W,Mauritania,home,True,Argentina,"2,0","66,7",,,,,,,"1,0","1,0",,"24,0","22,0","2,0",,"4,0","1,0",,,,"36,0",,"2,0","2,0","2,0","11,0","70,4","0,0",,"2,0","1,0",,,"-0,08","0,44","0,26","-0,01",,"45,0",,"0,0","54,0","4,0"
15847002,home,4-3-3,1403559,Franco Mastantuono,F. Mastantuono,F,"30,0",False,Argentina,"6,5","45,0",0,0,0,0,0,"16,0","17,0","94,1","2,0","5,0",,0,0,,,2026-03-27 23:15:00,Int. Friendly Games,Argentina,4819,Mauritania,4779,2,1,W,Mauritania,home,True,Argentina,"3,0","40,0",,,,,"1,0","1,0",,,,"14,0","13,0","1,0",,"4,0","0,0",,,,"22,0","1,0","1,0","2,0","1,0","5,0","34,4","0,0","1,0",,,,,,"-0,02","0,03","0,0",,,,"0,0","32,0","2,0"
15847002,home,4-3-3,1099352,Giuliano Simeone,G. Simeone,M,"20,0",False,Argentina,"6,5","34,0",0,0,0,0,0,"11,0","13,0","84,6","1,0","3,0",,0,0,,,2026-03-27 23:15:00,Int. Friendly Games,Argentina,4819,Mauritania,4779,2,1,W,Mauritania,home,True,Argentina,"2,0","33,3",,,,,"1,0",,,,,"7,0","5,0","1,0",,"3,0","0,0",,,,"16,0",,,"1,0",,"4,0","20,5","0,0","1,0",,"1,0",,,,"-0,11","-0,55","0,31",,,,"0,0","29,1","2,6"
15847002,home,4-3-3,1387300,Gabriel Rojas,G. Rojas,D,"27,0",False,Argentina,"6,3","21,0",0,0,0,0,0,"16,0","17,0","94,1","1,0","2,0","1,0",0,0,,,2026-03-27 23:15:00,Int. Friendly Games,Argentina,4819,Mauritania,4779,2,1,W,Mauritania,home,True,Argentina,"1,0","50,0",,,,,,,,,"1,0","10,0","9,0","1,0",,"2,0","0,0",,,,"24,0",,,,,"2,0","32,0","1,0","1,0","1,0",,,,,"-0,07","0,05","-0,18",,,,"0,0","68,6","4,3"
15847002,home,4-3-3,1106603,Agustín Giay,A. Giay,D,"4,0",False,Argentina,"6,2","21,0",0,0,0,0,0,"5,0","5,0","100,0",,,"1,0",0,0,,,2026-03-27 23:15:00,Int. Friendly Games,Argentina,4819,Mauritania,4779,2,1,W,Mauritania,home,True,Argentina,,,,,,,,,,,,"1,0","1,0",,,,"0,0",,,,"7,0",,,,,"1,0","3,8","0,0",,,,,,,"-0,03","0,01","-0,18",,,,"0,0","21,4","0,0"
15847002,home,4-3-3,1094179,José Manuel López,J. López,F,"42,0",False,Argentina,"6,4","15,0",0,0,0,0,0,"2,0","5,0","40,0","1,0","2,0",,0,0,,,2026-03-27 23:15:00,Int. Friendly Games,Argentina,4819,Mauritania,4779,2,1,W,Mauritania,home,True,Argentina,"1,0","50,0",,,,,,,,,"1,0","3,0",,,,"4,0","0,0",,,,"7,0",,,,,"3,0","27,3","1,0","1,0","1,0",,,,,"-0,23","0,17","0,0",,,,"0,0","12,0","0,0"
15847002,home,4-3-3,822600,Exequiel Palacios,E. Palacios,M,"25,0",False,Argentina,"6,6","14,0",0,0,0,0,0,"17,0","19,0","89,5","1,0","1,0","1,0",0,0,,,2026-03-27 23:15:00,Int. Friendly Games,Argentina,4819,Mauritania,4779,2,1,W,Mauritania,home,True,Argentina,,"100,0",,,,,,,,,,"11,0","11,0","2,0",,"4,0","0,0",,,,"25,0","2,0",,,,"4,0","27,2","0,0",,"1,0",,,,,"0,1","0,04","-0,07",,,,"0,0","109,3","12,9"
15847002,home,4-3-3,263651,Juan Musso,J. Musso,G,"1,0",False,Argentina,,,0,0,0,0,0,,,,,,,0,0,,,2026-03-27 23:15:00,Int. Friendly Games,Argentina,4819,Mauritania,4779,2,1,W,Mauritania,home,True,Argentina,,,,,,,,,,,,,,,,,"0,0",,,,,,,,,,,,,,,,,,,,,,,,,,
15847002,home,4-3-3,128383,Gerónimo Rulli,G. Rulli,G,"1,0",False,Argentina,,,0,0,0,0,0,,,,,,,0,0,,,2026-03-27 23:15:00,Int. Friendly Games,Argentina,4819,Mauritania,4779,2,1,W,Mauritania,home,True,Argentina,,,,,,,,,,,,,,,,,"0,0",,,,,,,,,,,,,,,,,,,,,,,,,,
15847002,home,4-3-3,795297,Lucas Martínez Quarta,L. Martinez Quarta,D,"28,0",False,Argentina,,,0,0,0,0,0,,,,,,,0,0,,,2026-03-27 23:15:00,Int. Friendly Games,Argentina,4819,Mauritania,4779,2,1,W,Mauritania,home,True,Argentina,,,,,,,,,,,,,,,,,"0,0",,,,,,,,,,,,,,,,,,,,,,,,,,
15847002,home,4-3-3,74915,Nicolás Otamendi,N. Otamendi,D,"30,0",False,Argentina,,,0,0,0,0,0,,,,,,,0,0,,,2026-03-27 23:15:00,Int. Friendly Games,Argentina,4819,Mauritania,4779,2,1,W,Mauritania,home,True,Argentina,,,,,,,,,,,,,,,,,"0,0",,,,,,,,,,,,,,,,,,,,,,,,,,
15847002,home,4-3-3,255389,Leandro Paredes,L. Paredes,M,"5,0",False,Argentina,,,0,0,0,0,0,,,,,,,0,0,,,2026-03-27 23:15:00,Int. Friendly Games,Argentina,4819,Mauritania,4779,2,1,W,Mauritania,home,True,Argentina,,,,,,,,,,,,,,,,,"0,0",,,,,,,,,,,,,,,,,,,,,,,,,,
15847002,home,4-3-3,1086286,Máximo Perrone,M. Perrone,M,"23,0",False,Argentina,,,0,0,0,0,0,,,,,,,0,0,,,2026-03-27 23:15:00,Int. Friendly Games,Argentina,4819,Mauritania,4779,2,1,W,Mauritania,home,True,Argentina,,,,,,,,,,,,,,,,,"0,0",,,,,,,,,,,,,,,,,,,,,,,,,,
15847002,home,4-3-3,1127057,Valentín Barco,V. Barco,M,"32,0",False,Argentina,,,0,0,0,0,0,,,,,,,0,0,,,2026-03-27 23:15:00,Int. Friendly Games,Argentina,4819,Mauritania,4779,2,1,W,Mauritania,home,True,Argentina,,,,,,,,,,,,,,,,,"0,0",,,,,,,,,,,,,,,,,,,,,,,,,,
15016652,away,3-4-2-1,128383,Gerónimo Rulli,G. Rulli,G,"1,0",True,Argentina,"7,6","90,0",0,0,0,0,0,"17,0","19,0","89,5","1,0","1,0",,0,0,,,2025-11-14 16:00:00,Int. Friendly Games,Angola,4692,Argentina,4819,0,2,W,Angola,away,True,Argentina,,"100,0","1,0",,"1,0","100,0",,,"9,0","7,0",,"3,0","2,0","6,0","3,0","2,0","0,0",,,,"30,0",,,,,,"0,0",,,,,"2,0",,,,,,,,,"0,0","17,0","6,0"
15016652,away,3-4-2-1,873189,Juan Foyth,J. Foyth,D,"8,0",True,Argentina,"6,8","90,0",0,0,0,0,0,"36,0","39,0","92,3","1,0","3,0","1,0",0,0,,,2025-11-14 16:00:00,Int. Friendly Games,Angola,4692,Argentina,4819,0,2,W,Angola,away,True,Argentina,"2,0","33,3",,,,,,,"1,0",,"1,0","12,0","11,0","1,0","1,0","4,0","0,0",,,,"46,0",,,"1,0","1,0",,"0,0",,"1,0",,,,,,,,,,,,"0,0","36,0","1,0"
15016652,away,3-4-2-1,829932,Cristian Romero,C. Romero,D,"17,0",True,Argentina,"7,1","90,0",0,0,0,0,0,"62,0","64,0","96,9","2,0","7,0","3,0",0,0,,,2025-11-14 16:00:00,Int. Friendly Games,Angola,4692,Argentina,4819,0,2,W,Angola,away,True,Argentina,"5,0","28,6",,"1,0","1,0","0,0","2,0","1,0","4,0","2,0",,"23,0","22,0","4,0","5,0","2,0","0,0",,,,"75,0",,,,,,"0,0",,"4,0",,,,,,,,,,,,"0,0","62,0","4,0"
15016652,away,3-4-2-1,158243,Nicolás Tagliafico,N. Tagliafico,D,"3,0",True,Argentina,"7,4","90,0",0,0,0,0,0,"59,0","64,0","92,2","5,0","8,0","3,0",0,0,,,2025-11-14 16:00:00,Int. Friendly Games,Angola,4692,Argentina,4819,0,2,W,Angola,away,True,Argentina,"3,0","62,5","1,0",,"1,0","100,0","4,0","3,0","1,0","1,0",,"21,0","17,0","5,0","2,0","5,0","0,0",,,,"76,0",,,,,,"0,0",,"2,0",,,,,,,,,,,,"0,0","59,0","5,0"
15016652,away,3-4-2-1,798835,Giovani Lo Celso,G. Lo Celso,M,"20,0",True,Argentina,"6,6","60,0",0,0,0,0,0,"29,0","31,0","93,5","2,0","6,0","1,0",0,0,,,2025-11-14 16:00:00,Int. Friendly Games,Angola,4692,Argentina,4819,0,2,W,Angola,away,True,Argentina,"4,0","33,3",,,,,,,,,,"17,0","15,0","2,0","1,0","6,0","1,0",,,,"42,0","1,0","2,0",,,,"0,0",,"2,0","2,0","1,0",,,,,,,,"60,0",,"0,0","43,5","3,0"
15016652,away,3-4-2-1,249399,Rodrigo De Paul,R. De Paul,M,"7,0",True,Argentina,"7,1","90,0",0,0,0,0,3,"84,0","97,0","86,6","1,0","4,0","1,0",0,0,,,2025-11-14 16:00:00,Int. Friendly Games,Angola,4692,Argentina,4819,0,2,W,Angola,away,True,Argentina,"3,0","25,0",,,,,,,"10,0","6,0",,"53,0","42,0","9,0",,"14,0","0,0",,,,"100,0",,,,,,"0,0",,"1,0","1,0",,,,,,,,,,,"0,0","84,0","9,0"
15016652,away,3-4-2-1,895324,Alexis Mac Allister,A. Mac Allister,M,"10,0",True,Argentina,"6,9","85,0",0,0,0,0,0,"54,0","60,0","90,0","3,0","4,0",,0,0,,,2025-11-14 16:00:00,Int. Friendly Games,Angola,4692,Argentina,4819,0,2,W,Angola,away,True,Argentina,"1,0","75,0",,,,,"2,0","1,0","2,0",,,"28,0","23,0","5,0",,"6,0","0,0",,,,"66,0",,,,,,"0,0",,"1,0","1,0",,,,,,,,,,,"0,0","57,2","5,3"
15016652,away,3-4-2-1,901325,Nicolás González,N. González,M,"23,0",True,Argentina,"7,0","86,0",0,0,0,0,0,"33,0","37,0","89,2","4,0","7,0","2,0",0,0,,,2025-11-14 16:00:00,Int. Friendly Games,Angola,4692,Argentina,4819,0,2,W,Angola,away,True,Argentina,"3,0","57,1","3,0",,"3,0","100,0","1,0","1,0","3,0","3,0","1,0","16,0","12,0","1,0",,"7,0","0,0",,,,"46,0",,"1,0",,,,"0,0",,"2,0",,"1,0",,,,,,,,,,"0,0","34,5","1,0"
15016652,away,3-4-2-1,12994,Lionel Messi,L. Messi,F,"10,0",True,Argentina,"8,1","86,0",1,1,2,2,1,"40,0","50,0","80,0","4,0","9,0","1,0",0,0,,,2025-11-14 16:00:00,Int. Friendly Games,Angola,4692,Argentina,4819,0,2,W,Angola,away,True,Argentina,"5,0","44,4",,,,,,,"7,0","3,0","2,0","38,0","29,0","2,0",,"19,0","5,0","1,0",,,"71,0","1,0","2,0","4,0","2,0",,"0,0",,"1,0","2,0",,,,,,,,,"17,2","43,0","2,09","41,9","2,1"
15016652,away,3-4-2-1,944660,Thiago Almada,T. Almada,M,"11,0",True,Argentina,"7,0","70,0",0,0,0,0,1,"27,0","30,0","90,0","5,0","6,0","1,0",0,0,,,2025-11-14 16:00:00,Int. Friendly Games,Angola,4692,Argentina,4819,0,2,W,Angola,away,True,Argentina,"1,0","83,3",,,,,"1,0","1,0","1,0","1,0",,"20,0","19,0",,,"3,0","0,0",,,,"36,0",,,"1,0","1,0",,"0,0",,"1,0","3,0",,,,,,,,,,,"0,0","34,7","0,0"
15016652,away,3-4-2-1,823984,Lautaro Martínez,L. Martínez,F,"10,0",True,Argentina,"8,8","85,0",1,1,1,0,2,"25,0","28,0","89,3","4,0","5,0",,0,0,,,2025-11-14 16:00:00,Int. Friendly Games,Angola,4692,Argentina,4819,0,2,W,Angola,away,True,Argentina,"1,0","80,0",,,,,"1,0","1,0",,,"1,0","18,0","16,0","3,0","1,0","5,0","1,0",,"2,0",,"37,0",,,,,,"0,0",,"1,0","3,0","2,0",,,,,,,,"85,0","85,0","2,12","26,5","3,2"
15016652,away,3-4-2-1,895327,Kevin Mac Allister,K. Mac Allister,D,"5,0",False,Argentina,"6,9","30,0",0,0,0,0,0,"15,0","17,0","88,2","6,0","6,0",,0,0,,,2025-11-14 16:00:00,Int. Friendly Games,Angola,4692,Argentina,4819,0,2,W,Angola,away,True,Argentina,,"100,0","1,0",,"1,0","100,0","4,0","1,0","1,0","1,0",,"10,0","9,0","2,0",,"2,0","0,0",,,,"26,0",,,,,,"0,0",,,"1,0",,,,,,,,,,,"0,0","45,0","6,0"
15016652,away,3-4-2-1,783126,Emiliano Buendía,E. Buendía,M,"10,0",False,Argentina,"6,4","20,0",0,0,0,0,1,"6,0","6,0","100,0",,"4,0",,0,0,,,2025-11-14 16:00:00,Int. Friendly Games,Angola,4692,Argentina,4819,0,2,W,Angola,away,True,Argentina,"4,0","0,0",,,,,,,,,"1,0","3,0","3,0","1,0",,"3,0","0,0",,,,"9,0",,"2,0",,,,"0,0",,"1,0",,,,,,,,,,,,"0,0","27,0","4,5"
15016652,away,3-4-2-1,1086286,Máximo Perrone,M. Perrone,M,"23,0",False,Argentina,"6,7","10,0",0,0,0,0,0,"8,0","8,0","100,0",,,"1,0",0,0,,,2025-11-14 16:00:00,Int. Friendly Games,Angola,4692,Argentina,4819,0,2,W,Angola,away,True,Argentina,,,,,,,,,"1,0","1,0",,"4,0","4,0","1,0",,,"0,0",,,,"9,0",,,,,,"0,0",,,,,,,,,,,,,,"0,0","72,0","9,0"
15016652,away,3-4-2-1,1094179,José Manuel López,J. López,F,"42,0",False,Argentina,"6,3","10,0",0,0,0,0,0,"2,0","2,0","100,0",,"2,0",,0,0,,,2025-11-14 16:00:00,Int. Friendly Games,Angola,4692,Argentina,4819,0,2,W,Angola,away,True,Argentina,"2,0","0,0",,,,,,,,,,,,,"1,0","2,0","0,0",,,,"5,0",,"1,0","1,0",,,"0,0",,,,,,,,,,,,,,"0,0","18,0","0,0"
15016652,away,3-4-2-1,1201395,Gianluca Prestianni,G. Prestianni,M,"25,0",False,Argentina,"6,5","9,0",0,0,0,0,0,"3,0","3,0","100,0",,,,0,0,,,2025-11-14 16:00:00,Int. Friendly Games,Angola,4692,Argentina,4819,0,2,W,Angola,away,True,Argentina,,,,,,,,,,,,"1,0","1,0",,,,"0,0",,,,"3,0",,,,,,"0,0",,,,,,,,,,,,,,"0,0","30,0","0,0"
15016652,away,3-4-2-1,1410925,Joaquin Panichelli,J. Panichelli,F,"9,0",False,Argentina,"6,7","9,0",0,0,0,1,0,,,,,,,0,0,,,2025-11-14 16:00:00,Int. Friendly Games,Angola,4692,Argentina,4819,0,2,W,Angola,away,True,Argentina,,,,,,,,,,,,,,,"1,0",,"1,0",,,,"2,0",,,,,,"0,0",,,,,,,,,,,,"9,0",,"0,0","0,0","0,0"
15016652,away,3-4-2-1,249859,Walter Benítez,W. Benítez,G,"44,0",False,Argentina,,,0,0,0,0,0,,,,,,,0,0,,,2025-11-14 16:00:00,Int. Friendly Games,Angola,4692,Argentina,4819,0,2,W,Angola,away,True,Argentina,,,,,,,,,,,,,,,,,"0,0",,,,,,,,,,,,,,,,,,,,,,,,,,
15016652,away,3-4-2-1,2362482,Demian Talavera,D. Talavera,G,"3,0",False,Argentina,,,0,0,0,0,0,,,,,,,0,0,,,2025-11-14 16:00:00,Int. Friendly Games,Angola,4692,Argentina,4819,0,2,W,Angola,away,True,Argentina,,,,,,,,,,,,,,,,,"0,0",,,,,,,,,,,,,,,,,,,,,,,,,,
15016652,away,3-4-2-1,74915,Nicolás Otamendi,N. Otamendi,D,"30,0",False,Argentina,,,0,0,0,0,0,,,,,,,0,0,,,2025-11-14 16:00:00,Int. Friendly Games,Angola,4692,Argentina,4819,0,2,W,Angola,away,True,Argentina,,,,,,,,,,,,,,,,,"0,0",,,,,,,,,,,,,,,,,,,,,,,,,,
15016652,away,3-4-2-1,830659,Marcos Senesi,M. Senesi,D,"5,0",False,Argentina,,,0,0,0,0,0,,,,,,,0,0,,,2025-11-14 16:00:00,Int. Friendly Games,Angola,4692,Argentina,4819,0,2,W,Angola,away,True,Argentina,,,,,,,,,,,,,,,,,"0,0",,,,,,,,,,,,,,,,,,,,,,,,,,
15016652,away,3-4-2-1,1127057,Valentín Barco,V. Barco,M,"32,0",False,Argentina,,,0,0,0,0,0,,,,,,,0,0,,,2025-11-14 16:00:00,Int. Friendly Games,Angola,4692,Argentina,4819,0,2,W,Angola,away,True,Argentina,,,,,,,,,,,,,,,,,"0,0",,,,,,,,,,,,,,,,,,,,,,,,,,
15016652,away,3-4-2-1,1171451,Nico Paz,N. Paz,M,"10,0",False,Argentina,,,0,0,0,0,0,,,,,,,0,0,,,2025-11-14 16:00:00,Int. Friendly Games,Angola,4692,Argentina,4819,0,2,W,Angola,away,True,Argentina,,,,,,,,,,,,,,,,,"0,0",,,,,,,,,,,,,,,,,,,,,,,,,,
14787861,away,4-4-2,158263,Emiliano Martínez,E. Martínez,G,"23,0",True,Argentina,"7,1","76,0",0,0,0,0,0,"8,0","8,0","100,0",,,,0,0,,,2025-10-15 00:00:00,Int. Friendly Games,Puerto Rico,21818,Argentina,4819,0,6,W,Puerto Rico,away,True,Argentina,,,,,,,,,"2,0","2,0",,,,"5,0",,,"0,0",,,,"13,0",,,,,,"0,0",,,,,"3,0",,,,,,,,,"0,0","9,5","5,9"
14787861,away,4-4-2,822933,Gonzalo Montiel,G. Montiel,D,"29,0",True,Argentina,"7,9","61,0",1,0,1,0,1,"39,0","41,0","95,1","1,0","3,0","1,0",0,0,,,2025-10-15 00:00:00,Int. Friendly Games,Puerto Rico,21818,Argentina,4819,0,6,W,Puerto Rico,away,True,Argentina,"2,0","33,3",,"1,0","1,0","0,0","1,0","1,0",,,"2,0","37,0","35,0","1,0",,"4,0","1,0",,,,"48,0",,,,,,"0,0",,"1,0",,,,,,,,,,"61,0","61,0","1,48","57,5","1,5"
14787861,away,4-4-2,928236,Leonardo Balerdi,L. Balerdi,D,"5,0",True,Argentina,"7,1","90,0",0,0,0,0,0,"46,0","48,0","95,8","1,0","4,0","2,0",0,0,,,2025-10-15 00:00:00,Int. Friendly Games,Puerto Rico,21818,Argentina,4819,0,6,W,Puerto Rico,away,True,Argentina,"3,0","25,0",,,,,,,,,,"27,0","26,0","6,0","2,0","2,0","0,0",,,,"53,0",,,"1,0","1,0",,"0,0",,"2,0",,,,,,,,,,,,"0,0","46,0","6,0"
14787861,away,4-4-2,74915,Nicolás Otamendi,N. Otamendi,D,"30,0",True,Argentina,"6,7","45,0",0,0,0,0,0,"20,0","20,0","100,0","3,0","3,0",,0,0,,,2025-10-15 00:00:00,Int. Friendly Games,Puerto Rico,21818,Argentina,4819,0,6,W,Puerto Rico,away,True,Argentina,,"100,0","2,0",,"2,0","100,0",,,,,,"8,0","8,0","2,0","1,0",,"0,0",,,,"23,0",,,,,,"0,0",,,"1,0",,,,,,,,,,,"0,0","40,0","4,0"
14787861,away,4-4-2,901325,Nicolás González,N. González,M,"23,0",True,Argentina,"9,2","90,0",0,2,0,1,5,"54,0","57,0","94,7","4,0","8,0","2,0",0,0,,,2025-10-15 00:00:00,Int. Friendly Games,Puerto Rico,21818,Argentina,4819,0,6,W,Puerto Rico,away,True,Argentina,"4,0","50,0","1,0",,"1,0","100,0","3,0","2,0",,,,"42,0","39,0","5,0","1,0","4,0","2,0",,"2,0",,"75,0","1,0",,,,,"0,0",,"1,0",,,,,,,,,,"45,0",,"2,0","54,0","5,0"
14787861,away,4-4-2,1099352,Giuliano Simeone,G. Simeone,M,"20,0",True,Argentina,"6,9","58,0",0,0,0,0,1,"27,0","30,0","90,0","2,0","6,0","1,0",0,0,,,2025-10-15 00:00:00,Int. Friendly Games,Puerto Rico,21818,Argentina,4819,0,6,W,Puerto Rico,away,True,Argentina,"4,0","33,3","1,0",,"1,0","100,0","1,0","1,0",,,"1,0","26,0","23,0","1,0",,"7,0","0,0",,,,"39,0","2,0",,"1,0",,,"0,0",,"3,0",,,,,,,,,,,,"0,0","41,9","1,6"
14787861,away,4-4-2,249399,Rodrigo De Paul,R. De Paul,M,"7,0",True,Argentina,"8,6","90,0",0,0,0,0,4,"136,0","150,0","90,7","6,0","10,0",,0,0,,,2025-10-15 00:00:00,Int. Friendly Games,Puerto Rico,21818,Argentina,4819,0,6,W,Puerto Rico,away,True,Argentina,"4,0","60,0",,,,,"3,0","3,0","5,0","2,0",,"128,0","114,0","5,0",,"17,0","0,0",,"1,0",,"160,0","1,0",,"4,0","2,0",,"0,0",,"1,0","1,0",,,,,,,,,,,"0,0","136,0","5,0"
14787861,away,4-4-2,798835,Giovani Lo Celso,G. Lo Celso,M,"20,0",True,Argentina,"7,6","45,0",0,0,0,1,2,"69,0","73,0","94,5","2,0","2,0",,0,0,,,2025-10-15 00:00:00,Int. Friendly Games,Puerto Rico,21818,Argentina,4819,0,6,W,Puerto Rico,away,True,Argentina,,"100,0",,,,,"2,0","1,0","1,0","1,0",,"64,0","61,0","2,0",,"6,0","1,0",,,,"79,0","1,0",,,,,"0,0",,,,,,,,,,,,"45,0",,"0,0","138,0","4,0"
14787861,away,4-4-2,895324,Alexis Mac Allister,A. Mac Allister,M,"10,0",True,Argentina,"9,2","90,0",2,0,3,2,1,"56,0","64,0","87,5",,"1,0",,0,0,,,2025-10-15 00:00:00,Int. Friendly Games,Puerto Rico,21818,Argentina,4819,0,6,W,Puerto Rico,away,True,Argentina,"1,0","0,0",,,,,,,"1,0",,,"53,0","45,0","11,0",,"11,0","5,0",,,,"72,0","1,0",,"1,0",,,"0,0",,,,,,,,,,,,"18,0","30,0","2,0","56,0","11,0"
14787861,away,4-4-2,12994,Lionel Messi,L. Messi,F,"10,0",True,Argentina,"9,1","90,0",0,2,2,2,6,"75,0","91,0","82,4","2,0","5,0",,0,0,,,2025-10-15 00:00:00,Int. Friendly Games,Puerto Rico,21818,Argentina,4819,0,6,W,Puerto Rico,away,True,Argentina,"3,0","40,0",,,,,,,"3,0","1,0","3,0","87,0","71,0","1,0",,"23,0","8,0","1,0","1,0","1,0","111,0","1,0","2,0","2,0","1,0",,"0,0",,,"1,0","2,0",,,,,,,,"11,2","45,0","2,0","75,0","1,0"
14787861,away,4-4-2,1094179,José Manuel López,J. López,F,"42,0",True,Argentina,"7,7","61,0",0,1,2,1,2,"14,0","16,0","87,5","2,0","3,0",,0,0,,,2025-10-15 00:00:00,Int. Friendly Games,Puerto Rico,21818,Argentina,4819,0,6,W,Puerto Rico,away,True,Argentina,"1,0","66,7",,,,,"1,0","1,0","1,0","1,0",,"16,0","14,0",,,"3,0","3,0",,,,"25,0","1,0",,"1,0","1,0",,"0,0",,"1,0",,,,,,,,,,"20,3","30,5","1,48","20,7","0,0"
14787861,away,4-4-2,1835781,Lautaro Rivero,L. Rivero,D,"13,0",False,Argentina,"6,8","45,0",0,0,0,0,0,"20,0","22,0","90,9","2,0","4,0",,0,0,,,2025-10-15 00:00:00,Int. Friendly Games,Puerto Rico,21818,Argentina,4819,0,6,W,Puerto Rico,away,True,Argentina,"2,0","50,0","1,0",,"1,0","100,0","1,0","1,0","1,0",,,"13,0","11,0","3,0",,"2,0","0,0",,,,"25,0",,,,,,"0,0",,"1,0",,,,,,,,,,,,"0,0","40,0","6,0"
14787861,away,4-4-2,977677,Aníbal Moreno,A. Moreno,M,"6,0",False,Argentina,"7,2","45,0",0,0,0,0,0,"64,0","66,0","97,0","2,0","3,0","1,0",0,0,,,2025-10-15 00:00:00,Int. Friendly Games,Puerto Rico,21818,Argentina,4819,0,6,W,Puerto Rico,away,True,Argentina,"1,0","66,7","1,0",,"1,0","100,0","1,0","1,0","4,0","4,0",,"57,0","55,0","2,0",,"2,0","1,0",,,,"69,0",,,,,,"0,0",,"1,0",,,,,,,,,,"45,0",,"0,0","128,0","4,0"
14787861,away,4-4-2,1171451,Nico Paz,N. Paz,M,"10,0",False,Argentina,"7,0","32,0",0,0,1,0,0,"21,0","24,0","87,5","3,0","4,0",,0,0,,,2025-10-15 00:00:00,Int. Friendly Games,Puerto Rico,21818,Argentina,4819,0,6,W,Puerto Rico,away,True,Argentina,"1,0","75,0",,,,,"1,0",,,,,"22,0","19,0","3,0",,"5,0","1,0",,,,"32,0","1,0","1,0","2,0","2,0",,"0,0",,,,,,,,,,,,"32,0","32,0","0,0","59,1","8,4"
14787861,away,4-4-2,831799,Nahuel Molina,N. Molina,D,"16,0",False,Argentina,"6,9","29,0",0,0,0,0,2,"17,0","17,0","100,0",,,,0,0,,,2025-10-15 00:00:00,Int. Friendly Games,Puerto Rico,21818,Argentina,4819,0,6,W,Puerto Rico,away,True,Argentina,,,,,,,,,"1,0","1,0","1,0","10,0","10,0","1,0",,,"0,0",,,,"21,0",,,,,,"0,0",,,,,,,,,,,,,,"0,0","52,8","3,1"
14787861,away,4-4-2,823984,Lautaro Martínez,L. Martínez,F,"10,0",False,Argentina,"8,5","29,0",2,0,2,1,0,"5,0","5,0","100,0","2,0","5,0",,0,0,,,2025-10-15 00:00:00,Int. Friendly Games,Puerto Rico,21818,Argentina,4819,0,6,W,Puerto Rico,away,True,Argentina,"3,0","40,0",,,,,,,,,,"5,0","5,0",,,"2,0","3,0",,,,"12,0",,"2,0","1,0","1,0",,"0,0",,"1,0","1,0","1,0",,,,,,,,"9,7","14,5","6,21","15,5","0,0"
14787861,away,4-4-2,836159,Facundo Cambeses,F. Cambeses,G,"25,0",False,Argentina,"6,3","14,0",0,0,0,0,0,,,,,"1,0",,0,0,,,2025-10-15 00:00:00,Int. Friendly Games,Puerto Rico,21818,Argentina,4819,0,6,W,Puerto Rico,away,True,Argentina,"1,0","0,0",,,,,,,,,,,,,,"1,0","0,0",,,,"1,0",,,"1,0",,,"0,0",,,,,,,,,,,,,,"0,0","0,0","0,0"
14787861,away,4-4-2,128383,Gerónimo Rulli,G. Rulli,G,"1,0",False,Argentina,,,0,0,0,0,0,,,,,,,0,0,,,2025-10-15 00:00:00,Int. Friendly Games,Puerto Rico,21818,Argentina,4819,0,6,W,Puerto Rico,away,True,Argentina,,,,,,,,,,,,,,,,,"0,0",,,,,,,,,,,,,,,,,,,,,,,,,,
14787861,away,4-4-2,829932,Cristian Romero,C. Romero,D,"17,0",False,Argentina,,,0,0,0,0,0,,,,,,,0,0,,,2025-10-15 00:00:00,Int. Friendly Games,Puerto Rico,21818,Argentina,4819,0,6,W,Puerto Rico,away,True,Argentina,,,,,,,,,,,,,,,,,"0,0",,,,,,,,,,,,,,,,,,,,,,,,,,
14787861,away,4-4-2,830659,Marcos Senesi,M. Senesi,D,"5,0",False,Argentina,,,0,0,0,0,0,,,,,,,0,0,,,2025-10-15 00:00:00,Int. Friendly Games,Puerto Rico,21818,Argentina,4819,0,6,W,Puerto Rico,away,True,Argentina,,,,,,,,,,,,,,,,,"0,0",,,,,,,,,,,,,,,,,,,,,,,,,,
14787861,away,4-4-2,158243,Nicolás Tagliafico,N. Tagliafico,D,"3,0",False,Argentina,,,0,0,0,0,0,,,,,,,0,0,,,2025-10-15 00:00:00,Int. Friendly Games,Puerto Rico,21818,Argentina,4819,0,6,W,Puerto Rico,away,True,Argentina,,,,,,,,,,,,,,,,,"0,0",,,,,,,,,,,,,,,,,,,,,,,,,,
14787861,away,4-4-2,255389,Leandro Paredes,L. Paredes,M,"5,0",False,Argentina,,,0,0,0,0,0,,,,,,,0,0,,,2025-10-15 00:00:00,Int. Friendly Games,Puerto Rico,21818,Argentina,4819,0,6,W,Puerto Rico,away,True,Argentina,,,,,,,,,,,,,,,,,"0,0",,,,,,,,,,,,,,,,,,,,,,,,,,
14787861,away,4-4-2,944656,Julián Alvarez,J. Álvarez,F,"19,0",False,Argentina,,,0,0,0,0,0,,,,,,,0,0,,,2025-10-15 00:00:00,Int. Friendly Games,Puerto Rico,21818,Argentina,4819,0,6,W,Puerto Rico,away,True,Argentina,,,,,,,,,,,,,,,,,"0,0",,,,,,,,,,,,,,,,,,,,,,,,,,
14787863,home,4-2-2-2,158263,Emiliano Martínez,E. Martínez,G,"23,0",True,Argentina,"7,1","90,0",0,0,0,0,0,"22,0","24,0","91,7",,,,0,0,,,2025-10-11 00:00:00,Int. Friendly Games,Argentina,4819,Venezuela,4722,1,0,W,Venezuela,home,True,Argentina,,,,,,,,,"4,0","2,0",,"3,0","2,0","3,0",,"2,0","0,0",,,,"26,0",,,,,,"0,0",,,,,"1,0",,,,,,,,,"0,0","22,0","3,0"
14787863,home,4-2-2-2,831799,Nahuel Molina,N. Molina,D,"16,0",True,Argentina,"7,3","78,0",0,0,0,0,1,"52,0","54,0","96,3","3,0","6,0","1,0",0,0,,,2025-10-11 00:00:00,Int. Friendly Games,Argentina,4819,Venezuela,4722,1,0,W,Venezuela,home,True,Argentina,"3,0","50,0",,,,,"2,0","1,0","3,0","3,0","2,0","32,0","30,0","5,0","2,0","4,0","0,0",,"1,0",,"69,0","1,0",,,,,"0,0",,"1,0","1,0",,,,,,,,,,,"0,0","60,0","5,8"
14787863,home,4-2-2-2,829932,Cristian Romero,C. Romero,D,"17,0",True,Argentina,"7,1","90,0",0,0,0,0,0,"82,0","84,0","97,6",,"5,0","2,0",0,0,,,2025-10-11 00:00:00,Int. Friendly Games,Argentina,4819,Venezuela,4722,1,0,W,Venezuela,home,True,Argentina,"5,0","0,0",,"3,0","3,0","0,0",,,"1,0","1,0",,"27,0","26,0","8,0","1,0","2,0","0,0",,,,"89,0",,,,,,"0,0",,"2,0",,,,,,,,,,,,"0,0","82,0","8,0"
14787863,home,4-2-2-2,830659,Marcos Senesi,M. Senesi,D,"5,0",True,Argentina,"6,9","90,0",0,0,0,1,1,"95,0","100,0","95,0","2,0","9,0","1,0",0,0,,,2025-10-11 00:00:00,Int. Friendly Games,Argentina,4819,Venezuela,4722,1,0,W,Venezuela,home,True,Argentina,"7,0","22,2",,"1,0","1,0","0,0","2,0","1,0","7,0","6,0",,"33,0","28,0","3,0",,"7,0","1,0","1,0",,,"107,0",,,"1,0",,,"0,0",,"1,0",,,,,,,,,,"90,0",,"0,0","95,0","3,0"
14787863,home,4-2-2-2,158243,Nicolás Tagliafico,N. Tagliafico,D,"3,0",True,Argentina,"6,8","45,0",0,0,0,0,0,"34,0","40,0","85,0",,"2,0","1,0",0,0,,,2025-10-11 00:00:00,Int. Friendly Games,Argentina,4819,Venezuela,4722,1,0,W,Venezuela,home,True,Argentina,"2,0","0,0",,"2,0","2,0","0,0",,,"4,0","3,0","1,0","23,0","18,0","1,0",,"8,0","0,0",,,,"49,0",,,,,,"0,0",,,,,,,,,,,,,,"0,0","68,0","2,0"
14787863,home,4-2-2-2,974505,Enzo Fernández,E. Fernández,M,"8,0",True,Argentina,"7,7","78,0",0,0,0,0,1,"102,0","112,0","91,1","3,0","5,0",,0,0,,,2025-10-11 00:00:00,Int. Friendly Games,Argentina,4819,Venezuela,4722,1,0,W,Venezuela,home,True,Argentina,"2,0","60,0",,,,,,,"7,0","5,0","3,0","72,0","62,0","2,0","1,0","16,0","0,0",,,,"124,0","2,0","1,0","1,0","1,0",,"0,0",,"1,0","2,0",,,,,,,,,,,"0,0","117,7","2,3"
14787863,home,4-2-2-2,255389,Leandro Paredes,L. Paredes,M,"5,0",True,Argentina,"7,2","63,0",0,0,0,0,0,"68,0","74,0","91,9","4,0","6,0","1,0",0,0,,,2025-10-11 00:00:00,Int. Friendly Games,Argentina,4819,Venezuela,4722,1,0,W,Venezuela,home,True,Argentina,"2,0","66,7",,,,,"4,0","1,0","5,0","5,0",,"40,0","34,0","1,0","1,0","6,0","0,0",,,,"80,0",,,,,,"0,0",,"2,0",,,,,,,,,,,,"0,0","97,1","1,4"
14787863,home,4-2-2-2,1171451,Nico Paz,N. Paz,M,"10,0",True,Argentina,"7,8","90,0",0,0,2,0,0,"50,0","54,0","92,6","10,0","11,0","1,0",0,0,,,2025-10-11 00:00:00,Int. Friendly Games,Argentina,4819,Venezuela,4722,1,0,W,Venezuela,home,True,Argentina,"1,0","90,9",,"1,0","1,0","0,0","4,0","2,0","2,0","1,0","1,0","44,0","40,0","2,0",,"8,0","3,0","1,0",,"1,0","73,0","2,0",,"4,0","4,0",,"0,0",,,"2,0",,,,,,,,,"30,0","45,0","0,0","50,0","2,0"
14787863,home,4-2-2-2,798835,Giovani Lo Celso,G. Lo Celso,M,"20,0",True,Argentina,"8,0","90,0",1,0,2,0,0,"49,0","51,0","96,1","6,0","11,0",,0,0,,,2025-10-11 00:00:00,Int. Friendly Games,Argentina,4819,Venezuela,4722,1,0,W,Venezuela,home,True,Argentina,"5,0","54,5",,,,,"5,0","5,0","3,0","3,0","1,0","32,0","30,0","2,0",,"8,0","2,0",,,,"71,0","2,0","2,0","2,0","1,0",,"0,0",,"1,0",,"2,0",,,,,,,,"45,0","45,0","1,0","49,0","2,0"
14787863,home,4-2-2-2,944656,Julián Alvarez,J. Álvarez,F,"19,0",True,Argentina,"7,1","78,0",0,0,1,0,3,"19,0","22,0","86,4","2,0","7,0",,0,0,,,2025-10-11 00:00:00,Int. Friendly Games,Argentina,4819,Venezuela,4722,1,0,W,Venezuela,home,True,Argentina,"5,0","28,6",,,,,"1,0",,,,"5,0","18,0","15,0",,,"12,0","2,0",,"1,0",,"38,0","2,0","1,0","2,0",,,"0,0",,"1,0","1,0",,,,,,,,,"39,0","78,0","0,0","21,9","0,0"
14787863,home,4-2-2-2,823984,Lautaro Martínez,L. Martínez,F,"10,0",True,Argentina,"6,4","90,0",0,1,5,2,1,"21,0","26,0","80,8","6,0","9,0","1,0",0,0,,,2025-10-11 00:00:00,Int. Friendly Games,Argentina,4819,Venezuela,4722,1,0,W,Venezuela,home,True,Argentina,"3,0","66,7",,,,,,,"1,0","1,0","1,0","20,0","15,0","6,0",,"9,0","9,0","5,0",,,"52,0",,,"6,0","3,0",,"0,0",,,"3,0","2,0",,,,,,,,"10,0","18,0","1,0","21,0","6,0"
14787863,home,4-2-2-2,901325,Nicolás González,N. González,M,"23,0",False,Argentina,"7,4","45,0",0,0,0,0,2,"19,0","21,0","90,5","6,0","7,0",,0,0,,,2025-10-11 00:00:00,Int. Friendly Games,Argentina,4819,Venezuela,4722,1,0,W,Venezuela,home,True,Argentina,"1,0","85,7","1,0",,"1,0","100,0","1,0","1,0",,,"1,0","13,0","11,0","1,0",,"2,0","0,0",,"1,0",,"31,0",,,"1,0","1,0",,"0,0",,"1,0","3,0",,,,,,,,,,,"0,0","38,0","2,0"
14787863,home,4-2-2-2,1099352,Giuliano Simeone,G. Simeone,M,"20,0",False,Argentina,"6,8","27,0",0,0,0,0,3,"17,0","19,0","89,5",,"2,0",,0,0,,,2025-10-11 00:00:00,Int. Friendly Games,Argentina,4819,Venezuela,4722,1,0,W,Venezuela,home,True,Argentina,"2,0","0,0",,,,,,,"1,0","1,0",,"14,0","12,0","1,0",,"4,0","0,0","1,0","2,0",,"22,0","1,0",,"1,0",,,"0,0",,,,,,,,,,,,,,"0,0","56,7","3,3"
14787863,home,4-2-2-2,928236,Leonardo Balerdi,L. Balerdi,D,"5,0",False,Argentina,"6,5","12,0",0,0,0,1,0,"10,0","10,0","100,0","1,0","1,0",,0,0,,,2025-10-11 00:00:00,Int. Friendly Games,Argentina,4819,Venezuela,4722,1,0,W,Venezuela,home,True,Argentina,,"100,0",,,,,"1,0",,"2,0","2,0",,"3,0","3,0",,,,"1,0","1,0",,,"12,0",,,,,,"0,0",,,,,,,,,,,,"12,0",,"0,0","75,0","0,0"
14787863,home,4-2-2-2,249399,Rodrigo De Paul,R. De Paul,M,"7,0",False,Argentina,"7,4","12,0",0,0,0,0,2,"17,0","22,0","77,3",,,,0,0,,,2025-10-11 00:00:00,Int. Friendly Games,Argentina,4819,Venezuela,4722,1,0,W,Venezuela,home,True,Argentina,,,,,,,,,"3,0","1,0","2,0","19,0","14,0","1,0",,"5,0","0,0",,"1,0",,"24,0",,,,,,"0,0",,,,,,,,,,,,,,"0,0","127,5","7,5"
14787863,home,4-2-2-2,895324,Alexis Mac Allister,A. Mac Allister,M,"10,0",False,Argentina,"6,6","12,0",0,0,1,0,0,"11,0","12,0","91,7",,"2,0",,0,0,,,2025-10-11 00:00:00,Int. Friendly Games,Argentina,4819,Venezuela,4722,1,0,W,Venezuela,home,True,Argentina,"2,0","0,0",,"1,0","1,0","0,0",,,"1,0","1,0",,"8,0","7,0","1,0",,"2,0","1,0",,,,"14,0",,,"1,0",,,"0,0",,,,,,,,,,,,"12,0","12,0","0,0","82,5","7,5"
14787863,home,4-2-2-2,249859,Walter Benítez,W. Benítez,G,"44,0",False,Argentina,,,0,0,0,0,0,,,,,,,0,0,,,2025-10-11 00:00:00,Int. Friendly Games,Argentina,4819,Venezuela,4722,1,0,W,Venezuela,home,True,Argentina,,,,,,,,,,,,,,,,,"0,0",,,,,,,,,,,,,,,,,,,,,,,,,,
14787863,home,4-2-2-2,128383,Gerónimo Rulli,G. Rulli,G,"1,0",False,Argentina,,,0,0,0,0,0,,,,,,,0,0,,,2025-10-11 00:00:00,Int. Friendly Games,Argentina,4819,Venezuela,4722,1,0,W,Venezuela,home,True,Argentina,,,,,,,,,,,,,,,,,"0,0",,,,,,,,,,,,,,,,,,,,,,,,,,
14787863,home,4-2-2-2,822933,Gonzalo Montiel,G. Montiel,D,"29,0",False,Argentina,,,0,0,0,0,0,,,,,,,0,0,,,2025-10-11 00:00:00,Int. Friendly Games,Argentina,4819,Venezuela,4722,1,0,W,Venezuela,home,True,Argentina,,,,,,,,,,,,,,,,,"0,0",,,,,,,,,,,,,,,,,,,,,,,,,,
14787863,home,4-2-2-2,74915,Nicolás Otamendi,N. Otamendi,D,"30,0",False,Argentina,,,0,0,0,0,0,,,,,,,0,0,,,2025-10-11 00:00:00,Int. Friendly Games,Argentina,4819,Venezuela,4722,1,0,W,Venezuela,home,True,Argentina,,,,,,,,,,,,,,,,,"0,0",,,,,,,,,,,,,,,,,,,,,,,,,,
14787863,home,4-2-2-2,1835781,Lautaro Rivero,L. Rivero,D,"13,0",False,Argentina,,,0,0,0,0,0,,,,,,,0,0,,,2025-10-11 00:00:00,Int. Friendly Games,Argentina,4819,Venezuela,4722,1,0,W,Venezuela,home,True,Argentina,,,,,,,,,,,,,,,,,"0,0",,,,,,,,,,,,,,,,,,,,,,,,,,
14787863,home,4-2-2-2,977677,Aníbal Moreno,A. Moreno,M,"6,0",False,Argentina,,,0,0,0,0,0,,,,,,,0,0,,,2025-10-11 00:00:00,Int. Friendly Games,Argentina,4819,Venezuela,4722,1,0,W,Venezuela,home,True,Argentina,,,,,,,,,,,,,,,,,"0,0",,,,,,,,,,,,,,,,,,,,,,,,,,
14787863,home,4-2-2-2,1094179,José Manuel López,J. López,F,"42,0",False,Argentina,,,0,0,0,0,0,,,,,,,0,0,,,2025-10-11 00:00:00,Int. Friendly Games,Argentina,4819,Venezuela,4722,1,0,W,Venezuela,home,True,Argentina,,,,,,,,,,,,,,,,,"0,0",,,,,,,,,,,,,,,,,,,,,,,,,,
14169218,away,4-2-3-1,158263,Emiliano Martínez,E. Martínez,G,"23,0",True,Argentina,"7,0","90,0",0,0,0,0,0,"23,0","28,0","82,1",,,,0,0,,,2025-09-09 23:00:00,"World Cup Qualification, CONMEBOL",Ecuador,4757,Argentina,4819,1,0,L,Ecuador,away,True,Argentina,,,,,,,,,"9,0","4,0",,"8,0","3,0","4,0",,"6,0","0,0",,,,"34,0",,,,,,"0,0",,,,,"3,0",,,,,,,,,"0,0","23,0","4,0"
14169218,away,4-2-3-1,822933,Gonzalo Montiel,G. Montiel,D,"29,0",True,Argentina,"6,6","68,0",0,0,0,0,0,"27,0","32,0","84,4","2,0","2,0",,0,0,,,2025-09-09 23:00:00,"World Cup Qualification, CONMEBOL",Ecuador,4757,Argentina,4819,1,0,L,Ecuador,away,True,Argentina,,"100,0",,,,,"2,0",,"2,0",,,"14,0","12,0","1,0","1,0","7,0","0,0",,,,"40,0","1,0",,,,,"0,0",,,,,,,,,,,,,,"0,0","35,7","1,3"
14169218,away,4-2-3-1,928236,Leonardo Balerdi,L. Balerdi,D,"5,0",True,Argentina,"7,0","90,0",0,0,0,0,0,"76,0","79,0","96,2","6,0","9,0","1,0",0,0,,,2025-09-09 23:00:00,"World Cup Qualification, CONMEBOL",Ecuador,4757,Argentina,4819,1,0,L,Ecuador,away,True,Argentina,"3,0","66,7","4,0",,"4,0","100,0","1,0",,"5,0","4,0",,"37,0","37,0","6,0","6,0","3,0","0,0",,,,"88,0",,,"1,0","1,0",,"0,0",,"1,0",,,,,,,,,,,,"0,0","76,0","6,0"
14169218,away,4-2-3-1,74915,Nicolás Otamendi,N. Otamendi,D,"30,0",True,Argentina,"5,4","31,0",0,0,0,0,0,"17,0","18,0","94,4","1,0","3,0",,0,0,,,2025-09-09 23:00:00,"World Cup Qualification, CONMEBOL",Ecuador,4757,Argentina,4819,1,0,L,Ecuador,away,True,Argentina,"2,0","33,3","1,0","1,0","2,0","50,0",,,"1,0","1,0",,"4,0","3,0",,"2,0","1,0","0,0",,,,"20,0",,,,,,"0,0",,"1,0",,,,,,,,,,,,"0,0","49,4","0,0"
14169218,away,4-2-3-1,158243,Nicolás Tagliafico,N. Tagliafico,D,"3,0",True,Argentina,"6,1","90,0",0,0,0,1,0,"45,0","47,0","95,7","3,0","7,0",,0,0,,,2025-09-09 23:00:00,"World Cup Qualification, CONMEBOL",Ecuador,4757,Argentina,4819,1,0,L,Ecuador,away,True,Argentina,"4,0","42,9","2,0",,"2,0","100,0","1,0","1,0","1,0",,"2,0","24,0","22,0","1,0","1,0","8,0","1,0",,,,"64,0","3,0","1,0",,,,"0,0",,"2,0",,,,,,,,,,"90,0",,"0,0","45,0","1,0"
14169218,away,4-2-3-1,249399,Rodrigo De Paul,R. De Paul,M,"7,0",True,Argentina,"6,6","68,0",0,0,0,0,0,"39,0","47,0","83,0","2,0","8,0",,0,0,,,2025-09-09 23:00:00,"World Cup Qualification, CONMEBOL",Ecuador,4757,Argentina,4819,1,0,L,Ecuador,away,True,Argentina,"6,0","25,0",,,,,"1,0",,"6,0","5,0","1,0","24,0","18,0","1,0",,"15,0","0,0",,,,"60,0","1,0","4,0","1,0",,,"0,0",,"1,0","1,0",,,,,,,,,,,"0,0","51,6","1,3"
14169218,away,4-2-3-1,255389,Leandro Paredes,L. Paredes,M,"5,0",True,Argentina,"6,9","62,0",0,0,0,0,1,"35,0","39,0","89,7","3,0","3,0",,0,0,,,2025-09-09 23:00:00,"World Cup Qualification, CONMEBOL",Ecuador,4757,Argentina,4819,1,0,L,Ecuador,away,True,Argentina,,"100,0",,,,,,,"5,0","2,0","7,0","29,0","20,0","2,0","2,0","11,0","1,0",,,,"53,0",,,,,,"0,0",,,"3,0",,,,,,,,,"62,0",,"0,0","50,8","2,9"
14169218,away,4-2-3-1,1099352,Giuliano Simeone,G. Simeone,M,"20,0",True,Argentina,"6,7","38,0",0,0,0,0,0,"7,0","7,0","100,0","1,0","1,0","1,0",0,0,,,2025-09-09 23:00:00,"World Cup Qualification, CONMEBOL",Ecuador,4757,Argentina,4819,1,0,L,Ecuador,away,True,Argentina,,"100,0",,,,,"1,0",,,,"1,0","4,0","3,0",,,"1,0","0,0",,,,"11,0",,,,,,"0,0",,,,,,,,,,,,,,"0,0","16,6","0,0"
14169218,away,4-2-3-1,895324,Alexis Mac Allister,A. Mac Allister,M,"10,0",True,Argentina,"7,3","90,0",0,0,0,0,0,"50,0","56,0","89,3","7,0","11,0","1,0",0,0,,,2025-09-09 23:00:00,"World Cup Qualification, CONMEBOL",Ecuador,4757,Argentina,4819,1,0,L,Ecuador,away,True,Argentina,"4,0","63,6",,,,,"4,0","3,0","9,0","7,0",,"39,0","34,0","8,0","1,0","9,0","0,0",,,,"73,0",,"3,0",,,,"0,0",,"1,0","3,0",,,,,,,,,,,"0,0","50,0","8,0"
14169218,away,4-2-3-1,901325,Nicolás González,N. González,M,"23,0",True,Argentina,"7,1","90,0",0,0,0,0,0,"22,0","26,0","84,6","12,0","17,0",,0,0,,,2025-09-09 23:00:00,"World Cup Qualification, CONMEBOL",Ecuador,4757,Argentina,4819,1,0,L,Ecuador,away,True,Argentina,"5,0","70,6","3,0","2,0","5,0","60,0","4,0","3,0","1,0",,"3,0","25,0","20,0","1,0","1,0","13,0","0,0",,,,"55,0","5,0","1,0","1,0",,,"0,0",,"1,0","5,0","1,0",,,,,,,,,,"0,0","22,0","1,0"
14169218,away,4-2-3-1,823984,Lautaro Martínez,L. Martínez,F,"10,0",True,Argentina,"6,6","63,0",0,0,0,2,0,"18,0","22,0","81,8","2,0","6,0",,0,0,,,2025-09-09 23:00:00,"World Cup Qualification, CONMEBOL",Ecuador,4757,Argentina,4819,1,0,L,Ecuador,away,True,Argentina,"4,0","33,3","1,0","1,0","2,0","50,0",,,,,,"9,0","5,0","4,0","1,0","5,0","2,0",,,,"28,0",,,"2,0","1,0",,"0,0",,"2,0",,,,,,,,,,"31,5",,"0,0","25,7","5,7"
14169218,away,4-2-3-1,873189,Juan Foyth,J. Foyth,D,"8,0",False,Argentina,"7,0","52,0",0,0,0,0,0,"73,0","74,0","98,6",,,"3,0",0,0,,,2025-09-09 23:00:00,"World Cup Qualification, CONMEBOL",Ecuador,4757,Argentina,4819,1,0,L,Ecuador,away,True,Argentina,,,,,,,,,"2,0","1,0",,"51,0","50,0","5,0","1,0","1,0","0,0",,,,"80,0",,,,,,"0,0",,,,,,,,,,,,,,"0,0","126,3","8,7"
14169218,away,4-2-3-1,1403559,Franco Mastantuono,F. Mastantuono,F,"30,0",False,Argentina,"6,4","28,0",0,0,0,0,0,"17,0","22,0","77,3","2,0","6,0",,0,0,,,2025-09-09 23:00:00,"World Cup Qualification, CONMEBOL",Ecuador,4757,Argentina,4819,1,0,L,Ecuador,away,True,Argentina,"4,0","33,3",,,,,,,,,"2,0","23,0","17,0","2,0",,"11,0","2,0",,,,"35,0","1,0","3,0","2,0","2,0",,"0,0",,,,,,,,,,,,"14,0",,"0,0","54,6","6,4"
14169218,away,4-2-3-1,944656,Julián Alvarez,J. Álvarez,F,"19,0",False,Argentina,"6,5","27,0",0,0,0,0,0,"8,0","13,0","61,5","1,0","4,0",,0,0,,,2025-09-09 23:00:00,"World Cup Qualification, CONMEBOL",Ecuador,4757,Argentina,4819,1,0,L,Ecuador,away,True,Argentina,"3,0","25,0","1,0","1,0","2,0","50,0",,,,,"1,0","14,0","8,0","1,0",,"7,0","0,0",,,,"16,0",,"1,0",,,,"0,0",,"1,0",,,,,,,,,,,,"0,0","26,7","3,3"
14169218,away,4-2-3-1,831799,Nahuel Molina,N. Molina,D,"16,0",False,Argentina,"6,8","22,0",0,0,0,0,2,"19,0","20,0","95,0",,"2,0",,0,0,,,2025-09-09 23:00:00,"World Cup Qualification, CONMEBOL",Ecuador,4757,Argentina,4819,1,0,L,Ecuador,away,True,Argentina,"2,0","0,0",,,,,,,"1,0","1,0","4,0","22,0","17,0","1,0",,"6,0","0,0",,,,"25,0",,"1,0",,,,"0,0",,,,,,,,,,,,,,"0,0","77,7","4,1"
14169218,away,4-2-3-1,798835,Giovani Lo Celso,G. Lo Celso,M,"20,0",False,Argentina,"7,0","22,0",0,0,0,1,1,"12,0","16,0","75,0","2,0","3,0",,0,0,,,2025-09-09 23:00:00,"World Cup Qualification, CONMEBOL",Ecuador,4757,Argentina,4819,1,0,L,Ecuador,away,True,Argentina,"1,0","66,7",,"1,0","1,0","0,0","1,0",,,,"3,0","10,0","7,0","1,0",,"6,0","2,0",,,,"25,0","1,0",,,,,"0,0",,,"1,0",,,,,,,,,"11,0",,"0,0","49,1","4,1"
14169218,away,4-2-3-1,128383,Gerónimo Rulli,G. Rulli,G,"1,0",False,Argentina,,,0,0,0,0,0,,,,,,,0,0,,,2025-09-09 23:00:00,"World Cup Qualification, CONMEBOL",Ecuador,4757,Argentina,4819,1,0,L,Ecuador,away,True,Argentina,,,,,,,,,,,,,,,,,"0,0",,,,,,,,,,,,,,,,,,,,,,,,,,
14169218,away,4-2-3-1,249859,Walter Benítez,W. Benítez,G,"44,0",False,Argentina,,,0,0,0,0,0,,,,,,,0,0,,,2025-09-09 23:00:00,"World Cup Qualification, CONMEBOL",Ecuador,4757,Argentina,4819,1,0,L,Ecuador,away,True,Argentina,,,,,,,,,,,,,,,,,"0,0",,,,,,,,,,,,,,,,,,,,,,,,,,
14169218,away,4-2-3-1,578560,Marcos Acuña,M. Acuña,D,"21,0",False,Argentina,,,0,0,0,0,0,,,,,,,0,0,,,2025-09-09 23:00:00,"World Cup Qualification, CONMEBOL",Ecuador,4757,Argentina,4819,1,0,L,Ecuador,away,True,Argentina,,,,,,,,,,,,,,,,,"0,0",,,,,,,,,,,,,,,,,,,,,,,,,,
14169218,away,4-2-3-1,822600,Exequiel Palacios,E. Palacios,M,"25,0",False,Argentina,,,0,0,0,0,0,,,,,,,0,0,,,2025-09-09 23:00:00,"World Cup Qualification, CONMEBOL",Ecuador,4757,Argentina,4819,1,0,L,Ecuador,away,True,Argentina,,,,,,,,,,,,,,,,,"0,0",,,,,,,,,,,,,,,,,,,,,,,,,,
14169218,away,4-2-3-1,1066560,Alan Varela,A. Varela,M,"22,0",False,Argentina,,,0,0,0,0,0,,,,,,,0,0,,,2025-09-09 23:00:00,"World Cup Qualification, CONMEBOL",Ecuador,4757,Argentina,4819,1,0,L,Ecuador,away,True,Argentina,,,,,,,,,,,,,,,,,"0,0",,,,,,,,,,,,,,,,,,,,,,,,,,
14169218,away,4-2-3-1,1171451,Nico Paz,N. Paz,M,"10,0",False,Argentina,,,0,0,0,0,0,,,,,,,0,0,,,2025-09-09 23:00:00,"World Cup Qualification, CONMEBOL",Ecuador,4757,Argentina,4819,1,0,L,Ecuador,away,True,Argentina,,,,,,,,,,,,,,,,,"0,0",,,,,,,,,,,,,,,,,,,,,,,,,,
14169218,away,4-2-3-1,1094179,José Manuel López,J. López,F,"42,0",False,Argentina,,,0,0,0,0,0,,,,,,,0,0,,,2025-09-09 23:00:00,"World Cup Qualification, CONMEBOL",Ecuador,4757,Argentina,4819,1,0,L,Ecuador,away,True,Argentina,,,,,,,,,,,,,,,,,"0,0",,,,,,,,,,,,,,,,,,,,,,,,,,
14169215,home,4-2-2-2,158263,Emiliano Martínez,E. Martínez,G,"23,0",True,Argentina,"6,8","90,0",0,0,0,0,0,"20,0","21,0","95,2",,,,0,0,,,2025-09-04 23:30:00,"World Cup Qualification, CONMEBOL",Argentina,4819,Venezuela,4722,3,0,W,Venezuela,home,True,Argentina,,,,,,,,,"3,0","2,0",,"1,0",,"5,0",,"1,0","0,0",,,,"25,0",,,,,,"0,0",,,,,,,,,,,,,,"0,0","20,0","5,0"
14169215,home,4-2-2-2,831799,Nahuel Molina,N. Molina,D,"16,0",True,Argentina,"7,0","81,0",0,0,0,0,0,"51,0","56,0","91,1","2,0","2,0","1,0",0,0,,,2025-09-04 23:30:00,"World Cup Qualification, CONMEBOL",Argentina,4819,Venezuela,4722,3,0,W,Venezuela,home,True,Argentina,,"100,0","1,0",,"1,0","100,0","1,0","1,0","2,0","2,0",,"28,0","25,0","4,0","1,0","6,0","0,0",,,,"69,0","1,0",,,,,"0,0",,,,,,,,,,,,,,"0,0","56,7","4,4"
14169215,home,4-2-2-2,829932,Cristian Romero,C. Romero,D,"17,0",True,Argentina,"7,7","90,0",0,0,0,0,0,"99,0","103,0","96,1","3,0","7,0","3,0",0,0,,,2025-09-04 23:30:00,"World Cup Qualification, CONMEBOL",Argentina,4819,Venezuela,4722,3,0,W,Venezuela,home,True,Argentina,"4,0","42,9","1,0","1,0","2,0","50,0","1,0",,"5,0","4,0",,"32,0","30,0","5,0","2,0","5,0","0,0",,,,"115,0",,,,,,"0,0",,"3,0","1,0","1,0",,,,,,,,,,"0,0","99,0","5,0"
14169215,home,4-2-2-2,74915,Nicolás Otamendi,N. Otamendi,D,"30,0",True,Argentina,"7,9","90,0",0,0,0,1,0,"99,0","101,0","98,0","5,0","5,0","2,0",0,0,,,2025-09-04 23:30:00,"World Cup Qualification, CONMEBOL",Argentina,4819,Venezuela,4722,3,0,W,Venezuela,home,True,Argentina,,"100,0","4,0",,"4,0","100,0",,,"10,0","10,0",,"25,0","24,0","3,0","8,0","2,0","1,0",,,,"115,0",,,,,,"0,0",,,"1,0",,,,,,,,,"90,0",,"0,0","99,0","3,0"
14169215,home,4-2-2-2,158243,Nicolás Tagliafico,N. Tagliafico,D,"3,0",True,Argentina,"7,4","90,0",0,0,1,0,0,"45,0","48,0","93,8","3,0","3,0",,0,0,,,2025-09-04 23:30:00,"World Cup Qualification, CONMEBOL",Argentina,4819,Venezuela,4722,3,0,W,Venezuela,home,True,Argentina,,"100,0",,,,,"1,0",,"2,0","1,0","1,0","25,0","22,0","5,0",,"4,0","1,0",,,,"60,0",,,"1,0","1,0",,"0,0",,,"1,0",,,,,,,,,"90,0","90,0","0,0","45,0","5,0"
14169215,home,4-2-2-2,249399,Rodrigo De Paul,R. De Paul,M,"7,0",True,Argentina,"7,8","90,0",0,0,0,1,1,"113,0","123,0","91,9","2,0","2,0",,0,0,,,2025-09-04 23:30:00,"World Cup Qualification, CONMEBOL",Argentina,4819,Venezuela,4722,3,0,W,Venezuela,home,True,Argentina,,"100,0",,,,,,,"14,0","12,0","1,0","72,0","62,0","5,0",,"13,0","1,0",,,,"132,0",,,,,,"0,0",,,"2,0",,,,,,,,,"90,0",,"0,0","113,0","5,0"
14169215,home,4-2-2-2,255389,Leandro Paredes,L. Paredes,M,"5,0",True,Argentina,"7,5","74,0",0,0,0,0,1,"94,0","99,0","94,9","1,0","3,0",,0,0,,,2025-09-04 23:30:00,"World Cup Qualification, CONMEBOL",Argentina,4819,Venezuela,4722,3,0,W,Venezuela,home,True,Argentina,"2,0","33,3",,,,,"1,0","1,0","15,0","14,0",,"48,0","45,0","9,0",,"6,0","0,0",,,,"103,0",,"1,0",,,,"0,0",,"1,0",,,,,,,,,,,,"0,0","114,3","10,9"
14169215,home,4-2-2-2,1403559,Franco Mastantuono,F. Mastantuono,F,"30,0",True,Argentina,"6,9","63,0",0,0,0,1,0,"43,0","49,0","87,8","2,0","6,0","1,0",0,0,,,2025-09-04 23:30:00,"World Cup Qualification, CONMEBOL",Argentina,4819,Venezuela,4722,3,0,W,Venezuela,home,True,Argentina,"4,0","33,3",,,,,,,"5,0","4,0",,"32,0","26,0","2,0","1,0","14,0","1,0",,,,"67,0","5,0","1,0","2,0","1,0",,"0,0",,"2,0","1,0",,,,,,,,,"63,0",,"0,0","61,4","2,9"
14169215,home,4-2-2-2,944660,Thiago Almada,T. Almada,M,"11,0",True,Argentina,"7,9","81,0",0,1,1,2,4,"62,0","66,0","93,9",,"1,0",,0,0,,,2025-09-04 23:30:00,"World Cup Qualification, CONMEBOL",Argentina,4819,Venezuela,4722,3,0,W,Venezuela,home,True,Argentina,"1,0","0,0",,,,,,,"1,0","1,0",,"47,0","44,0","3,0","1,0","6,0","3,0","1,0","2,0",,"76,0","1,0","1,0",,,,"0,0",,,,,,,,,,,,"27,0","81,0","1,11","68,9","3,3"
14169215,home,4-2-2-2,12994,Lionel Messi,L. Messi,F,"10,0",True,Argentina,"9,3","90,0",2,0,4,0,5,"68,0","76,0","89,5","5,0","15,0",,0,0,,,2025-09-04 23:30:00,"World Cup Qualification, CONMEBOL",Argentina,4819,Venezuela,4722,3,0,W,Venezuela,home,True,Argentina,"10,0","33,3",,,,,,,"8,0","7,0",,"57,0","50,0",,,"23,0","7,0","1,0","1,0",,"106,0","5,0","2,0","11,0","4,0",,"0,0",,"1,0","1,0","2,0",,,,,,,,"12,9","22,5","2,0","68,0","0,0"
14169215,home,4-2-2-2,944656,Julián Alvarez,J. Álvarez,F,"19,0",True,Argentina,"7,6","74,0",0,1,1,0,4,"30,0","34,0","88,2","3,0","6,0",,0,0,,,2025-09-04 23:30:00,"World Cup Qualification, CONMEBOL",Argentina,4819,Venezuela,4722,3,0,W,Venezuela,home,True,Argentina,"3,0","50,0","1,0","1,0","2,0","50,0",,,"1,0","1,0",,"29,0","27,0","2,0",,"6,0","1,0","1,0","2,0",,"39,0","1,0","1,0","1,0","1,0",,"0,0",,"1,0","1,0",,,,,,,,,"74,0","74,0","1,22","36,5","2,4"
14169215,home,4-2-2-2,901325,Nicolás González,N. González,M,"23,0",False,Argentina,"6,9","27,0",0,1,1,0,1,"10,0","11,0","90,9","2,0","3,0",,0,0,,,2025-09-04 23:30:00,"World Cup Qualification, CONMEBOL",Argentina,4819,Venezuela,4722,3,0,W,Venezuela,home,True,Argentina,"1,0","66,7","1,0",,"1,0","100,0",,,,,,"9,0","8,0","2,0","2,0","2,0","1,0","1,0","1,0",,"16,0",,,"1,0",,,"0,0",,,"1,0",,,,,,,,,"27,0","27,0","3,33","33,3","6,7"
14169215,home,4-2-2-2,822600,Exequiel Palacios,E. Palacios,M,"25,0",False,Argentina,"6,8","16,0",0,0,0,0,0,"30,0","30,0","100,0","2,0","2,0",,0,0,,,2025-09-04 23:30:00,"World Cup Qualification, CONMEBOL",Argentina,4819,Venezuela,4722,3,0,W,Venezuela,home,True,Argentina,,"100,0","1,0",,"1,0","100,0",,,,,,"14,0","14,0",,,,"0,0",,,,"31,0",,,,,,"0,0",,,"1,0",,,,,,,,,,,"0,0","168,8","0,0"
14169215,home,4-2-2-2,823984,Lautaro Martínez,L. Martínez,F,"10,0",False,Argentina,"7,2","16,0",1,0,1,0,0,"4,0","5,0","80,0",,"1,0",,0,0,,,2025-09-04 23:30:00,"World Cup Qualification, CONMEBOL",Argentina,4819,Venezuela,4722,3,0,W,Venezuela,home,True,Argentina,"1,0","0,0",,,,,,,,,,"3,0","2,0",,,"3,0","1,0",,,,"9,0","2,0",,,,,"0,0",,,,,,,,,,,,"16,0","16,0","5,62","22,5","0,0"
14169215,home,4-2-2-2,1171451,Nico Paz,N. Paz,M,"10,0",False,Argentina,"6,7","9,0",0,0,0,0,0,"7,0","7,0","100,0","2,0","4,0","1,0",0,0,,,2025-09-04 23:30:00,"World Cup Qualification, CONMEBOL",Argentina,4819,Venezuela,4722,3,0,W,Venezuela,home,True,Argentina,"2,0","50,0",,"1,0","1,0","0,0",,,,,,"2,0","2,0","1,0",,"1,0","0,0",,,,"13,0","1,0",,,,,"0,0",,"1,0","2,0",,,,,,,,,,,"0,0","70,0","10,0"
14169215,home,4-2-2-2,1099352,Giuliano Simeone,G. Simeone,M,"20,0",False,Argentina,"6,5","9,0",0,0,0,0,0,"6,0","6,0","100,0","1,0","1,0",,0,0,,,2025-09-04 23:30:00,"World Cup Qualification, CONMEBOL",Argentina,4819,Venezuela,4722,3,0,W,Venezuela,home,True,Argentina,,"100,0",,,,,"1,0",,,,,"3,0","3,0","2,0",,"1,0","0,0",,,,"8,0","1,0",,,,,"0,0",,,,"1,0",,,,,,,,,,"0,0","60,0","20,0"
14169215,home,4-2-2-2,249859,Walter Benítez,W. Benítez,G,"44,0",False,Argentina,,,0,0,0,0,0,,,,,,,0,0,,,2025-09-04 23:30:00,"World Cup Qualification, CONMEBOL",Argentina,4819,Venezuela,4722,3,0,W,Venezuela,home,True,Argentina,,,,,,,,,,,,,,,,,"0,0",,,,,,,,,,,,,,,,,,,,,,,,,,
14169215,home,4-2-2-2,128383,Gerónimo Rulli,G. Rulli,G,"1,0",False,Argentina,,,0,0,0,0,0,,,,,,,0,0,,,2025-09-04 23:30:00,"World Cup Qualification, CONMEBOL",Argentina,4819,Venezuela,4722,3,0,W,Venezuela,home,True,Argentina,,,,,,,,,,,,,,,,,"0,0",,,,,,,,,,,,,,,,,,,,,,,,,,
14169215,home,4-2-2-2,822933,Gonzalo Montiel,G. Montiel,D,"29,0",False,Argentina,,,0,0,0,0,0,,,,,,,0,0,,,2025-09-04 23:30:00,"World Cup Qualification, CONMEBOL",Argentina,4819,Venezuela,4722,3,0,W,Venezuela,home,True,Argentina,,,,,,,,,,,,,,,,,"0,0",,,,,,,,,,,,,,,,,,,,,,,,,,
14169215,home,4-2-2-2,578560,Marcos Acuña,M. Acuña,D,"21,0",False,Argentina,,,0,0,0,0,0,,,,,,,0,0,,,2025-09-04 23:30:00,"World Cup Qualification, CONMEBOL",Argentina,4819,Venezuela,4722,3,0,W,Venezuela,home,True,Argentina,,,,,,,,,,,,,,,,,"0,0",,,,,,,,,,,,,,,,,,,,,,,,,,
14169215,home,4-2-2-2,928236,Leonardo Balerdi,L. Balerdi,D,"5,0",False,Argentina,,,0,0,0,0,0,,,,,,,0,0,,,2025-09-04 23:30:00,"World Cup Qualification, CONMEBOL",Argentina,4819,Venezuela,4722,3,0,W,Venezuela,home,True,Argentina,,,,,,,,,,,,,,,,,"0,0",,,,,,,,,,,,,,,,,,,,,,,,,,
14169215,home,4-2-2-2,798835,Giovani Lo Celso,G. Lo Celso,M,"20,0",False,Argentina,,,0,0,0,0,0,,,,,,,0,0,,,2025-09-04 23:30:00,"World Cup Qualification, CONMEBOL",Argentina,4819,Venezuela,4722,3,0,W,Venezuela,home,True,Argentina,,,,,,,,,,,,,,,,,"0,0",,,,,,,,,,,,,,,,,,,,,,,,,,
14169215,home,4-2-2-2,895324,Alexis Mac Allister,A. Mac Allister,M,"10,0",False,Argentina,,,0,0,0,0,0,,,,,,,0,0,,,2025-09-04 23:30:00,"World Cup Qualification, CONMEBOL",Argentina,4819,Venezuela,4722,3,0,W,Venezuela,home,True,Argentina,,,,,,,,,,,,,,,,,"0,0",,,,,,,,,,,,,,,,,,,,,,,,,,
13856224,home,4-3-3,158263,Emiliano Martínez,E. Martínez,G,"23,0",True,Argentina,"7,5","90,0",0,0,0,0,0,"22,0","25,0","88,0","1,0","1,0",,0,0,,,2025-06-11 00:00:00,"World Cup Qualification, CONMEBOL",Argentina,4819,Colombia,4820,1,1,D,Colombia,home,True,Argentina,,"100,0","1,0",,"1,0","100,0",,,"5,0","2,0",,"3,0",,"11,0",,"3,0","0,0",,,,"38,0",,,,,,"0,0",,,,,"4,0",,,,,,,,,"0,0","22,0","11,0"
13856224,home,4-3-3,831799,Nahuel Molina,N. Molina,D,"16,0",True,Argentina,"6,3","45,0",0,0,0,0,0,"15,0","17,0","88,2","1,0","3,0",,0,0,,,2025-06-11 00:00:00,"World Cup Qualification, CONMEBOL",Argentina,4819,Colombia,4820,1,1,D,Colombia,home,True,Argentina,"2,0","33,3",,"1,0","1,0","0,0",,,"1,0","1,0","2,0","8,0","5,0","2,0",,"4,0","0,0",,,,"23,0",,,"1,0","1,0",,"0,0",,,,,,,,,,,,,,"0,0","30,0","4,0"
13856224,home,4-3-3,829932,Cristian Romero,C. Romero,D,"17,0",True,Argentina,"7,0","90,0",0,0,0,0,0,"66,0","69,0","95,7","4,0","11,0","5,0",0,0,,,2025-06-11 00:00:00,"World Cup Qualification, CONMEBOL",Argentina,4819,Colombia,4820,1,1,D,Colombia,home,True,Argentina,"7,0","36,4","1,0","2,0","3,0","33,3","1,0","1,0","2,0","2,0",,"30,0","28,0","3,0",,"4,0","0,0",,,,"86,0",,,,,,"0,0",,"2,0","2,0",,,,,,,,,,,"0,0","66,0","3,0"
13856224,home,4-3-3,74915,Nicolás Otamendi,N. Otamendi,D,"30,0",True,Argentina,"7,1","90,0",0,0,0,1,0,"64,0","69,0","92,8","7,0","9,0","1,0",0,0,,,2025-06-11 00:00:00,"World Cup Qualification, CONMEBOL",Argentina,4819,Colombia,4820,1,1,D,Colombia,home,True,Argentina,"2,0","77,8","4,0","1,0","5,0","80,0","3,0","2,0","1,0",,,"20,0","18,0","3,0","1,0","5,0","1,0",,,,"77,0",,,,,,"0,0",,"1,0",,,,,,,,,,"90,0",,"0,0","64,0","3,0"
13856224,home,4-3-3,860307,Facundo Medina,F. Medina,D,"32,0",True,Argentina,"6,8","78,0",0,0,0,0,0,"39,0","45,0","86,7","3,0","5,0",,0,0,,,2025-06-11 00:00:00,"World Cup Qualification, CONMEBOL",Argentina,4819,Colombia,4820,1,1,D,Colombia,home,True,Argentina,"2,0","60,0",,,,,"2,0","2,0",,,"1,0","20,0","17,0","1,0",,"9,0","0,0",,,,"57,0","1,0","1,0",,,,"0,0",,"1,0","1,0",,,,,,,,,,,"0,0","45,0","1,2"
13856224,home,4-3-3,249399,Rodrigo De Paul,R. De Paul,M,"7,0",True,Argentina,"6,9","45,0",0,0,0,0,0,"38,0","41,0","92,7","5,0","7,0","1,0",0,0,,,2025-06-11 00:00:00,"World Cup Qualification, CONMEBOL",Argentina,4819,Colombia,4820,1,1,D,Colombia,home,True,Argentina,"2,0","71,4",,,,,"3,0","1,0","2,0","1,0","3,0","27,0","21,0","2,0",,"8,0","0,0",,,,"53,0","1,0","1,0","1,0","1,0",,"0,0",,,"1,0",,,,,,,,,,,"0,0","76,0","4,0"
13856224,home,4-3-3,255389,Leandro Paredes,L. Paredes,M,"5,0",True,Argentina,"7,6","90,0",0,0,0,0,1,"100,0","101,0","99,0","6,0","7,0",,0,0,,,2025-06-11 00:00:00,"World Cup Qualification, CONMEBOL",Argentina,4819,Colombia,4820,1,1,D,Colombia,home,True,Argentina,"1,0","85,7","1,0",,"1,0","100,0","3,0","3,0","3,0","3,0",,"64,0","63,0","8,0","3,0","2,0","0,0",,,,"111,0",,,"1,0","1,0",,"0,0",,"1,0","1,0",,,,,,,,,,,"0,0","100,0","8,0"
13856224,home,4-3-3,974505,Enzo Fernández,E. Fernández,M,"8,0",True,Argentina,"6,0","70,0",0,0,0,1,0,"52,0","56,0","92,9","1,0","4,0","1,0",0,0,,,2025-06-11 00:00:00,"World Cup Qualification, CONMEBOL",Argentina,4819,Colombia,4820,1,1,D,Colombia,home,True,Argentina,"3,0","25,0",,"1,0","1,0","0,0","1,0","1,0",,,,"29,0","27,0",,,"8,0","1,0","1,0",,,"68,0","4,0",,,,,"0,0",,"2,0",,,,,,,,,,"70,0",,"0,0","66,9","0,0"
13856224,home,4-3-3,12994,Lionel Messi,L. Messi,F,"10,0",True,Argentina,"8,2","78,0",0,0,0,3,1,"43,0","54,0","79,6","12,0","17,0","1,0",0,0,,,2025-06-11 00:00:00,"World Cup Qualification, CONMEBOL",Argentina,4819,Colombia,4820,1,1,D,Colombia,home,True,Argentina,"5,0","70,6",,,,,"1,0","1,0","4,0","3,0","4,0","52,0","38,0","2,0",,"25,0","4,0",,,,"87,0","3,0","1,0","10,0","7,0",,"0,0",,"1,0","4,0","1,0",,,,,,,,"19,5",,"0,0","49,6","2,3"
13856224,home,4-3-3,944656,Julián Alvarez,J. Álvarez,F,"19,0",True,Argentina,"6,8","90,0",0,0,1,0,1,"26,0","30,0","86,7","2,0","10,0",,0,0,,,2025-06-11 00:00:00,"World Cup Qualification, CONMEBOL",Argentina,4819,Colombia,4820,1,1,D,Colombia,home,True,Argentina,"8,0","20,0",,"1,0","1,0","0,0","1,0",,,,,"22,0","18,0","1,0",,"10,0","1,0",,,,"43,0","2,0","1,0","3,0","1,0",,"0,0",,"4,0",,"1,0",,,,,,,,"90,0","90,0","0,0","26,0","1,0"
13856224,home,4-3-3,944660,Thiago Almada,T. Almada,M,"11,0",True,Argentina,"8,1","89,0",1,0,1,0,3,"54,0","59,0","91,5","5,0","8,0","1,0",0,0,,,2025-06-11 00:00:00,"World Cup Qualification, CONMEBOL",Argentina,4819,Colombia,4820,1,1,D,Colombia,home,True,Argentina,"3,0","62,5",,,,,"3,0","2,0",,,"3,0","49,0","43,0","5,0","1,0","11,0","1,0",,,,"76,0","3,0",,"2,0","1,0",,"0,0",,"1,0","1,0","1,0",,,,,,,,"89,0","89,0","1,01","54,6","5,1"
13856224,home,4-3-3,901325,Nicolás González,N. González,M,"23,0",False,Argentina,"7,1","45,0",0,0,1,1,1,"10,0","10,0","100,0","1,0","2,0","3,0",0,0,,,2025-06-11 00:00:00,"World Cup Qualification, CONMEBOL",Argentina,4819,Colombia,4820,1,1,D,Colombia,home,True,Argentina,"1,0","50,0",,"1,0","1,0","0,0",,,,,"1,0","7,0","6,0","2,0","2,0","2,0","2,0","1,0","1,0","1,0","21,0",,,,,,"0,0",,,"1,0",,,,,,,,,"22,5","45,0","0,0","20,0","4,0"
13856224,home,4-3-3,1099352,Giuliano Simeone,G. Simeone,M,"20,0",False,Argentina,"6,9","45,0",0,0,0,0,0,"15,0","19,0","78,9","4,0","7,0",,0,0,,,2025-06-11 00:00:00,"World Cup Qualification, CONMEBOL",Argentina,4819,Colombia,4820,1,1,D,Colombia,home,True,Argentina,"3,0","57,1","1,0","1,0","2,0","50,0","1,0","1,0",,,"1,0","14,0","9,0","1,0",,"5,0","0,0",,,,"24,0",,,"1,0","1,0",,"0,0",,"2,0","1,0","1,0",,,,,,,,,,"0,0","30,0","2,0"
13856224,home,4-3-3,873189,Juan Foyth,J. Foyth,D,"8,0",False,Argentina,"6,5","12,0",0,0,0,0,0,"4,0","5,0","80,0","1,0","3,0",,0,0,,,2025-06-11 00:00:00,"World Cup Qualification, CONMEBOL",Argentina,4819,Colombia,4820,1,1,D,Colombia,home,True,Argentina,"2,0","33,3",,,,,"1,0","1,0",,,,"3,0","3,0",,"1,0","2,0","0,0",,,,"10,0",,"1,0",,,,"0,0",,"1,0",,,,,,,,,,,,"0,0","30,0","0,0"
13856224,home,4-3-3,822600,Exequiel Palacios,E. Palacios,M,"25,0",False,Argentina,"6,8","12,0",0,1,0,0,1,"5,0","6,0","83,3",,,,0,0,,,2025-06-11 00:00:00,"World Cup Qualification, CONMEBOL",Argentina,4819,Colombia,4820,1,1,D,Colombia,home,True,Argentina,,,,,,,,,"2,0","1,0","1,0","5,0","4,0",,,"2,0","0,0",,,,"8,0",,,,,,"0,0",,,,,,,,,,,,,,"7,5","37,5","0,0"
13856224,home,4-3-3,928236,Leonardo Balerdi,L. Balerdi,D,"5,0",False,Argentina,,"1,0",0,0,0,0,0,,,,,,,0,0,,,2025-06-11 00:00:00,"World Cup Qualification, CONMEBOL",Argentina,4819,Colombia,4820,1,1,D,Colombia,home,True,Argentina,,,,,,,,,,,,,,,,,"0,0",,,,,,,,,,"0,0",,,,,,,,,,,,,,"0,0","0,0","0,0"
13856224,home,4-3-3,128383,Gerónimo Rulli,G. Rulli,G,"1,0",False,Argentina,,,0,0,0,0,0,,,,,,,0,0,,,2025-06-11 00:00:00,"World Cup Qualification, CONMEBOL",Argentina,4819,Colombia,4820,1,1,D,Colombia,home,True,Argentina,,,,,,,,,,,,,,,,,"0,0",,,,,,,,,,,,,,,,,,,,,,,,,,
13856224,home,4-3-3,249859,Walter Benítez,W. Benítez,G,"44,0",False,Argentina,,,0,0,0,0,0,,,,,,,0,0,,,2025-06-11 00:00:00,"World Cup Qualification, CONMEBOL",Argentina,4819,Colombia,4820,1,1,D,Colombia,home,True,Argentina,,,,,,,,,,,,,,,,,"0,0",,,,,,,,,,,,,,,,,,,,,,,,,,
13856224,home,4-3-3,1127057,Valentín Barco,V. Barco,M,"32,0",False,Argentina,,,0,0,0,0,0,,,,,,,0,0,,,2025-06-11 00:00:00,"World Cup Qualification, CONMEBOL",Argentina,4819,Colombia,4820,1,1,D,Colombia,home,True,Argentina,,,,,,,,,,,,,,,,,"0,0",,,,,,,,,,,,,,,,,,,,,,,,,,
13856224,home,4-3-3,1171451,Nico Paz,N. Paz,M,"10,0",False,Argentina,,,0,0,0,0,0,,,,,,,0,0,,,2025-06-11 00:00:00,"World Cup Qualification, CONMEBOL",Argentina,4819,Colombia,4820,1,1,D,Colombia,home,True,Argentina,,,,,,,,,,,,,,,,,"0,0",,,,,,,,,,,,,,,,,,,,,,,,,,
13856224,home,4-3-3,823984,Lautaro Martínez,L. Martínez,F,"10,0",False,Argentina,,,0,0,0,0,0,,,,,,,0,0,,,2025-06-11 00:00:00,"World Cup Qualification, CONMEBOL",Argentina,4819,Colombia,4820,1,1,D,Colombia,home,True,Argentina,,,,,,,,,,,,,,,,,"0,0",,,,,,,,,,,,,,,,,,,,,,,,,,
13856224,home,4-3-3,316152,Ángel Correa,Á. Correa,F,"7,0",False,Argentina,,,0,0,0,0,0,,,,,,,0,0,,,2025-06-11 00:00:00,"World Cup Qualification, CONMEBOL",Argentina,4819,Colombia,4820,1,1,D,Colombia,home,True,Argentina,,,,,,,,,,,,,,,,,"0,0",,,,,,,,,,,,,,,,,,,,,,,,,,
13856224,home,4-3-3,1403559,Franco Mastantuono,F. Mastantuono,F,"30,0",False,Argentina,,,0,0,0,0,0,,,,,,,0,0,,,2025-06-11 00:00:00,"World Cup Qualification, CONMEBOL",Argentina,4819,Colombia,4820,1,1,D,Colombia,home,True,Argentina,,,,,,,,,,,,,,,,,"0,0",,,,,,,,,,,,,,,,,,,,,,,,,,
13856223,away,4-2-3-1,158263,Emiliano Martínez,E. Martínez,G,"23,0",True,Argentina,"7,6","90,0",0,0,0,0,0,"41,0","43,0","95,3",,,,0,0,,,2025-06-06 01:00:00,"World Cup Qualification, CONMEBOL",Chile,4754,Argentina,4819,0,1,W,Chile,away,True,Argentina,,,,,,,,,"5,0","3,0",,"3,0","1,0","4,0","1,0","2,0","0,0",,,,"51,0",,,,,,"0,0",,,,,"3,0",,,,,,,,,"0,0","41,0","4,0"
13856223,away,4-2-3-1,831799,Nahuel Molina,N. Molina,D,"16,0",True,Argentina,"7,1","90,0",0,0,0,0,0,"46,0","55,0","83,6","2,0","2,0","2,0",0,0,,,2025-06-06 01:00:00,"World Cup Qualification, CONMEBOL",Chile,4754,Argentina,4819,0,1,W,Chile,away,True,Argentina,,"100,0","1,0",,"1,0","100,0",,,"6,0","3,0","1,0","12,0","7,0","2,0","2,0","11,0","0,0",,,,"71,0","1,0",,"1,0","1,0",,"0,0",,,,,,,,,,,,,,"0,0","46,0","2,0"
13856223,away,4-2-3-1,829932,Cristian Romero,C. Romero,D,"17,0",True,Argentina,"8,0","90,0",0,0,0,0,1,"106,0","109,0","97,2","8,0","12,0","3,0",0,0,,,2025-06-06 01:00:00,"World Cup Qualification, CONMEBOL",Chile,4754,Argentina,4819,0,1,W,Chile,away,True,Argentina,"4,0","66,7","2,0",,"2,0","100,0","3,0","1,0","4,0","3,0",,"16,0","15,0","5,0","5,0","3,0","0,0",,,,"126,0",,,"2,0","2,0",,"0,0",,"2,0","1,0",,,,,,,,,,,"0,0","106,0","5,0"
13856223,away,4-2-3-1,928236,Leonardo Balerdi,L. Balerdi,D,"5,0",True,Argentina,"6,9","79,0",0,0,0,0,0,"89,0","91,0","97,8","3,0","4,0",,0,0,,,2025-06-06 01:00:00,"World Cup Qualification, CONMEBOL",Chile,4754,Argentina,4819,0,1,W,Chile,away,True,Argentina,"1,0","75,0","3,0",,"3,0","100,0",,,"4,0","3,0",,"9,0","8,0","7,0","3,0","2,0","0,0",,,,"96,0",,,,,,"0,0",,"1,0",,,,,,,,,,,,"0,0","101,4","8,0"
13856223,away,4-2-3-1,158243,Nicolás Tagliafico,N. Tagliafico,D,"3,0",True,Argentina,"7,0","90,0",0,0,0,0,0,"39,0","42,0","92,9","3,0","7,0","3,0",0,0,,,2025-06-06 01:00:00,"World Cup Qualification, CONMEBOL",Chile,4754,Argentina,4819,0,1,W,Chile,away,True,Argentina,"4,0","42,9","1,0",,"1,0","100,0",,,"2,0","2,0",,"14,0","11,0","1,0","2,0","4,0","0,0",,,,"58,0",,,"1,0",,,"0,0",,"3,0","2,0",,,,,,,,,,,"0,0","39,0","1,0"
13856223,away,4-2-3-1,822600,Exequiel Palacios,E. Palacios,M,"25,0",True,Argentina,"6,9","90,0",0,0,0,0,0,"95,0","103,0","92,2","5,0","6,0",,0,0,,,2025-06-06 01:00:00,"World Cup Qualification, CONMEBOL",Chile,4754,Argentina,4819,0,1,W,Chile,away,True,Argentina,"1,0","83,3",,,,,"4,0","3,0",,,,"30,0","25,0","10,0",,"10,0","0,0",,,,"110,0","1,0","1,0",,,,"0,0",,,"1,0",,,,,,,,,,,"0,0","95,0","10,0"
13856223,away,4-2-3-1,249399,Rodrigo De Paul,R. De Paul,M,"7,0",True,Argentina,"7,0","90,0",0,0,0,1,2,"99,0","104,0","95,2","6,0","13,0",,0,0,,,2025-06-06 01:00:00,"World Cup Qualification, CONMEBOL",Chile,4754,Argentina,4819,0,1,W,Chile,away,True,Argentina,"7,0","46,2","1,0","1,0","2,0","50,0","4,0","3,0","8,0","6,0",,"28,0","24,0","5,0",,"13,0","1,0",,,,"121,0","4,0",,"3,0",,,"0,0",,,"1,0","1,0",,,,,,,,"90,0",,"0,0","99,0","5,0"
13856223,away,4-2-3-1,1099352,Giuliano Simeone,G. Simeone,M,"20,0",True,Argentina,"6,8","84,0",0,0,1,2,3,"30,0","36,0","83,3","6,0","11,0",,0,0,,,2025-06-06 01:00:00,"World Cup Qualification, CONMEBOL",Chile,4754,Argentina,4819,0,1,W,Chile,away,True,Argentina,"5,0","54,5",,,,,"4,0","2,0","2,0","2,0","1,0","19,0","13,0","4,0",,"11,0","3,0","2,0",,,"53,0","1,0","1,0","3,0","1,0",,"0,0",,"2,0","1,0","1,0",,,,,,,,"28,0","84,0","0,0","32,1","4,3"
13856223,away,4-2-3-1,1171451,Nico Paz,N. Paz,M,"10,0",True,Argentina,"6,2","57,0",0,0,0,0,0,"20,0","23,0","87,0","3,0","7,0",,0,0,,,2025-06-06 01:00:00,"World Cup Qualification, CONMEBOL",Chile,4754,Argentina,4819,0,1,W,Chile,away,True,Argentina,"4,0","42,9",,,,,"1,0",,"1,0",,,"8,0","5,0","1,0",,"9,0","2,0",,,,"36,0","2,0",,"6,0","2,0",,"0,0",,,,,,,,,,,,"28,5",,"0,0","31,6","1,6"
13856223,away,4-2-3-1,944660,Thiago Almada,T. Almada,M,"11,0",True,Argentina,"7,6","84,0",0,1,1,0,1,"46,0","57,0","80,7","1,0","5,0","4,0",0,0,,,2025-06-06 01:00:00,"World Cup Qualification, CONMEBOL",Chile,4754,Argentina,4819,0,1,W,Chile,away,True,Argentina,"4,0","20,0",,,,,,,"3,0","2,0","1,0","20,0","16,0","2,0",,"15,0","1,0",,"1,0",,"70,0","1,0","2,0",,,,"0,0",,,"1,0",,,,,,,,,"84,0","84,0","1,07","49,3","2,1"
13856223,away,4-2-3-1,944656,Julián Alvarez,J. Álvarez,F,"19,0",True,Argentina,"7,3","80,0",1,0,1,0,0,"31,0","40,0","77,5","3,0","6,0",,0,0,,,2025-06-06 01:00:00,"World Cup Qualification, CONMEBOL",Chile,4754,Argentina,4819,0,1,W,Chile,away,True,Argentina,"3,0","50,0",,,,,"2,0","1,0","1,0","1,0",,"18,0","11,0",,,"17,0","1,0",,,,"58,0","4,0","1,0","3,0","1,0",,"0,0",,,,,,,,,,,,"80,0","80,0","1,12","34,9","0,0"
13856223,away,4-2-3-1,12994,Lionel Messi,L. Messi,F,"10,0",False,Argentina,"7,3","33,0",0,0,1,0,1,"13,0","16,0","81,2","1,0","2,0",,0,0,,,2025-06-06 01:00:00,"World Cup Qualification, CONMEBOL",Chile,4754,Argentina,4819,0,1,W,Chile,away,True,Argentina,"1,0","50,0",,,,,,,"2,0","2,0","2,0","13,0","9,0","3,0",,"9,0","2,0",,"1,0",,"26,0","1,0",,"2,0","1,0",,"0,0",,,,,,,,,,,,"16,5","33,0","0,0","35,5","8,2"
13856223,away,4-2-3-1,860307,Facundo Medina,F. Medina,D,"32,0",False,Argentina,"6,6","11,0",0,0,0,0,0,"10,0","12,0","83,3",,,,0,0,,,2025-06-06 01:00:00,"World Cup Qualification, CONMEBOL",Chile,4754,Argentina,4819,0,1,W,Chile,away,True,Argentina,,,,,,,,,"1,0",,,"2,0","2,0",,,"3,0","0,0",,,,"14,0","1,0",,,,,"0,0",,,,,,,,,,,,,,"0,0","81,8","0,0"
13856223,away,4-2-3-1,316152,Ángel Correa,Á. Correa,F,"7,0",False,Argentina,"6,8","10,0",0,0,0,0,0,"3,0","4,0","75,0","2,0","2,0",,0,0,,,2025-06-06 01:00:00,"World Cup Qualification, CONMEBOL",Chile,4754,Argentina,4819,0,1,W,Chile,away,True,Argentina,,"100,0",,,,,"2,0","2,0",,,,"2,0","2,0","1,0","1,0","1,0","0,0",,,,"7,0",,,,,,"0,0",,,,,,,,,,,,,,"0,0","27,0","9,0"
13856223,away,4-2-3-1,873189,Juan Foyth,J. Foyth,D,"8,0",False,Argentina,"6,6","11,0",0,0,0,0,0,"4,0","6,0","66,7",,"1,0","1,0",0,0,,,2025-06-06 01:00:00,"World Cup Qualification, CONMEBOL",Chile,4754,Argentina,4819,0,1,W,Chile,away,True,Argentina,"1,0","0,0",,,,,,,"2,0",,,"2,0",,"1,0","2,0","2,0","0,0",,,,"9,0",,,,,,"0,0",,"1,0",,,,,,,,,,,,"0,0","32,7","8,2"
13856223,away,4-2-3-1,1403559,Franco Mastantuono,F. Mastantuono,F,"30,0",False,Argentina,"6,2","11,0",0,0,0,0,0,"3,0","3,0","100,0","1,0","3,0",,0,0,,,2025-06-06 01:00:00,"World Cup Qualification, CONMEBOL",Chile,4754,Argentina,4819,0,1,W,Chile,away,True,Argentina,"2,0","33,3",,,,,,,,,,"2,0","2,0","1,0",,"4,0","0,0",,,,"8,0","1,0",,"2,0",,,"0,0",,,"1,0",,,,,,,,,,,"0,0","24,5","8,2"
13856223,away,4-2-3-1,249859,Walter Benítez,W. Benítez,G,"44,0",False,Argentina,,,0,0,0,0,0,,,,,,,0,0,,,2025-06-06 01:00:00,"World Cup Qualification, CONMEBOL",Chile,4754,Argentina,4819,0,1,W,Chile,away,True,Argentina,,,,,,,,,,,,,,,,,"0,0",,,,,,,,,,,,,,,,,,,,,,,,,,
13856223,away,4-2-3-1,128383,Gerónimo Rulli,G. Rulli,G,"1,0",False,Argentina,,,0,0,0,0,0,,,,,,,0,0,,,2025-06-06 01:00:00,"World Cup Qualification, CONMEBOL",Chile,4754,Argentina,4819,0,1,W,Chile,away,True,Argentina,,,,,,,,,,,,,,,,,"0,0",,,,,,,,,,,,,,,,,,,,,,,,,,
13856223,away,4-2-3-1,1003014,Kevin Lomónaco,Kevin Lomónaco,D,"26,0",False,Argentina,,,0,0,0,0,0,,,,,,,0,0,,,2025-06-06 01:00:00,"World Cup Qualification, CONMEBOL",Chile,4754,Argentina,4819,0,1,W,Chile,away,True,Argentina,,,,,,,,,,,,,,,,,"0,0",,,,,,,,,,,,,,,,,,,,,,,,,,
13856223,away,4-2-3-1,1127057,Valentín Barco,V. Barco,M,"32,0",False,Argentina,,,0,0,0,0,0,,,,,,,0,0,,,2025-06-06 01:00:00,"World Cup Qualification, CONMEBOL",Chile,4754,Argentina,4819,0,1,W,Chile,away,True,Argentina,,,,,,,,,,,,,,,,,"0,0",,,,,,,,,,,,,,,,,,,,,,,,,,
13856223,away,4-2-3-1,783126,Emiliano Buendía,E. Buendía,M,"10,0",False,Argentina,,,0,0,0,0,0,,,,,,,0,0,,,2025-06-06 01:00:00,"World Cup Qualification, CONMEBOL",Chile,4754,Argentina,4819,0,1,W,Chile,away,True,Argentina,,,,,,,,,,,,,,,,,"0,0",,,,,,,,,,,,,,,,,,,,,,,,,,
13856223,away,4-2-3-1,1087316,Enzo Barrenechea,E. Barrenechea,M,"5,0",False,Argentina,,,0,0,0,0,0,,,,,,,0,0,,,2025-06-06 01:00:00,"World Cup Qualification, CONMEBOL",Chile,4754,Argentina,4819,0,1,W,Chile,away,True,Argentina,,,,,,,,,,,,,,,,,"0,0",,,,,,,,,,,,,,,,,,,,,,,,,,
13856223,away,4-2-3-1,823984,Lautaro Martínez,L. Martínez,F,"10,0",False,Argentina,,,0,0,0,0,0,,,,,,,0,0,,,2025-06-06 01:00:00,"World Cup Qualification, CONMEBOL",Chile,4754,Argentina,4819,0,1,W,Chile,away,True,Argentina,,,,,,,,,,,,,,,,,"0,0",,,,,,,,,,,,,,,,,,,,,,,,,,
16186149,home,4-2-3-1,930267,Joan García,J. García,G,"13,0",True,Spain,"5,6","73,0",0,0,0,0,0,"26,0","26,0","100,0",,,,0,0,,,2026-06-04 19:00:00,Int. Friendly Games,Spain,4698,Iraq,4767,1,1,D,Iraq,home,True,España,,,,,,,,,,,,,,"4,0","1,0",,"0,0",,,,"30,0",,,,,"11,0","74,5","0,0",,,,"1,0","0,1789",,"0,02","0,03","-0,55","-0,55",,,"0,0","32,1","4,9"
16186149,home,4-2-3-1,913654,Pedro Porro,P. Porro,D,"23,0",True,Spain,"6,5","73,0",0,0,0,0,0,"32,0","36,0","88,9","1,0","3,0","1,0",0,0,,,2026-06-04 19:00:00,Int. Friendly Games,Spain,4698,Iraq,4767,1,1,D,Iraq,home,True,España,"2,0","33,3",,"1,0","1,0","0,0","1,0","1,0","2,0","1,0","3,0","26,0","23,0","2,0",,"8,0","0,0",,,,"50,0","1,0",,"1,0",,"14,0","91,8","0,0",,,,,,,"0,25","0,07","-0,19",,,,"0,0","39,5","2,5"
16186149,home,4-2-3-1,1466116,Jon Martin,J. Martin,D,"31,0",True,Spain,"6,8","59,0",0,0,0,1,0,"77,0","80,0","96,2","2,0","3,0","1,0",0,0,,,2026-06-04 19:00:00,Int. Friendly Games,Spain,4698,Iraq,4767,1,1,D,Iraq,home,True,España,"1,0","66,7","1,0","1,0","2,0","50,0","1,0","1,0","3,0","2,0",,"26,0","23,0","4,0","1,0","4,0","1,0",,,,"86,0",,,,,"38,0","263,1","0,0",,,,,,"-0,15","0,23","0,14","-0,12",,"59,0",,"0,0","117,5","6,1"
16186149,home,4-2-3-1,149734,Aymeric Laporte,A. Laporte,D,"14,0",True,Spain,"6,8","45,0",0,0,0,0,0,"62,0","65,0","95,4",,,"1,0",0,0,,,2026-06-04 19:00:00,Int. Friendly Games,Spain,4698,Iraq,4767,1,1,D,Iraq,home,True,España,,,,,,,,,"4,0","4,0","1,0","27,0","25,0","1,0",,"5,0","0,0",,,,"69,0","1,0",,,,"26,0","308,9","6,0",,,,,,,"0,27","0,23","-0,17",,,,"0,0","124,0","2,0"
16186149,home,4-2-3-1,177177,Alejandro Grimaldo,A. Grimaldo,M,"20,0",True,Spain,"6,6","45,0",0,0,0,0,1,"25,0","29,0","86,2","1,0","1,0","1,0",0,0,,,2026-06-04 19:00:00,Int. Friendly Games,Spain,4698,Iraq,4767,1,1,D,Iraq,home,True,España,,"100,0",,,,,,,"1,0",,"5,0","17,0","14,0","1,0",,"9,0","1,0",,,,"45,0","1,0",,,,"13,0","112,8","1,0",,"1,0",,,,"-0,08","0,25","0,19","-0,18",,"45,0",,"0,0","50,0","2,0"
16186149,home,4-2-3-1,1103693,Pablo Gavi,Gavi,M,"6,0",True,Spain,"7,1","59,0",0,0,0,0,1,"35,0","40,0","87,5","10,0","16,0","1,0",0,0,,,2026-06-04 19:00:00,Int. Friendly Games,Spain,4698,Iraq,4767,1,1,D,Iraq,home,True,España,"6,0","62,5",,"1,0","1,0","0,0","2,0","1,0","2,0","2,0",,"28,0","23,0","6,0",,"9,0","0,0",,,,"57,0","1,0","2,0","7,0","6,0","21,0","144,1","1,0","3,0","2,0",,,,,"0,17","0,33","-0,04",,,,"0,0","53,4","9,2"
16186149,home,4-2-3-1,1526618,Marc Bernal,M. Bernal,M,"22,0",True,Spain,"6,8","59,0",0,0,0,0,0,"31,0","39,0","79,5","6,0","7,0","2,0",0,0,,,2026-06-04 19:00:00,Int. Friendly Games,Spain,4698,Iraq,4767,1,1,D,Iraq,home,True,España,"1,0","85,7","2,0",,"2,0","100,0","4,0","4,0","3,0",,,"20,0","14,0","5,0","1,0","9,0","0,0",,,,"50,0","1,0",,,,"11,0","86,8","3,0","1,0",,,,,,"0,05","0,14","-0,04",,,,"0,0","47,3","7,6"
16186149,home,4-2-3-1,855833,Ferran Torres,F. Torres,F,"7,0",True,Spain,"7,9","45,0",1,0,2,0,2,"20,0","26,0","76,9","1,0","2,0",,0,0,,,2026-06-04 19:00:00,Int. Friendly Games,Spain,4698,Iraq,4767,1,1,D,Iraq,home,True,España,"1,0","50,0",,,,,,,"2,0","1,0","3,0","25,0","20,0",,,"9,0","2,0",,"1,0","1,0","34,0","1,0",,"1,0","1,0","12,0","125,5","1,0",,,,,,"0,51","0,33","0,27","-0,11",,"22,5","22,5","2,0","40,0","0,0"
16186149,home,4-2-3-1,789071,Dani Olmo,D. Olmo,M,"20,0",True,Spain,"6,8","45,0",0,1,1,1,2,"29,0","32,0","90,6","2,0","3,0",,0,0,,,2026-06-04 19:00:00,Int. Friendly Games,Spain,4698,Iraq,4767,1,1,D,Iraq,home,True,España,"1,0","66,7",,,,,"1,0",,,,,"21,0","19,0","4,0",,"6,0","2,0","1,0","1,0",,"39,0","1,0",,"1,0",,"13,0","87,6","1,0",,"1,0",,,,"-0,32","0,32","0,04","-0,07",,"22,5","45,0","2,0","58,0","8,0"
16186149,home,4-2-3-1,910031,Alex Baena,A. Baena,M,"10,0",True,Spain,"7,0","68,0",0,0,1,1,3,"19,0","26,0","73,1","2,0","3,0","1,0",0,0,,,2026-06-04 19:00:00,Int. Friendly Games,Spain,4698,Iraq,4767,1,1,D,Iraq,home,True,España,"1,0","66,7",,"1,0","1,0","0,0","1,0",,"3,0","1,0","6,0","15,0","9,0","2,0","1,0","12,0","3,0",,"1,0","1,0","42,0","1,0",,,,"16,0","99,1","2,0",,"1,0",,,,"-0,08","0,42","0,06","-0,03",,"22,7","68,0","0,0","25,1","2,6"
16186149,home,4-2-3-1,785989,Borja Iglesias,B. Iglesias,F,"7,0",True,Spain,"6,4","45,0",0,0,0,0,0,"10,0","13,0","76,9",,,,0,0,,,2026-06-04 19:00:00,Int. Friendly Games,Spain,4698,Iraq,4767,1,1,D,Iraq,home,True,España,,,,,,,,,,,"1,0","9,0","6,0","3,0",,"4,0","0,0",,,,"14,0",,,,,"5,0","35,9","0,0",,,"2,0",,,,"-0,11","-0,05","0,0",,,,"0,0","20,0","6,0"
16186149,home,4-2-3-1,855835,Sergio Gómez,S. Gómez,D,"17,0",False,Spain,"6,8","45,0",0,0,0,0,1,"31,0","33,0","93,9","1,0","1,0",,0,0,,,2026-06-04 19:00:00,Int. Friendly Games,Spain,4698,Iraq,4767,1,1,D,Iraq,home,True,España,,"100,0",,,,,"1,0","1,0",,,"2,0","18,0","17,0","3,0","2,0","4,0","0,0",,,,"39,0",,,,,"8,0","67,5","0,0",,,,,,,"-0,07","0,0","0,16",,,,"0,0","62,0","6,0"
16186149,home,4-2-3-1,876214,Eric García,E. García,D,"24,0",False,Spain,"7,2","45,0",0,0,0,0,0,"57,0","58,0","98,3",,"1,0",,0,0,,,2026-06-04 19:00:00,Int. Friendly Games,Spain,4698,Iraq,4767,1,1,D,Iraq,home,True,España,"1,0","0,0",,,,,,,"4,0","4,0",,"29,0","28,0",,"2,0","1,0","0,0",,,,"62,0",,,,,"31,0","229,4","1,0","1,0",,,,,,"0,26","0,17","0,17",,,,"0,0","114,0","0,0"
16186149,home,4-2-3-1,1800245,Jesús Rodriguez,J. Rodriguez,M,"17,0",False,Spain,"6,9","45,0",0,0,0,1,0,"19,0","22,0","86,4","4,0","5,0",,0,0,,,2026-06-04 19:00:00,Int. Friendly Games,Spain,4698,Iraq,4767,1,1,D,Iraq,home,True,España,"1,0","80,0",,,,,"1,0","1,0",,,"2,0","18,0","15,0","2,0",,"10,0","1,0",,,,"36,0","4,0",,"3,0","2,0","13,0","127,1","3,0",,"1,0",,,,"0,0","0,01","0,15","0,17",,"45,0",,"0,0","38,0","4,0"
16186149,home,4-2-3-1,1402716,Gonzalo García,G. García,F,"16,0",False,Spain,"6,1","45,0",0,0,0,1,0,"3,0","4,0","75,0","1,0","3,0","1,0",0,0,,,2026-06-04 19:00:00,Int. Friendly Games,Spain,4698,Iraq,4767,1,1,D,Iraq,home,True,España,"2,0","33,3",,,,,"1,0","1,0",,,,"2,0","1,0","2,0","1,0","4,0","1,0","1,0",,,"11,0","1,0",,"2,0",,"3,0","17,3","0,0",,,,,,"-0,67","0,02","-0,52","0,14",,"45,0",,"0,0","6,0","4,0"
16186149,home,4-2-3-1,984624,Yéremy Pino,Y. Pino,F,"10,0",False,Spain,"6,7","45,0",0,0,0,1,1,"21,0","24,0","87,5","4,0","9,0","1,0",0,0,,,2026-06-04 19:00:00,Int. Friendly Games,Spain,4698,Iraq,4767,1,1,D,Iraq,home,True,España,"5,0","44,4",,,,,"4,0","3,0","3,0","2,0","1,0","12,0","11,0","3,0",,"9,0","2,0",,,,"38,0","2,0","1,0","2,0",,"13,0","159,3","1,0","1,0",,"2,0",,,"-0,11","0,02","0,03","-0,06",,"22,5",,"0,0","42,0","6,0"
16186149,home,4-2-3-1,1094106,Marc Pubill,Pubill,D,"18,0",False,Spain,"7,2","31,0",0,0,0,0,0,"40,0","42,0","95,2","2,0","2,0",,0,0,,,2026-06-04 19:00:00,Int. Friendly Games,Spain,4698,Iraq,4767,1,1,D,Iraq,home,True,España,,"100,0","1,0",,"1,0","100,0","1,0","1,0","2,0","2,0",,"23,0","21,0","3,0","1,0","2,0","0,0",,,,"44,0",,,,,"19,0","107,7","0,0",,,,,,,"0,27","0,05","0,16",,,,"0,0","116,1","8,7"
16186149,home,4-2-3-1,980410,Beñat Turrientes,B. Turrientes,M,"14,0",False,Spain,"7,1","31,0",0,0,0,0,0,"25,0","26,0","96,2","2,0","3,0",,0,0,,,2026-06-04 19:00:00,Int. Friendly Games,Spain,4698,Iraq,4767,1,1,D,Iraq,home,True,España,"1,0","66,7","1,0",,"1,0","100,0","1,0",,"1,0","1,0",,"21,0","20,0","2,0",,"1,0","0,0",,,,"27,0",,,,,"9,0","40,0","0,0",,,,,,,"0,3","0,04","-0,01",,,,"0,0","72,6","5,8"
16186149,home,4-2-3-1,1122610,Javier Guerra,J. Guerra,M,"8,0",False,Spain,"6,7","31,0",0,0,0,0,0,"17,0","19,0","89,5","4,0","7,0",,0,0,,,2026-06-04 19:00:00,Int. Friendly Games,Spain,4698,Iraq,4767,1,1,D,Iraq,home,True,España,"3,0","57,1",,,,,"2,0",,"1,0","1,0",,"13,0","11,0","3,0",,"5,0","0,0",,,,"28,0","2,0","1,0","2,0","2,0","11,0","103,5","1,0","2,0",,,,,,"0,08","0,03","0,14",,,,"0,0","49,4","8,7"
16186149,home,4-2-3-1,592010,Mikel Merino,M. Merino,M,"23,0",False,Spain,"6,9","22,0",0,0,0,0,0,"17,0","18,0","94,4","3,0","4,0",,0,0,,,2026-06-04 19:00:00,Int. Friendly Games,Spain,4698,Iraq,4767,1,1,D,Iraq,home,True,España,"1,0","75,0",,,,,"1,0","1,0",,,"1,0","11,0","10,0","3,0",,"3,0","0,0",,,,"23,0",,"1,0",,,"6,0","48,7","0,0",,"2,0",,,,,"0,15","-0,19","0,15",,,,"0,0","69,5","12,3"
16186149,home,4-2-3-1,1131909,Leo Román,L. Román,G,"1,0",False,Spain,"6,5","17,0",0,0,0,0,0,"4,0","4,0","100,0",,,,0,0,,,2026-06-04 19:00:00,Int. Friendly Games,Spain,4698,Iraq,4767,1,1,D,Iraq,home,True,España,,,,,,,,,,,,,,,,,"0,0",,,,"4,0",,,,,"1,0","7,9","0,0",,,,,,,"0,02","-0,04","0,13",,,,"0,0","21,2","0,0"
16186149,home,4-2-3-1,1526627,Javi Rodríguez,J. Rodríguez,D,"32,0",False,Spain,"6,7","17,0",0,0,0,0,0,"16,0","19,0","84,2",,,,0,0,,,2026-06-04 19:00:00,Int. Friendly Games,Spain,4698,Iraq,4767,1,1,D,Iraq,home,True,España,,,,,,,,,"3,0","1,0",,"10,0","8,0","2,0",,"4,0","0,0",,,,"22,0",,,,,"5,0","29,5","0,0",,,,,,,"-0,01","0,01","0,0",,,,"0,0","84,7","10,6"
16186149,home,4-2-3-1,797291,Unai Simón,U. Simón,G,"1,0",False,Spain,,,0,0,0,0,0,,,,,,,0,0,,,2026-06-04 19:00:00,Int. Friendly Games,Spain,4698,Iraq,4767,1,1,D,Iraq,home,True,España,,,,,,,,,,,,,,,,,"0,0",,,,,,,,,,,,,,,,,,,,,,,,,,
16186149,home,4-2-3-1,1402913,Pau Cubarsí,P. Cubarsí,D,"5,0",False,Spain,,,0,0,0,0,0,,,,,,,0,0,,,2026-06-04 19:00:00,Int. Friendly Games,Spain,4698,Iraq,4767,1,1,D,Iraq,home,True,España,,,,,,,,,,,,,,,,,"0,0",,,,,,,,,,,,,,,,,,,,,,,,,,
16186149,home,4-2-3-1,353138,Marcos Llorente,M. Llorente,D,"14,0",False,Spain,,,0,0,0,0,0,,,,,,,0,0,,,2026-06-04 19:00:00,Int. Friendly Games,Spain,4698,Iraq,4767,1,1,D,Iraq,home,True,España,,,,,,,,,,,,,,,,,"0,0",,,,,,,,,,,,,,,,,,,,,,,,,,
15372901,home,4-2-3-1,581310,David Raya,D. Raya,G,"1,0",True,Spain,"6,7","62,0",0,0,0,0,0,"10,0","11,0","90,9",,,,0,0,,,2026-03-31 19:00:00,Int. Friendly Games,Spain,4698,Egypt,4758,0,0,D,Egypt,home,True,España,,,,,,,,,"2,0","1,0",,"1,0",,"3,0",,"1,0","0,0",,,,"14,0",,,,,"2,0","13,4","0,0",,,,"1,0","-0,001",,"0,01","0,0","0,16","-0,01",,,"0,0","14,5","4,4"
15372901,home,4-2-3-1,913654,Pedro Porro,P. Porro,D,"23,0",True,Spain,"8,0","90,0",0,0,0,1,3,"65,0","71,0","91,5","10,0","15,0","1,0",0,0,,,2026-03-31 19:00:00,Int. Friendly Games,Spain,4698,Egypt,4758,0,0,D,Egypt,home,True,España,"5,0","66,7","2,0","1,0","3,0","66,7","6,0","5,0","5,0","3,0","6,0","44,0","39,0","6,0","1,0","12,0","2,0",,,,"99,0",,,"3,0","1,0","23,0","155,8","0,0","2,0","1,0",,,,"-0,05","0,43","-0,1","0,6",,"45,0",,"0,0","65,0","6,0"
15372901,home,4-2-3-1,1144630,Cristhian Mosquera,C. Mosquera,D,"3,0",True,Spain,"8,0","90,0",0,0,0,1,3,"101,0","103,0","98,1","3,0","3,0",,0,0,,,2026-03-31 19:00:00,Int. Friendly Games,Spain,4698,Egypt,4758,0,0,D,Egypt,home,True,España,,"100,0","2,0",,"2,0","100,0",,,"3,0","3,0",,"64,0","62,0","3,0","1,0","2,0","1,0","1,0",,,"109,0",,,,,"60,0","622,2","9,0",,"1,0",,,,"-0,44","0,51","0,39","0,15",,"90,0",,"0,0","101,0","3,0"
15372901,home,4-2-3-1,1176744,Dean Huijsen,D. Huijsen,D,"24,0",True,Spain,"7,4","90,0",0,0,0,0,1,"72,0","83,0","86,7","3,0","7,0","1,0",0,0,,,2026-03-31 19:00:00,Int. Friendly Games,Spain,4698,Egypt,4758,0,0,D,Egypt,home,True,España,"4,0","42,9","1,0","3,0","4,0","25,0","2,0","1,0","4,0","3,0",,"53,0","46,0","2,0","4,0","12,0","0,0",,"1,0",,"95,0",,,,,"56,0","632,0","11,0","1,0",,,,,,"0,36","0,37","-0,03",,,,"0,0","72,0","2,0"
15372901,home,4-2-3-1,177177,Alejandro Grimaldo,A. Grimaldo,M,"20,0",True,Spain,"7,6","90,0",0,0,1,0,2,"53,0","56,0","94,6","5,0","6,0","1,0",0,0,,,2026-03-31 19:00:00,Int. Friendly Games,Spain,4698,Egypt,4758,0,0,D,Egypt,home,True,España,"1,0","83,3","2,0",,"2,0","100,0","3,0",,"1,0","1,0","14,0","34,0","32,0","4,0",,"17,0","1,0",,"1,0","1,0","86,0","2,0",,,,"27,0","169,6","1,0",,,,,,"0,29","0,34","0,11","-0,02",,"90,0","90,0","0,0","53,0","4,0"
15372901,home,4-2-3-1,816763,Pablo Fornals,P. Fornals,M,"8,0",True,Spain,"6,5","45,0",0,0,0,0,0,"30,0","34,0","88,2","1,0","5,0","1,0",0,0,,,2026-03-31 19:00:00,Int. Friendly Games,Spain,4698,Egypt,4758,0,0,D,Egypt,home,True,España,"4,0","20,0",,"1,0","1,0","0,0","1,0",,"2,0",,,"23,0","19,0","1,0",,"5,0","1,0",,,,"39,0",,,"1,0",,"14,0","103,4","0,0",,,,,,"0,0","0,04","0,01","-0,06",,"45,0",,"0,0","60,0","2,0"
15372901,home,4-2-3-1,832427,Carlos Soler,C. Soler,M,"18,0",True,Spain,"6,4","45,0",0,0,0,0,0,"36,0","40,0","90,0",,"4,0",,0,0,,,2026-03-31 19:00:00,Int. Friendly Games,Spain,4698,Egypt,4758,0,0,D,Egypt,home,True,España,"4,0","0,0",,"1,0","1,0","0,0",,,"2,0","1,0","2,0","25,0","21,0","4,0",,"6,0","0,0",,,,"43,0",,,,,"14,0","159,8","0,0","1,0",,,,,,"-0,05","0,05","-0,08",,,,"0,0","72,0","8,0"
15372901,home,4-2-3-1,1402912,Lamine Yamal,L. Yamal,M,"10,0",True,Spain,"7,0","45,0",0,0,0,1,0,"13,0","13,0","100,0","1,0","5,0","1,0",0,0,,,2026-03-31 19:00:00,Int. Friendly Games,Spain,4698,Egypt,4758,0,0,D,Egypt,home,True,España,"4,0","20,0",,,,,,,"3,0","3,0","1,0","12,0","12,0","1,0",,"5,0","1,0",,,,"23,0","1,0","1,0","2,0","1,0","9,0","76,0","0,0","2,0",,,,,"-0,21","0,43","0,06","-0,02",,"45,0",,"0,0","26,0","2,0"
15372901,home,4-2-3-1,789071,Dani Olmo,D. Olmo,M,"20,0",True,Spain,"6,5","45,0",0,0,1,0,1,"28,0","32,0","87,5","1,0","7,0",,0,0,,,2026-03-31 19:00:00,Int. Friendly Games,Spain,4698,Egypt,4758,0,0,D,Egypt,home,True,España,"6,0","14,3",,,,,,,,,,"21,0","17,0","4,0",,"8,0","1,0",,,,"39,0",,"1,0","3,0",,"17,0","127,2","0,0","1,0","1,0",,,,"0,01","0,21","-0,14","-0,06",,"45,0","45,0","0,0","56,0","8,0"
15372901,home,4-2-3-1,966862,Ander Barrenetxea,A. Barrenetxea,M,"7,0",True,Spain,"7,2","73,0",0,0,0,1,1,"27,0","31,0","87,1","5,0","6,0","1,0",0,0,,,2026-03-31 19:00:00,Int. Friendly Games,Spain,4698,Egypt,4758,0,0,D,Egypt,home,True,España,"1,0","83,3","1,0",,"1,0","100,0",,,,,"3,0","26,0","23,0","6,0",,"8,0","1,0",,"1,0",,"43,0","1,0",,"4,0","4,0","17,0","167,2","4,0","1,0",,,,,"-0,16","0,19","0,34","-0,11",,"73,0",,"0,0","33,3","7,4"
15372901,home,4-2-3-1,855833,Ferran Torres,F. Torres,F,"7,0",True,Spain,"6,2","62,0",0,0,1,0,0,"12,0","12,0","100,0","1,0","6,0",,0,0,,,2026-03-31 19:00:00,Int. Friendly Games,Spain,4698,Egypt,4758,0,0,D,Egypt,home,True,España,"5,0","16,7",,,,,,,,,,"10,0","10,0","2,0","1,0","7,0","4,0",,,,"26,0","2,0","4,0","1,0",,"7,0","41,6","0,0",,"1,0","1,0",,,"-0,26","-0,05","0,16","0,15",,"15,5","62,0","0,0","17,4","2,9"
15372901,home,4-2-3-1,827606,Rodri,Rodri,M,"16,0",False,Spain,"6,7","45,0",0,0,0,2,0,"45,0","52,0","86,5","5,0","9,0","2,0",0,0,,,2026-03-31 19:00:00,Int. Friendly Games,Spain,4698,Egypt,4758,0,0,D,Egypt,home,True,España,"4,0","55,6","1,0","2,0","3,0","33,3","3,0","1,0","2,0",,,"32,0","25,0","4,0",,"8,0","2,0",,,,"62,0","1,0",,,,"15,0","123,9","0,0","1,0","1,0",,,,"-0,48","0,04","0,15","-0,01",,"22,5",,"0,0","90,0","8,0"
15372901,home,4-2-3-1,992587,Pedri,Pedri,M,"8,0",False,Spain,"7,0","45,0",0,0,2,1,0,"51,0","53,0","96,2",,"5,0","1,0",0,0,,,2026-03-31 19:00:00,Int. Friendly Games,Spain,4698,Egypt,4758,0,0,D,Egypt,home,True,España,"5,0","0,0",,,,,,,"1,0","1,0","2,0","41,0","39,0","5,0",,"9,0","3,0","2,0",,,"65,0","1,0","3,0","1,0",,"33,0","384,0","8,0",,,,,,"-0,02","0,31","0,68","-0,04",,"15,0","22,5","0,0","102,0","10,0"
15372901,home,4-2-3-1,1153270,Fermín López,F. López,M,"16,0",False,Spain,"7,4","45,0",0,0,1,0,2,"23,0","26,0","88,5","6,0","9,0",,0,0,,,2026-03-31 19:00:00,Int. Friendly Games,Spain,4698,Egypt,4758,0,0,D,Egypt,home,True,España,"3,0","66,7",,,,,"2,0",,"1,0","1,0","1,0","25,0","22,0","2,0",,"7,0","3,0","1,0",,,"44,0","1,0","1,0","4,0","3,0","14,0","124,0","3,0","1,0","1,0",,,,"-0,15","0,16","0,44","-0,01",,"15,0","45,0","0,0","46,0","4,0"
15372901,home,4-2-3-1,1145642,Victor Muñoz,V. Muñoz,F,"21,0",False,Spain,"6,8","45,0",0,0,0,0,1,"12,0","15,0","80,0","2,0","2,0",,0,0,,,2026-03-31 19:00:00,Int. Friendly Games,Spain,4698,Egypt,4758,0,0,D,Egypt,home,True,España,,"100,0",,,,,,,,,"1,0","13,0","10,0",,,"5,0","1,0",,"1,0",,"20,0","1,0",,"1,0","1,0","12,0","120,0","3,0",,"1,0",,,,"-0,07","-0,07","0,21","0,0",,"45,0",,"0,0","24,0","0,0"
15372901,home,4-2-3-1,930267,Joan García,J. García,G,"13,0",False,Spain,"6,6","28,0",0,0,0,0,0,"5,0","5,0","100,0",,,,0,0,,,2026-03-31 19:00:00,Int. Friendly Games,Spain,4698,Egypt,4758,0,0,D,Egypt,home,True,España,,,,,,,,,,,,"1,0","1,0","2,0",,,"0,0",,,,"7,0",,,,,"1,0","3,3","0,0",,,,,,,"0,01","-0,01","0,16",,,,"0,0","16,1","6,4"
15372901,home,4-2-3-1,785989,Borja Iglesias,B. Iglesias,F,"7,0",False,Spain,"6,8","28,0",0,0,0,1,0,"4,0","6,0","66,7","1,0","1,0",,0,0,,,2026-03-31 19:00:00,Int. Friendly Games,Spain,4698,Egypt,4758,0,0,D,Egypt,home,True,España,,"100,0",,,,,,,,,,"5,0","3,0","2,0",,"2,0","2,0",,,,"9,0",,,,,"5,0","43,7","2,0",,"1,0",,,,"-0,52","-0,07","0,07","0,0",,"14,0",,"0,0","12,9","6,4"
15372901,home,4-2-3-1,984624,Yéremy Pino,Y. Pino,F,"10,0",False,Spain,"6,8","17,0",0,0,0,0,1,"9,0","11,0","81,8","1,0","2,0",,0,0,,,2026-03-31 19:00:00,Int. Friendly Games,Spain,4698,Egypt,4758,0,0,D,Egypt,home,True,España,"1,0","50,0",,,,,,,,,,"8,0","6,0","1,0",,"4,0","2,0",,,,"16,0","2,0",,"1,0","1,0","5,0","28,3","0,0","1,0",,"1,0",,,"-0,14","0,35","0,1","0,0",,"8,5",,"0,0","47,6","5,3"
15372901,home,4-2-3-1,791773,Álex Remiro,Á. Remiro,G,"1,0",False,Spain,,,0,0,0,0,0,,,,,,,0,0,,,2026-03-31 19:00:00,Int. Friendly Games,Spain,4698,Egypt,4758,0,0,D,Egypt,home,True,España,,,,,,,,,,,,,,,,,"0,0",,,,,,,,,,,,,,,,,,,,,,,,,,
15372901,home,4-2-3-1,797291,Unai Simón,U. Simón,G,"1,0",False,Spain,,,0,0,0,0,0,,,,,,,0,0,,,2026-03-31 19:00:00,Int. Friendly Games,Spain,4698,Egypt,4758,0,0,D,Egypt,home,True,España,,,,,,,,,,,,,,,,,"0,0",,,,,,,,,,,,,,,,,,,,,,,,,,
15372901,home,4-2-3-1,1402913,Pau Cubarsí,P. Cubarsí,D,"5,0",False,Spain,,,0,0,0,0,0,,,,,,,0,0,,,2026-03-31 19:00:00,Int. Friendly Games,Spain,4698,Egypt,4758,0,0,D,Egypt,home,True,España,,,,,,,,,,,,,,,,,"0,0",,,,,,,,,,,,,,,,,,,,,,,,,,
15372901,home,4-2-3-1,794939,Marc Cucurella,M. Cucurella,D,"3,0",False,Spain,,,0,0,0,0,0,,,,,,,0,0,,,2026-03-31 19:00:00,Int. Friendly Games,Spain,4698,Egypt,4758,0,0,D,Egypt,home,True,España,,,,,,,,,,,,,,,,,"0,0",,,,,,,,,,,,,,,,,,,,,,,,,,
15372901,home,4-2-3-1,149734,Aymeric Laporte,A. Laporte,D,"14,0",False,Spain,,,0,0,0,0,0,,,,,,,0,0,,,2026-03-31 19:00:00,Int. Friendly Games,Spain,4698,Egypt,4758,0,0,D,Egypt,home,True,España,,,,,,,,,,,,,,,,,"0,0",,,,,,,,,,,,,,,,,,,,,,,,,,
15372901,home,4-2-3-1,353138,Marcos Llorente,M. Llorente,D,"14,0",False,Spain,,,0,0,0,0,0,,,,,,,0,0,,,2026-03-31 19:00:00,Int. Friendly Games,Spain,4698,Egypt,4758,0,0,D,Egypt,home,True,España,,,,,,,,,,,,,,,,,"0,0",,,,,,,,,,,,,,,,,,,,,,,,,,
15372901,home,4-2-3-1,910031,Alex Baena,A. Baena,M,"10,0",False,Spain,,,0,0,0,0,0,,,,,,,0,0,,,2026-03-31 19:00:00,Int. Friendly Games,Spain,4698,Egypt,4758,0,0,D,Egypt,home,True,España,,,,,,,,,,,,,,,,,"0,0",,,,,,,,,,,,,,,,,,,,,,,,,,
15372901,home,4-2-3-1,823622,Mikel Oyarzabal,M. Oyarzabal,F,"10,0",False,Spain,,,0,0,0,0,0,,,,,,,0,0,,,2026-03-31 19:00:00,Int. Friendly Games,Spain,4698,Egypt,4758,0,0,D,Egypt,home,True,España,,,,,,,,,,,,,,,,,"0,0",,,,,,,,,,,,,,,,,,,,,,,,,,
15794173,home,4-2-3-1,797291,Unai Simón,U. Simón,G,"1,0",True,Spain,"7,1","90,0",0,0,0,0,0,"26,0","27,0","96,3","1,0","1,0",,0,0,,,2026-03-27 20:00:00,Int. Friendly Games,Spain,4698,Serbia,6355,3,0,W,Serbia,home,True,España,,"100,0","1,0",,"1,0","100,0",,,"2,0","1,0",,"1,0",,"12,0","1,0","1,0","0,0",,,,"38,0",,,,,"15,0","130,2","1,0",,,,"2,0","0,1113",,"0,02","0,02","0,24","0,13",,,"0,0","26,0","12,0"
15794173,home,4-2-3-1,353138,Marcos Llorente,M. Llorente,D,"14,0",True,Spain,"7,1","90,0",0,0,0,0,0,"80,0","83,0","96,4",,,,0,0,,,2026-03-27 20:00:00,Int. Friendly Games,Spain,4698,Serbia,6355,3,0,W,Serbia,home,True,España,,,,,,,,,"4,0","2,0","1,0","45,0","43,0","3,0","1,0","5,0","0,0",,,,"95,0","1,0",,,,"33,0","197,8","0,0",,,"1,0",,,,"0,31","-0,44","-0,02",,,,"0,0","80,0","3,0"
15794173,home,4-2-3-1,1402913,Pau Cubarsí,P. Cubarsí,D,"5,0",True,Spain,"7,6","83,0",0,1,0,0,1,"91,0","94,0","96,8","1,0","5,0",,0,0,,,2026-03-27 20:00:00,Int. Friendly Games,Spain,4698,Serbia,6355,3,0,W,Serbia,home,True,España,"4,0","20,0","1,0","2,0","3,0","33,3",,,"8,0","6,0",,"31,0","29,0","1,0","4,0","3,0","0,0",,,,"100,0",,,,,"56,0","413,7","1,0","1,0",,,,,,"0,46","0,26","0,17",,,,"1,08","98,7","1,1"
15794173,home,4-2-3-1,149734,Aymeric Laporte,A. Laporte,D,"14,0",True,Spain,"7,6","90,0",0,0,0,0,0,"103,0","107,0","96,3","1,0","4,0","1,0",0,0,,,2026-03-27 20:00:00,Int. Friendly Games,Spain,4698,Serbia,6355,3,0,W,Serbia,home,True,España,"3,0","25,0","1,0","2,0","3,0","33,3",,,"7,0","3,0",,"44,0","41,0","2,0","4,0","4,0","0,0",,,,"112,0",,,,,"61,0","513,4","4,0","1,0",,,,,,"0,47","0,34","0,23",,,,"0,0","103,0","2,0"
15794173,home,4-2-3-1,794939,Marc Cucurella,M. Cucurella,D,"3,0",True,Spain,"7,1","90,0",0,0,0,0,0,"71,0","75,0","94,7","2,0","3,0",,0,0,,,2026-03-27 20:00:00,Int. Friendly Games,Spain,4698,Serbia,6355,3,0,W,Serbia,home,True,España,"1,0","66,7","1,0",,"1,0","100,0",,,"3,0","2,0",,"34,0","31,0","3,0","3,0","5,0","0,0",,,,"86,0","1,0",,,,"19,0","176,3","2,0","1,0","1,0",,,,,"0,16","0,13","0,17",,,,"0,0","71,0","3,0"
15794173,home,4-2-3-1,827606,Rodri,Rodri,M,"16,0",True,Spain,"7,4","77,0",0,0,0,0,0,"100,0","107,0","93,5","4,0","9,0","1,0",0,0,,,2026-03-27 20:00:00,Int. Friendly Games,Spain,4698,Serbia,6355,3,0,W,Serbia,home,True,España,"5,0","44,4","2,0","2,0","4,0","50,0","1,0","1,0","2,0","1,0",,"54,0","48,0","5,0","2,0","7,0","0,0",,,,"115,0",,,,,"41,0","274,8","1,0","3,0","1,0",,,,,"0,38","0,29","0,24",,,,"0,0","116,9","5,8"
15794173,home,4-2-3-1,992587,Pedri,Pedri,M,"8,0",True,Spain,"6,9","45,0",0,0,0,0,2,"43,0","44,0","97,7","2,0","3,0",,0,0,,,2026-03-27 20:00:00,Int. Friendly Games,Spain,4698,Serbia,6355,3,0,W,Serbia,home,True,España,"1,0","66,7","1,0",,"1,0","100,0","1,0",,"2,0","2,0",,"31,0","30,0","1,0",,"3,0","0,0",,,,"47,0",,"1,0",,,"22,0","192,6","0,0",,,,,,,"-0,15","0,25","0,13",,,,"0,0","86,0","2,0"
15794173,home,4-2-3-1,1402912,Lamine Yamal,L. Yamal,M,"10,0",True,Spain,"7,1","63,0",0,0,0,1,0,"34,0","43,0","79,1","5,0","10,0","1,0",0,0,,,2026-03-27 20:00:00,Int. Friendly Games,Spain,4698,Serbia,6355,3,0,W,Serbia,home,True,España,"5,0","50,0",,,,,"2,0","1,0","1,0","1,0",,"35,0","26,0","2,0",,"16,0","1,0",,,"1,0","61,0","2,0","2,0","5,0","2,0","19,0","175,4","6,0",,"1,0","1,0",,,"-0,15","0,22","0,49","0,13",,"63,0",,"0,0","48,6","2,9"
15794173,home,4-2-3-1,1153270,Fermín López,F. López,M,"16,0",True,Spain,"7,5","45,0",0,1,1,0,2,"28,0","30,0","93,3","5,0","7,0","1,0",0,0,,,2026-03-27 20:00:00,Int. Friendly Games,Spain,4698,Serbia,6355,3,0,W,Serbia,home,True,España,"2,0","71,4",,,,,"1,0","1,0","1,0","1,0","1,0","20,0","19,0",,,"3,0","1,0",,,,"40,0",,,"3,0","3,0","9,0","74,2","1,0","2,0","1,0",,,,"-0,07","0,49","0,14","-0,06",,"45,0","45,0","2,0","56,0","0,0"
15794173,home,4-2-3-1,910031,Alex Baena,A. Baena,M,"10,0",True,Spain,"6,7","77,0",0,0,0,2,1,"38,0","42,0","90,5","2,0","4,0",,0,0,,,2026-03-27 20:00:00,Int. Friendly Games,Spain,4698,Serbia,6355,3,0,W,Serbia,home,True,España,"2,0","50,0",,,,,"1,0",,,,"3,0","30,0","26,0","3,0","1,0","10,0","2,0",,,,"57,0","3,0",,,,"23,0","190,7","2,0",,"1,0",,,,"-0,25","0,08","0,1","-0,06",,"38,5",,"0,0","44,4","3,5"
15794173,home,4-2-3-1,823622,Mikel Oyarzabal,M. Oyarzabal,F,"10,0",True,Spain,"8,6","63,0",2,0,2,0,0,"13,0","18,0","72,2","2,0","4,0",,0,0,,,2026-03-27 20:00:00,Int. Friendly Games,Spain,4698,Serbia,6355,3,0,W,Serbia,home,True,España,"2,0","50,0",,"1,0","1,0","0,0",,,"1,0","1,0",,"10,0","5,0","3,0","1,0","10,0","3,0",,,,"33,0","4,0",,"1,0","1,0","13,0","90,0","2,0","1,0","1,0",,,,"0,87","-0,35","0,41","0,17",,"21,0","31,5","2,86","18,6","4,3"
15794173,home,4-2-3-1,789071,Dani Olmo,D. Olmo,M,"20,0",False,Spain,"6,8","45,0",0,0,1,0,0,"19,0","21,0","90,5","1,0","1,0",,0,0,,,2026-03-27 20:00:00,Int. Friendly Games,Spain,4698,Serbia,6355,3,0,W,Serbia,home,True,España,,"100,0",,,,,,,"3,0","1,0","1,0","11,0","9,0","1,0",,"4,0","2,0","1,0",,,"26,0","1,0",,,,"6,0","29,8","0,0",,"1,0",,,,"-0,55","0,29","0,01","0,13",,"22,5","45,0","0,0","38,0","2,0"
15794173,home,4-2-3-1,816763,Pablo Fornals,P. Fornals,M,"8,0",False,Spain,"6,6","45,0",0,0,0,0,2,"37,0","41,0","90,2",,"4,0",,0,0,,,2026-03-27 20:00:00,Int. Friendly Games,Spain,4698,Serbia,6355,3,0,W,Serbia,home,True,España,"4,0","0,0",,,,,,,"2,0",,"1,0","24,0","21,0","2,0",,"8,0","0,0",,"1,0",,"45,0",,"2,0","1,0",,"16,0","79,1","0,0",,,,,,,"0,3","-0,21","-0,05",,,,"0,0","74,0","4,0"
15794173,home,4-2-3-1,855833,Ferran Torres,F. Torres,F,"7,0",False,Spain,"7,0","27,0",0,1,2,1,2,"10,0","11,0","90,9",,"1,0",,0,0,,,2026-03-27 20:00:00,Int. Friendly Games,Spain,4698,Serbia,6355,3,0,W,Serbia,home,True,España,"1,0","0,0",,,,,,,,,,"10,0","9,0",,,"2,0","3,0",,"1,0",,"15,0","1,0",,,,"3,0","21,0","0,0","1,0",,,,,"-0,48","0,49","0,2","0,0",,"9,0","13,5","3,33","33,3","0,0"
15794173,home,4-2-3-1,1145642,Victor Muñoz,V. Muñoz,F,"21,0",False,Spain,"7,7","27,0",1,0,2,0,1,"21,0","26,0","80,8","2,0","4,0","1,0",0,0,,,2026-03-27 20:00:00,Int. Friendly Games,Spain,4698,Serbia,6355,3,0,W,Serbia,home,True,España,"2,0","50,0",,,,,"2,0",,,,,"22,0","17,0","3,0",,"6,0","2,0",,,,"36,0",,,"1,0",,"9,0","60,6","2,0","1,0",,,,,"0,47","0,15","0,29","0,0",,"13,5","13,5","3,33","70,0","10,0"
15794173,home,4-2-3-1,966837,Martín Zubimendi,M. Zubimendi,M,"36,0",False,Spain,"6,7","13,0",0,0,0,0,0,"13,0","13,0","100,0",,,,0,0,,,2026-03-27 20:00:00,Int. Friendly Games,Spain,4698,Serbia,6355,3,0,W,Serbia,home,True,España,,,,,,,,,"1,0","1,0",,"4,0","4,0",,,"1,0","0,0",,,,"14,0","1,0",,,,"6,0","40,2","0,0",,,,,,,"0,05","0,06","0,13",,,,"0,0","90,0","0,0"
15794173,home,4-2-3-1,984624,Yéremy Pino,Y. Pino,F,"10,0",False,Spain,"6,4","13,0",0,0,0,0,1,"9,0","10,0","90,0",,"3,0",,0,0,,,2026-03-27 20:00:00,Int. Friendly Games,Spain,4698,Serbia,6355,3,0,W,Serbia,home,True,España,"3,0","0,0",,,,,,,,,"1,0","4,0","3,0",,,"2,0","0,0",,,,"13,0",,"1,0",,,"5,0","47,3","1,0","1,0",,,,,,"0,04","0,02","-0,05",,,,"0,0","62,3","0,0"
15794173,home,4-2-3-1,1144630,Cristhian Mosquera,C. Mosquera,D,"3,0",False,Spain,"6,7","10,0",0,0,0,0,0,"6,0","7,0","85,7","1,0","1,0","1,0",0,0,,,2026-03-27 20:00:00,Int. Friendly Games,Spain,4698,Serbia,6355,3,0,W,Serbia,home,True,España,,"100,0","1,0",,"1,0","100,0",,,,,,"4,0","4,0","1,0",,"1,0","0,0",,,,"9,0",,,,,"4,0","35,3","0,0",,"1,0",,,,,"0,01","0,11","-0,01",,,,"0,0","54,0","9,0"
15794173,home,4-2-3-1,581310,David Raya,D. Raya,G,"1,0",False,Spain,,,0,0,0,0,0,,,,,,,0,0,,,2026-03-27 20:00:00,Int. Friendly Games,Spain,4698,Serbia,6355,3,0,W,Serbia,home,True,España,,,,,,,,,,,,,,,,,"0,0",,,,,,,,,,,,,,,,,,,,,,,,,,
15794173,home,4-2-3-1,791773,Álex Remiro,Á. Remiro,G,"1,0",False,Spain,,,0,0,0,0,0,,,,,,,0,0,,,2026-03-27 20:00:00,Int. Friendly Games,Spain,4698,Serbia,6355,3,0,W,Serbia,home,True,España,,,,,,,,,,,,,,,,,"0,0",,,,,,,,,,,,,,,,,,,,,,,,,,
15794173,home,4-2-3-1,1176744,Dean Huijsen,D. Huijsen,D,"24,0",False,Spain,,,0,0,0,0,0,,,,,,,0,0,,,2026-03-27 20:00:00,Int. Friendly Games,Spain,4698,Serbia,6355,3,0,W,Serbia,home,True,España,,,,,,,,,,,,,,,,,"0,0",,,,,,,,,,,,,,,,,,,,,,,,,,
15794173,home,4-2-3-1,913654,Pedro Porro,P. Porro,D,"23,0",False,Spain,,,0,0,0,0,0,,,,,,,0,0,,,2026-03-27 20:00:00,Int. Friendly Games,Spain,4698,Serbia,6355,3,0,W,Serbia,home,True,España,,,,,,,,,,,,,,,,,"0,0",,,,,,,,,,,,,,,,,,,,,,,,,,
15794173,home,4-2-3-1,177177,Alejandro Grimaldo,A. Grimaldo,M,"20,0",False,Spain,,,0,0,0,0,0,,,,,,,0,0,,,2026-03-27 20:00:00,Int. Friendly Games,Spain,4698,Serbia,6355,3,0,W,Serbia,home,True,España,,,,,,,,,,,,,,,,,"0,0",,,,,,,,,,,,,,,,,,,,,,,,,,
15794173,home,4-2-3-1,832427,Carlos Soler,C. Soler,M,"18,0",False,Spain,,,0,0,0,0,0,,,,,,,0,0,,,2026-03-27 20:00:00,Int. Friendly Games,Spain,4698,Serbia,6355,3,0,W,Serbia,home,True,España,,,,,,,,,,,,,,,,,"0,0",,,,,,,,,,,,,,,,,,,,,,,,,,
15794173,home,4-2-3-1,966862,Ander Barrenetxea,A. Barrenetxea,M,"7,0",False,Spain,,,0,0,0,0,0,,,,,,,0,0,,,2026-03-27 20:00:00,Int. Friendly Games,Spain,4698,Serbia,6355,3,0,W,Serbia,home,True,España,,,,,,,,,,,,,,,,,"0,0",,,,,,,,,,,,,,,,,,,,,,,,,,
15794173,home,4-2-3-1,785989,Borja Iglesias,B. Iglesias,F,"7,0",False,Spain,,,0,0,0,0,0,,,,,,,0,0,,,2026-03-27 20:00:00,Int. Friendly Games,Spain,4698,Serbia,6355,3,0,W,Serbia,home,True,España,,,,,,,,,,,,,,,,,"0,0",,,,,,,,,,,,,,,,,,,,,,,,,,
13233692,home,4-3-3,797291,Unai Simón,U. Simón,G,"1,0",True,Spain,"7,2","90,0",0,0,0,0,0,"20,0","21,0","95,2",,,,0,0,,,2025-11-18 19:45:00,World Cup Qual. UEFA E,Spain,4698,Türkiye,4700,2,2,D,Türkiye,home,True,España,,,,,,,,,"1,0",,,"1,0","1,0","11,0","1,0","1,0","0,0",,,,"36,0",,,,,,"0,0",,,,,"5,0",,,,,,,,,"0,0","20,0","11,0"
13233692,home,4-3-3,353138,Marcos Llorente,M. Llorente,D,"14,0",True,Spain,"7,3","90,0",0,0,0,0,1,"72,0","74,0","97,3","3,0","4,0",,0,0,,,2025-11-18 19:45:00,World Cup Qual. UEFA E,Spain,4698,Türkiye,4700,2,2,D,Türkiye,home,True,España,"1,0","75,0",,"1,0","1,0","0,0","3,0","3,0","1,0","1,0","3,0","42,0","39,0","6,0","1,0","4,0","0,0",,,,"88,0",,,,,,"0,0",,,,,,,,,,,,,,"0,0","72,0","6,0"
13233692,home,4-3-3,1402913,Pau Cubarsí,P. Cubarsí,D,"5,0",True,Spain,"7,0","90,0",0,0,1,0,0,"100,0","103,0","97,1","4,0","7,0",,0,0,,,2025-11-18 19:45:00,World Cup Qual. UEFA E,Spain,4698,Türkiye,4700,2,2,D,Türkiye,home,True,España,"3,0","57,1","3,0","2,0","5,0","60,0","1,0",,,,,"52,0","49,0","6,0","2,0","3,0","1,0",,,,"109,0",,,,,,"0,0",,"1,0",,,,,,,,,,"90,0","90,0","0,0","100,0","6,0"
13233692,home,4-3-3,149734,Aymeric Laporte,A. Laporte,D,"14,0",True,Spain,"7,5","90,0",0,0,1,0,0,"112,0","116,0","96,6","6,0","6,0",,0,0,,,2025-11-18 19:45:00,World Cup Qual. UEFA E,Spain,4698,Türkiye,4700,2,2,D,Türkiye,home,True,España,,"100,0","2,0",,"2,0","100,0","2,0","1,0","7,0","5,0",,"75,0","71,0","4,0","1,0","5,0","2,0",,,,"129,0","1,0",,,,,"0,0",,,"2,0",,,,,,,,,"45,0","90,0","0,0","112,0","4,0"
13233692,home,4-3-3,794939,Marc Cucurella,M. Cucurella,D,"3,0",True,Spain,"7,2","90,0",0,1,0,0,1,"69,0","74,0","93,2",,"2,0",,0,0,,,2025-11-18 19:45:00,World Cup Qual. UEFA E,Spain,4698,Türkiye,4700,2,2,D,Türkiye,home,True,España,"2,0","0,0",,,,,,,,,"4,0","54,0","46,0","3,0",,"9,0","0,0",,"1,0",,"85,0",,"1,0",,,,"0,0",,,,,,,,,,,,,,"1,0","69,0","3,0"
13233692,home,4-3-3,592010,Mikel Merino,M. Merino,M,"23,0",True,Spain,"6,5","45,0",0,0,0,0,0,"22,0","27,0","81,5","2,0","6,0",,0,0,,,2025-11-18 19:45:00,World Cup Qual. UEFA E,Spain,4698,Türkiye,4700,2,2,D,Türkiye,home,True,España,"4,0","33,3",,,,,,,"1,0",,,"15,0","10,0","2,0",,"8,0","1,0",,,,"34,0","1,0","2,0",,,,"0,0",,"1,0","2,0",,,,,,,,,"45,0",,"0,0","44,0","4,0"
13233692,home,4-3-3,796047,Aleix García,A. García,M,"24,0",True,Spain,"7,2","90,0",0,0,0,1,2,"99,0","107,0","92,5","3,0","6,0","1,0",0,0,,,2025-11-18 19:45:00,World Cup Qual. UEFA E,Spain,4698,Türkiye,4700,2,2,D,Türkiye,home,True,España,"3,0","50,0","3,0","1,0","4,0","75,0",,,"6,0","4,0","5,0","72,0","62,0","3,0",,"15,0","1,0",,,,"118,0",,"1,0",,,,"0,0",,,,,,,,,,,,"90,0",,"0,0","99,0","3,0"
13233692,home,4-3-3,784655,Fabián Ruiz,F. Ruiz,M,"8,0",True,Spain,"6,9","83,0",0,0,1,0,1,"68,0","74,0","91,9","1,0","2,0","1,0",0,0,,,2025-11-18 19:45:00,World Cup Qual. UEFA E,Spain,4698,Türkiye,4700,2,2,D,Türkiye,home,True,España,"1,0","50,0",,,,,"1,0",,"1,0","1,0","1,0","58,0","51,0","1,0","2,0","10,0","3,0","1,0",,,"87,0","2,0",,,,,"0,0",,"1,0",,,,,,,,,,"27,7","83,0","0,0","73,7","1,1"
13233692,home,4-3-3,984624,Yéremy Pino,Y. Pino,F,"10,0",True,Spain,"6,9","62,0",0,0,1,0,3,"38,0","48,0","79,2","2,0","5,0","2,0",0,0,,,2025-11-18 19:45:00,World Cup Qual. UEFA E,Spain,4698,Türkiye,4700,2,2,D,Türkiye,home,True,España,"3,0","40,0",,,,,"1,0",,,,"2,0","39,0","28,0","4,0",,"14,0","2,0","1,0",,,"60,0","1,0","1,0","1,0",,,"0,0",,,"1,0","1,0",,,,,,,,"31,0","62,0","0,0","55,2","5,8"
13233692,home,4-3-3,823622,Mikel Oyarzabal,M. Oyarzabal,F,"10,0",True,Spain,"7,5","62,0",1,0,1,2,2,"14,0","16,0","87,5",,"1,0",,0,0,,,2025-11-18 19:45:00,World Cup Qual. UEFA E,Spain,4698,Türkiye,4700,2,2,D,Türkiye,home,True,España,"1,0","0,0",,,,,,,,,,"12,0","10,0",,,"3,0","3,0",,,,"22,0","1,0",,,,,"0,0",,"1,0",,,,,,,,,,"20,7","62,0","1,45","20,3","0,0"
13233692,home,4-3-3,789071,Dani Olmo,D. Olmo,M,"20,0",True,Spain,"7,9","74,0",1,0,3,0,2,"44,0","50,0","88,0","1,0","4,0",,0,0,,,2025-11-18 19:45:00,World Cup Qual. UEFA E,Spain,4698,Türkiye,4700,2,2,D,Türkiye,home,True,España,"3,0","25,0",,"1,0","1,0","0,0",,,"3,0","1,0","1,0","37,0","30,0","2,0",,"11,0","3,0",,"1,0",,"60,0","1,0","2,0","1,0","1,0",,"0,0",,,,,,,,,,,,"24,7","24,7","1,22","53,5","2,4"
13233692,home,4-3-3,855833,Ferran Torres,F. Torres,F,"7,0",False,Spain,"6,9","45,0",0,0,0,2,0,"14,0","17,0","82,4","1,0","2,0","1,0",0,0,,,2025-11-18 19:45:00,World Cup Qual. UEFA E,Spain,4698,Türkiye,4700,2,2,D,Türkiye,home,True,España,"1,0","50,0",,,,,,,,,"1,0","15,0","11,0","1,0",,"6,0","2,0",,,,"25,0",,,"2,0","1,0",,"0,0",,,,,,,,,,,,"22,5",,"0,0","28,0","2,0"
13233692,home,4-3-3,910031,Alex Baena,A. Baena,M,"10,0",False,Spain,"7,5","28,0",0,0,1,1,3,"17,0","19,0","89,5",,"1,0",,0,0,,,2025-11-18 19:45:00,World Cup Qual. UEFA E,Spain,4698,Türkiye,4700,2,2,D,Türkiye,home,True,España,"1,0","0,0",,,,,,,"2,0","2,0","5,0","17,0","12,0",,,"7,0","2,0",,"1,0",,"28,0",,,,,,"0,0",,"1,0",,,,,,,,,,"14,0","28,0","0,0","54,6","0,0"
13233692,home,4-3-3,1503836,Samu Aghehowa,S. Aghehowa,F,"9,0",False,Spain,"6,4","28,0",0,0,0,1,0,"3,0","4,0","75,0","2,0","2,0",,0,0,,,2025-11-18 19:45:00,World Cup Qual. UEFA E,Spain,4698,Türkiye,4700,2,2,D,Türkiye,home,True,España,,"100,0","1,0",,"1,0","100,0",,,,,,"3,0","2,0","2,0",,"1,0","1,0","1,0",,,"6,0",,,,,,"0,0",,,"1,0","1,0",,,,,,,,"28,0",,"0,0","9,6","6,4"
13233692,home,4-3-3,1153270,Fermín López,F. López,M,"16,0",False,Spain,"6,4","16,0",0,0,0,0,0,"7,0","9,0","77,8","2,0","5,0",,0,0,,,2025-11-18 19:45:00,World Cup Qual. UEFA E,Spain,4698,Türkiye,4700,2,2,D,Türkiye,home,True,España,"3,0","40,0",,,,,,,,,,"7,0","5,0","1,0",,"5,0","0,0",,,,"16,0",,,"3,0",,,"0,0",,,"2,0","1,0",,,,,,,,,,"0,0","39,4","5,6"
13233692,home,4-3-3,816763,Pablo Fornals,P. Fornals,M,"8,0",False,Spain,"6,7","15,0",0,0,0,0,1,"6,0","7,0","85,7",,,,0,0,,,2025-11-18 19:45:00,World Cup Qual. UEFA E,Spain,4698,Türkiye,4700,2,2,D,Türkiye,home,True,España,,,,,,,,,,,,"3,0","2,0","1,0",,"1,0","0,0",,,,"9,0",,,,,,"0,0",,,,,,,,,,,,,,"0,0","36,0","6,0"
13233692,home,4-3-3,581310,David Raya,D. Raya,G,"1,0",False,Spain,,,0,0,0,0,0,,,,,,,0,0,,,2025-11-18 19:45:00,World Cup Qual. UEFA E,Spain,4698,Türkiye,4700,2,2,D,Türkiye,home,True,España,,,,,,,,,,,,,,,,,"0,0",,,,,,,,,,,,,,,,,,,,,,,,,,
13233692,home,4-3-3,791773,Álex Remiro,Á. Remiro,G,"1,0",False,Spain,,,0,0,0,0,0,,,,,,,0,0,,,2025-11-18 19:45:00,World Cup Qual. UEFA E,Spain,4698,Türkiye,4700,2,2,D,Türkiye,home,True,España,,,,,,,,,,,,,,,,,"0,0",,,,,,,,,,,,,,,,,,,,,,,,,,
13233692,home,4-3-3,910978,Dani Vivian,D. Vivian,D,"3,0",False,Spain,,,0,0,0,0,0,,,,,,,0,0,,,2025-11-18 19:45:00,World Cup Qual. UEFA E,Spain,4698,Türkiye,4700,2,2,D,Türkiye,home,True,España,,,,,,,,,,,,,,,,,"0,0",,,,,,,,,,,,,,,,,,,,,,,,,,
13233692,home,4-3-3,913654,Pedro Porro,P. Porro,D,"23,0",False,Spain,,,0,0,0,0,0,,,,,,,0,0,,,2025-11-18 19:45:00,World Cup Qual. UEFA E,Spain,4698,Türkiye,4700,2,2,D,Türkiye,home,True,España,,,,,,,,,,,,,,,,,"0,0",,,,,,,,,,,,,,,,,,,,,,,,,,
13233692,home,4-3-3,1142588,Pablo Barrios,P. Barrios,M,"8,0",False,Spain,,,0,0,0,0,0,,,,,,,0,0,,,2025-11-18 19:45:00,World Cup Qual. UEFA E,Spain,4698,Türkiye,4700,2,2,D,Türkiye,home,True,España,,,,,,,,,,,,,,,,,"0,0",,,,,,,,,,,,,,,,,,,,,,,,,,
13233692,home,4-3-3,966837,Martín Zubimendi,M. Zubimendi,M,"36,0",False,Spain,,,0,0,0,0,0,,,,,,,0,0,,,2025-11-18 19:45:00,World Cup Qual. UEFA E,Spain,4698,Türkiye,4700,2,2,D,Türkiye,home,True,España,,,,,,,,,,,,,,,,,"0,0",,,,,,,,,,,,,,,,,,,,,,,,,,
13233692,home,4-3-3,785989,Borja Iglesias,B. Iglesias,F,"7,0",False,Spain,,,0,0,0,0,0,,,,,,,0,0,,,2025-11-18 19:45:00,World Cup Qual. UEFA E,Spain,4698,Türkiye,4700,2,2,D,Türkiye,home,True,España,,,,,,,,,,,,,,,,,"0,0",,,,,,,,,,,,,,,,,,,,,,,,,,
13233663,away,4-3-3,797291,Unai Simón,U. Simón,G,"1,0",True,Spain,"7,3","90,0",0,0,0,0,0,"14,0","17,0","82,4","1,0","1,0",,0,0,,,2025-11-15 17:00:00,World Cup Qual. UEFA E,Georgia,4763,Spain,4698,0,4,W,Georgia,away,True,España,,"100,0",,,,,,,"3,0","1,0",,"1,0",,"6,0",,"3,0","0,0",,,,"24,0",,,,,,"0,0",,,"1,0",,"2,0",,,,,,,,,"0,0","14,0","6,0"
13233663,away,4-3-3,913654,Pedro Porro,P. Porro,D,"23,0",True,Spain,"7,1","45,0",0,0,0,0,1,"26,0","30,0","86,7","4,0","5,0",,0,0,,,2025-11-15 17:00:00,World Cup Qual. UEFA E,Georgia,4763,Spain,4698,0,4,W,Georgia,away,True,España,"1,0","80,0","2,0",,"2,0","100,0","2,0","1,0",,,"3,0","19,0","13,0","2,0","2,0","7,0","0,0",,"1,0",,"42,0","1,0",,,,,"0,0",,,,,,,,,,,,,,"0,0","52,0","4,0"
13233663,away,4-3-3,1402913,Pau Cubarsí,P. Cubarsí,D,"5,0",True,Spain,"7,2","90,0",0,0,0,0,0,"94,0","96,0","97,9",,"1,0",,0,0,,,2025-11-15 17:00:00,World Cup Qual. UEFA E,Georgia,4763,Spain,4698,0,4,W,Georgia,away,True,España,"1,0","0,0",,"1,0","1,0","0,0",,,"3,0","2,0",,"54,0","54,0",,"4,0","2,0","0,0",,,,"103,0",,,,,,"0,0",,,,,,,,,,,,,,"0,0","94,0","0,0"
13233663,away,4-3-3,149734,Aymeric Laporte,A. Laporte,D,"14,0",True,Spain,"7,8","90,0",0,0,0,0,0,"101,0","103,0","98,1","2,0","2,0","2,0",0,0,,,2025-11-15 17:00:00,World Cup Qual. UEFA E,Georgia,4763,Spain,4698,0,4,W,Georgia,away,True,España,,"100,0","1,0",,"1,0","100,0","1,0","1,0","4,0","3,0",,"57,0","56,0","3,0","3,0","2,0","0,0",,,,"110,0",,,,,,"0,0",,,,,,,,,,,,,,"0,0","101,0","3,0"
13233663,away,4-3-3,794939,Marc Cucurella,M. Cucurella,D,"3,0",True,Spain,"6,9","90,0",0,0,0,0,0,"36,0","39,0","92,3","2,0","7,0","2,0",0,0,,,2025-11-15 17:00:00,World Cup Qual. UEFA E,Georgia,4763,Spain,4698,0,4,W,Georgia,away,True,España,"5,0","28,6","1,0","1,0","2,0","50,0",,,"2,0","1,0",,"22,0","19,0","4,0","4,0","5,0","0,0",,,,"57,0","2,0",,,,,"0,0",,"3,0","1,0",,,,,,,,,,,"0,0","36,0","4,0"
13233663,away,4-3-3,592010,Mikel Merino,M. Merino,M,"23,0",True,Spain,"7,0","62,0",0,0,0,0,1,"20,0","23,0","87,0","5,0","9,0",,0,0,,,2025-11-15 17:00:00,World Cup Qual. UEFA E,Georgia,4763,Spain,4698,0,4,W,Georgia,away,True,España,"4,0","55,6",,,,,"2,0","2,0","1,0","1,0",,"15,0","12,0",,,"6,0","2,0",,,,"33,0","2,0","1,0",,,,"0,0",,"3,0","3,0",,,,,,,,,"31,0",,"0,0","29,0","0,0"
13233663,away,4-3-3,966837,Martín Zubimendi,M. Zubimendi,M,"36,0",True,Spain,"7,6","90,0",1,0,1,0,0,"83,0","89,0","93,3","2,0","6,0","1,0",0,0,,,2025-11-15 17:00:00,World Cup Qual. UEFA E,Georgia,4763,Spain,4698,0,4,W,Georgia,away,True,España,"4,0","33,3","2,0",,"2,0","100,0",,,"6,0","5,0","1,0","50,0","45,0","4,0","1,0","9,0","1,0",,,,"97,0",,"2,0",,,,"0,0",,"1,0",,,,,,,,,,"90,0","90,0","1,0","83,0","4,0"
13233663,away,4-3-3,784655,Fabián Ruiz,F. Ruiz,M,"8,0",True,Spain,"7,6","62,0",0,1,0,0,3,"47,0","50,0","94,0","1,0","2,0",,0,0,,,2025-11-15 17:00:00,World Cup Qual. UEFA E,Georgia,4763,Spain,4698,0,4,W,Georgia,away,True,España,"1,0","50,0","1,0",,"1,0","100,0",,,"1,0",,"3,0","29,0","25,0","5,0",,"6,0","0,0",,"1,0",,"55,0","1,0",,,,,"0,0",,,,,,,,,,,,,,"1,45","68,2","7,3"
13233663,away,4-3-3,855833,Ferran Torres,F. Torres,F,"7,0",True,Spain,"8,0","80,0",1,1,1,0,1,"24,0","33,0","72,7","1,0","5,0",,0,0,,,2025-11-15 17:00:00,World Cup Qual. UEFA E,Georgia,4763,Spain,4698,0,4,W,Georgia,away,True,España,"4,0","20,0",,,,,,,,,"3,0","30,0","19,0","4,0","1,0","18,0","3,0",,,,"51,0","3,0","1,0","3,0",,,"0,0",,,"1,0",,,,,,,,,"26,7","80,0","2,25","27,0","4,5"
13233663,away,4-3-3,823622,Mikel Oyarzabal,M. Oyarzabal,F,"10,0",True,Spain,"8,6","71,0",2,1,3,0,1,"7,0","10,0","70,0","1,0","2,0",,0,0,,,2025-11-15 17:00:00,World Cup Qual. UEFA E,Georgia,4763,Spain,4698,0,4,W,Georgia,away,True,España,"1,0","50,0","1,0",,"1,0","100,0",,,"1,0","1,0",,"7,0","4,0",,,"5,0","3,0","1,0","1,0",,"17,0","2,0",,,,,"0,0",,"1,0",,,,,,,,,,"23,7","23,7","3,8","8,9","0,0"
13233663,away,4-3-3,910031,Alex Baena,A. Baena,M,"10,0",True,Spain,"7,7","90,0",0,0,1,1,3,"53,0","60,0","88,3","3,0","6,0",,0,0,,,2025-11-15 17:00:00,World Cup Qual. UEFA E,Georgia,4763,Spain,4698,0,4,W,Georgia,away,True,España,"3,0","50,0",,,,,"1,0","1,0","6,0","4,0","8,0","48,0","35,0","5,0","1,0","18,0","2,0",,,"1,0","81,0","1,0","2,0","2,0","1,0",,"0,0",,,"1,0",,,,,,,,,"45,0","90,0","0,0","53,0","5,0"
13233663,away,4-3-3,353138,Marcos Llorente,M. Llorente,D,"14,0",False,Spain,"7,0","45,0",0,0,0,0,2,"22,0","26,0","84,6","2,0","3,0",,0,0,,,2025-11-15 17:00:00,World Cup Qual. UEFA E,Georgia,4763,Spain,4698,0,4,W,Georgia,away,True,España,"1,0","66,7",,,,,"1,0","1,0","2,0","1,0","1,0","12,0","10,0","4,0","2,0","5,0","0,0",,,,"38,0",,,"1,0","1,0",,"0,0",,,,,,,,,,,,,,"0,0","44,0","8,0"
13233663,away,4-3-3,1142588,Pablo Barrios,P. Barrios,M,"8,0",False,Spain,"7,0","28,0",0,0,0,0,1,"23,0","25,0","92,0","2,0","4,0",,0,0,,,2025-11-15 17:00:00,World Cup Qual. UEFA E,Georgia,4763,Spain,4698,0,4,W,Georgia,away,True,España,"2,0","50,0",,,,,"1,0",,"1,0","1,0",,"17,0","15,0","2,0",,"2,0","0,0",,"1,0",,"28,0",,,"1,0","1,0",,"0,0",,,,,,,,,,,,,,"0,0","73,9","6,4"
13233663,away,4-3-3,1153270,Fermín López,F. López,M,"16,0",False,Spain,"6,9","28,0",0,0,0,0,0,"22,0","23,0","95,7","3,0","3,0",,0,0,,,2025-11-15 17:00:00,World Cup Qual. UEFA E,Georgia,4763,Spain,4698,0,4,W,Georgia,away,True,España,,"100,0",,,,,"1,0",,"1,0","1,0","1,0","18,0","16,0","1,0","1,0","4,0","0,0",,,,"32,0","1,0",,"2,0","2,0",,"0,0",,,,,,,,,,,,,,"0,0","70,7","3,2"
13233663,away,4-3-3,785989,Borja Iglesias,B. Iglesias,F,"7,0",False,Spain,"5,8","19,0",0,0,1,1,0,"2,0","3,0","66,7",,,,0,0,,,2025-11-15 17:00:00,World Cup Qual. UEFA E,Georgia,4763,Spain,4698,0,4,W,Georgia,away,True,España,,,,,,,,,,,,"3,0","2,0",,"1,0","2,0","2,0","2,0",,,"7,0","1,0",,,,,"0,0",,,,,,,,,,,,"9,5","19,0","0,0","9,5","0,0"
13233663,away,4-3-3,984624,Yéremy Pino,Y. Pino,F,"10,0",False,Spain,"6,7","10,0",0,0,0,1,0,"6,0","7,0","85,7","1,0","4,0",,0,0,,,2025-11-15 17:00:00,World Cup Qual. UEFA E,Georgia,4763,Spain,4698,0,4,W,Georgia,away,True,España,"3,0","25,0",,,,,"1,0","1,0",,,"1,0","5,0","3,0",,,"3,0","1,0",,,,"13,0",,"1,0",,,,"0,0",,"1,0",,,,,,,,,,"10,0",,"0,0","54,0","0,0"
13233663,away,4-3-3,581310,David Raya,D. Raya,G,"1,0",False,Spain,,,0,0,0,0,0,,,,,,,0,0,,,2025-11-15 17:00:00,World Cup Qual. UEFA E,Georgia,4763,Spain,4698,0,4,W,Georgia,away,True,España,,,,,,,,,,,,,,,,,"0,0",,,,,,,,,,,,,,,,,,,,,,,,,,
13233663,away,4-3-3,791773,Álex Remiro,Á. Remiro,G,"1,0",False,Spain,,,0,0,0,0,0,,,,,,,0,0,,,2025-11-15 17:00:00,World Cup Qual. UEFA E,Georgia,4763,Spain,4698,0,4,W,Georgia,away,True,España,,,,,,,,,,,,,,,,,"0,0",,,,,,,,,,,,,,,,,,,,,,,,,,
13233663,away,4-3-3,910978,Dani Vivian,D. Vivian,D,"3,0",False,Spain,,,0,0,0,0,0,,,,,,,0,0,,,2025-11-15 17:00:00,World Cup Qual. UEFA E,Georgia,4763,Spain,4698,0,4,W,Georgia,away,True,España,,,,,,,,,,,,,,,,,"0,0",,,,,,,,,,,,,,,,,,,,,,,,,,
13233663,away,4-3-3,177177,Alejandro Grimaldo,A. Grimaldo,M,"20,0",False,Spain,,,0,0,0,0,0,,,,,,,0,0,,,2025-11-15 17:00:00,World Cup Qual. UEFA E,Georgia,4763,Spain,4698,0,4,W,Georgia,away,True,España,,,,,,,,,,,,,,,,,"0,0",,,,,,,,,,,,,,,,,,,,,,,,,,
13233663,away,4-3-3,816763,Pablo Fornals,P. Fornals,M,"8,0",False,Spain,,,0,0,0,0,0,,,,,,,0,0,,,2025-11-15 17:00:00,World Cup Qual. UEFA E,Georgia,4763,Spain,4698,0,4,W,Georgia,away,True,España,,,,,,,,,,,,,,,,,"0,0",,,,,,,,,,,,,,,,,,,,,,,,,,
13233663,away,4-3-3,796047,Aleix García,A. García,M,"24,0",False,Spain,,,0,0,0,0,0,,,,,,,0,0,,,2025-11-15 17:00:00,World Cup Qual. UEFA E,Georgia,4763,Spain,4698,0,4,W,Georgia,away,True,España,,,,,,,,,,,,,,,,,"0,0",,,,,,,,,,,,,,,,,,,,,,,,,,
13233663,away,4-3-3,789071,Dani Olmo,D. Olmo,M,"20,0",False,Spain,,,0,0,0,0,0,,,,,,,0,0,,,2025-11-15 17:00:00,World Cup Qual. UEFA E,Georgia,4763,Spain,4698,0,4,W,Georgia,away,True,España,,,,,,,,,,,,,,,,,"0,0",,,,,,,,,,,,,,,,,,,,,,,,,,
13233640,home,4-2-3-1,797291,Unai Simón,U. Simón,G,"1,0",True,Spain,"6,8","90,0",0,0,0,0,0,"14,0","16,0","87,5",,,,0,0,,,2025-10-14 18:45:00,World Cup Qual. UEFA E,Spain,4698,Bulgaria,4716,4,0,W,Bulgaria,home,True,España,,,,,,,,,"2,0",,,"1,0","1,0","8,0",,"2,0","0,0",,,,"22,0",,,,,,"0,0",,,,,,,,,,,,,,"0,0","14,0","8,0"
13233640,home,4-2-3-1,913654,Pedro Porro,P. Porro,D,"23,0",True,Spain,"7,2","90,0",0,0,0,0,1,"65,0","72,0","90,3","1,0","5,0",,0,0,,,2025-10-14 18:45:00,World Cup Qual. UEFA E,Spain,4698,Bulgaria,4716,4,0,W,Bulgaria,home,True,España,"4,0","20,0","1,0",,"1,0","100,0",,,"5,0","4,0","8,0","59,0","49,0","2,0",,"13,0","0,0",,,,"88,0",,,,,,"0,0",,"2,0",,,,,,,,,,,,"0,0","65,0","2,0"
13233640,home,4-2-3-1,787751,Robin Le Normand,R. Le Normand,D,"24,0",True,Spain,"7,5","71,0",0,1,0,0,1,"77,0","78,0","98,7","2,0","3,0",,0,0,,,2025-10-14 18:45:00,World Cup Qual. UEFA E,Spain,4698,Bulgaria,4716,4,0,W,Bulgaria,home,True,España,"1,0","66,7","1,0","1,0","2,0","50,0","1,0",,"2,0","1,0",,"50,0","49,0","7,0","1,0","2,0","0,0",,"1,0",,"83,0","1,0",,,,,"0,0",,,,,,,,,,,,,,"1,27","97,6","8,9"
13233640,home,4-2-3-1,149734,Aymeric Laporte,A. Laporte,D,"14,0",True,Spain,"7,7","90,0",0,0,0,0,0,"127,0","128,0","99,2","3,0","6,0",,0,0,,,2025-10-14 18:45:00,World Cup Qual. UEFA E,Spain,4698,Bulgaria,4716,4,0,W,Bulgaria,home,True,España,"3,0","50,0","1,0","2,0","3,0","33,3","1,0","1,0","4,0","4,0",,"93,0","92,0","3,0","1,0","2,0","0,0",,,,"132,0","1,0",,,,,"0,0",,,"1,0",,,,,,,,,,,"0,0","127,0","3,0"
13233640,home,4-2-3-1,177177,Alejandro Grimaldo,A. Grimaldo,M,"20,0",True,Spain,"8,0","90,0",0,1,0,1,4,"74,0","78,0","94,9","2,0","8,0",,0,0,,,2025-10-14 18:45:00,World Cup Qual. UEFA E,Spain,4698,Bulgaria,4716,4,0,W,Bulgaria,home,True,España,"6,0","25,0",,"1,0","1,0","0,0","1,0","1,0","1,0","1,0","9,0","75,0","65,0","4,0",,"14,0","1,0",,,,"101,0",,"2,0","2,0",,,"0,0",,,"1,0","1,0",,,,,,,,"90,0",,"1,0","74,0","4,0"
13233640,home,4-2-3-1,966837,Martín Zubimendi,M. Zubimendi,M,"36,0",True,Spain,"7,6","63,0",0,0,0,2,1,"81,0","82,0","98,8","1,0","1,0",,0,0,,,2025-10-14 18:45:00,World Cup Qual. UEFA E,Spain,4698,Bulgaria,4716,4,0,W,Bulgaria,home,True,España,,"100,0","1,0",,"1,0","100,0",,,"3,0","3,0","1,0","71,0","69,0","6,0","1,0","4,0","3,0",,,,"90,0","1,0",,,,,"0,0",,,,,,,,,,,,"21,0",,"0,0","115,7","8,6"
13233640,home,4-2-3-1,992587,Pedri,Pedri,M,"8,0",True,Spain,"8,1","68,0",0,0,0,2,3,"101,0","109,0","92,7","1,0","1,0","1,0",0,0,,,2025-10-14 18:45:00,World Cup Qual. UEFA E,Spain,4698,Bulgaria,4716,4,0,W,Bulgaria,home,True,España,,"100,0",,,,,,,"2,0","2,0",,"104,0","96,0","4,0","1,0","11,0","2,0","1,0","1,0","1,0","123,0","1,0",,,,,"0,0",,,"1,0",,,,,,,,,"34,0",,"0,0","133,7","5,3"
13233640,home,4-2-3-1,823622,Mikel Oyarzabal,M. Oyarzabal,F,"10,0",True,Spain,"8,0","90,0",1,0,2,2,2,"41,0","48,0","85,4","3,0","5,0",,0,0,,,2025-10-14 18:45:00,World Cup Qual. UEFA E,Spain,4698,Bulgaria,4716,4,0,W,Bulgaria,home,True,España,"2,0","60,0",,,,,"2,0","1,0","1,0","1,0",,"45,0","38,0","2,0",,"8,0","5,0","1,0","1,0",,"61,0",,"1,0","1,0","1,0",,"0,0",,"1,0",,"1,0",,,,,,,,"18,0","45,0","1,0","41,0","2,0"
13233640,home,4-2-3-1,592010,Mikel Merino,M. Merino,M,"23,0",True,Spain,"10,0","90,0",2,0,2,1,5,"40,0","46,0","87,0","5,0","8,0","1,0",0,0,,,2025-10-14 18:45:00,World Cup Qual. UEFA E,Spain,4698,Bulgaria,4716,4,0,W,Bulgaria,home,True,España,"3,0","62,5",,"1,0","1,0","0,0","1,0",,,,"1,0","42,0","36,0","4,0",,"10,0","5,0",,"2,0",,"65,0","3,0",,"1,0","1,0",,"0,0",,"1,0","3,0",,,,,,,,,"18,0","45,0","2,0","40,0","4,0"
13233640,home,4-2-3-1,910031,Alex Baena,A. Baena,M,"10,0",True,Spain,"7,7","63,0",0,0,2,0,2,"45,0","55,0","81,8","2,0","7,0",,0,0,,,2025-10-14 18:45:00,World Cup Qual. UEFA E,Spain,4698,Bulgaria,4716,4,0,W,Bulgaria,home,True,España,"5,0","28,6",,"1,0","1,0","0,0",,,"3,0","2,0","11,0","64,0","44,0","1,0",,"23,0","5,0",,"1,0",,"79,0",,,"3,0","2,0",,"0,0",,"2,0",,"1,0",,,,,,,,"12,6","31,5","0,0","64,3","1,4"
13233640,home,4-2-3-1,1503836,Samu Aghehowa,S. Aghehowa,F,"9,0",True,Spain,"6,1","45,0",0,0,2,1,0,"5,0","7,0","71,4","1,0","6,0",,0,0,,,2025-10-14 18:45:00,World Cup Qual. UEFA E,Spain,4698,Bulgaria,4716,4,0,W,Bulgaria,home,True,España,"5,0","16,7","1,0","1,0","2,0","50,0",,,,,,"7,0","5,0",,,"6,0","5,0","2,0",,,"19,0",,"3,0","1,0",,,"0,0",,,,,,,,,,,,"9,0","22,5","0,0","10,0","0,0"
13233640,home,4-2-3-1,785989,Borja Iglesias,B. Iglesias,F,"7,0",False,Spain,"6,6","45,0",0,0,2,1,0,"7,0","10,0","70,0",,"1,0",,0,0,,,2025-10-14 18:45:00,World Cup Qual. UEFA E,Spain,4698,Bulgaria,4716,4,0,W,Bulgaria,home,True,España,"1,0","0,0",,"1,0","1,0","0,0",,,,,,"9,0","6,0",,,"3,0","3,0","1,0",,,"14,0",,,,,,"0,0",,,,,,,,,,,,"15,0","22,5","0,0","14,0","0,0"
13233640,home,4-2-3-1,796047,Aleix García,A. García,M,"24,0",False,Spain,"7,2","27,0",0,0,0,0,0,"28,0","31,0","90,3",,"1,0",,0,0,,,2025-10-14 18:45:00,World Cup Qual. UEFA E,Spain,4698,Bulgaria,4716,4,0,W,Bulgaria,home,True,España,"1,0","0,0",,,,,,,"3,0","3,0","2,0","25,0","20,0",,,"5,0","0,0",,,,"34,0",,,,,,"0,0",,"1,0",,,,,,,,,,,,"0,0","93,3","0,0"
13233640,home,4-2-3-1,984624,Yéremy Pino,Y. Pino,F,"10,0",False,Spain,"7,1","27,0",0,0,1,1,2,"12,0","15,0","80,0","2,0","3,0","1,0",0,0,,,2025-10-14 18:45:00,World Cup Qual. UEFA E,Spain,4698,Bulgaria,4716,4,0,W,Bulgaria,home,True,España,"1,0","66,7",,,,,"2,0","1,0",,,,"14,0","11,0","1,0",,"6,0","3,0","1,0","1,0",,"25,0","2,0",,"1,0",,,"0,0",,,,,,,,,,,,"9,0","27,0","0,0","40,0","3,3"
13233640,home,4-2-3-1,1142588,Pablo Barrios,P. Barrios,M,"8,0",False,Spain,"6,8","22,0",0,0,0,1,0,"23,0","24,0","95,8",,,,0,0,,,2025-10-14 18:45:00,World Cup Qual. UEFA E,Spain,4698,Bulgaria,4716,4,0,W,Bulgaria,home,True,España,,,,,,,,,"1,0","1,0",,"16,0","15,0","4,0",,"1,0","1,0",,,,"26,0",,,,,,"0,0",,,,,,,,,,,,"22,0",,"0,0","94,1","16,4"
13233640,home,4-2-3-1,910978,Dani Vivian,D. Vivian,D,"3,0",False,Spain,"6,6","19,0",0,0,0,0,0,"17,0","18,0","94,4",,,,0,0,,,2025-10-14 18:45:00,World Cup Qual. UEFA E,Spain,4698,Bulgaria,4716,4,0,W,Bulgaria,home,True,España,,,,,,,,,"2,0","1,0",,"10,0","10,0",,,"1,0","0,0",,,,"18,0",,,,,,"0,0",,,,,,,,,,,,,,"0,0","80,5","0,0"
13233640,home,4-2-3-1,791773,Álex Remiro,Á. Remiro,G,"1,0",False,Spain,,,0,0,0,0,0,,,,,,,0,0,,,2025-10-14 18:45:00,World Cup Qual. UEFA E,Spain,4698,Bulgaria,4716,4,0,W,Bulgaria,home,True,España,,,,,,,,,,,,,,,,,"0,0",,,,,,,,,,,,,,,,,,,,,,,,,,
13233640,home,4-2-3-1,581310,David Raya,D. Raya,G,"1,0",False,Spain,,,0,0,0,0,0,,,,,,,0,0,,,2025-10-14 18:45:00,World Cup Qual. UEFA E,Spain,4698,Bulgaria,4716,4,0,W,Bulgaria,home,True,España,,,,,,,,,,,,,,,,,"0,0",,,,,,,,,,,,,,,,,,,,,,,,,,
13233640,home,4-2-3-1,1402913,Pau Cubarsí,P. Cubarsí,D,"5,0",False,Spain,,,0,0,0,0,0,,,,,,,0,0,,,2025-10-14 18:45:00,World Cup Qual. UEFA E,Spain,4698,Bulgaria,4716,4,0,W,Bulgaria,home,True,España,,,,,,,,,,,,,,,,,"0,0",,,,,,,,,,,,,,,,,,,,,,,,,,
13233640,home,4-2-3-1,353138,Marcos Llorente,M. Llorente,D,"14,0",False,Spain,,,0,0,0,0,0,,,,,,,0,0,,,2025-10-14 18:45:00,World Cup Qual. UEFA E,Spain,4698,Bulgaria,4716,4,0,W,Bulgaria,home,True,España,,,,,,,,,,,,,,,,,"0,0",,,,,,,,,,,,,,,,,,,,,,,,,,
13233640,home,4-2-3-1,794939,Marc Cucurella,M. Cucurella,D,"3,0",False,Spain,,,0,0,0,0,0,,,,,,,0,0,,,2025-10-14 18:45:00,World Cup Qual. UEFA E,Spain,4698,Bulgaria,4716,4,0,W,Bulgaria,home,True,España,,,,,,,,,,,,,,,,,"0,0",,,,,,,,,,,,,,,,,,,,,,,,,,
13233640,home,4-2-3-1,1800245,Jesús Rodriguez,J. Rodriguez,M,"17,0",False,Spain,,,0,0,0,0,0,,,,,,,0,0,,,2025-10-14 18:45:00,World Cup Qual. UEFA E,Spain,4698,Bulgaria,4716,4,0,W,Bulgaria,home,True,España,,,,,,,,,,,,,,,,,"0,0",,,,,,,,,,,,,,,,,,,,,,,,,,
13233640,home,4-2-3-1,900003,Jorge de Frutos,J. de Frutos,F,"19,0",False,Spain,,,0,0,0,0,0,,,,,,,0,0,,,2025-10-14 18:45:00,World Cup Qual. UEFA E,Spain,4698,Bulgaria,4716,4,0,W,Bulgaria,home,True,España,,,,,,,,,,,,,,,,,"0,0",,,,,,,,,,,,,,,,,,,,,,,,,,
13233608,home,4-3-3,797291,Unai Simón,U. Simón,G,"1,0",True,Spain,"6,9","90,0",0,0,0,0,0,"8,0","8,0","100,0",,,,0,0,,,2025-10-11 18:45:00,World Cup Qual. UEFA E,Spain,4698,Georgia,4763,2,0,W,Georgia,home,True,España,,,,,,,,,"1,0","1,0",,,,"6,0",,,"0,0",,,,"12,0",,,,,,"0,0",,,,,"1,0",,,,,,,,,"0,0","8,0","6,0"
13233608,home,4-3-3,913654,Pedro Porro,P. Porro,D,"23,0",True,Spain,"9,1","75,0",0,0,0,2,6,"71,0","80,0","88,8","5,0","9,0","3,0",0,0,,,2025-10-11 18:45:00,World Cup Qual. UEFA E,Spain,4698,Georgia,4763,2,0,W,Georgia,home,True,España,"4,0","55,6",,"2,0","2,0","0,0","2,0","2,0","8,0","6,0","15,0","71,0","54,0","1,0",,"19,0","4,0",,"4,0","1,0","112,0","1,0",,"2,0","2,0",,"0,0",,"2,0","1,0",,,,,,,,,"18,8",,"0,0","85,2","1,2"
13233608,home,4-3-3,787751,Robin Le Normand,R. Le Normand,D,"24,0",True,Spain,"8,2","90,0",0,1,0,1,2,"111,0","112,0","99,1","6,0","7,0",,0,0,,,2025-10-11 18:45:00,World Cup Qual. UEFA E,Spain,4698,Georgia,4763,2,0,W,Georgia,home,True,España,"1,0","85,7","3,0",,"3,0","100,0","1,0","1,0","3,0","3,0",,"66,0","66,0","4,0","2,0","2,0","1,0",,"1,0",,"120,0",,,"2,0","1,0",,"0,0",,,"1,0",,,,,,,,,"90,0",,"1,0","111,0","4,0"
13233608,home,4-3-3,1402913,Pau Cubarsí,P. Cubarsí,D,"5,0",True,Spain,"7,6","90,0",0,0,0,0,0,"123,0","125,0","98,4","2,0","4,0","1,0",0,0,,,2025-10-11 18:45:00,World Cup Qual. UEFA E,Spain,4698,Georgia,4763,2,0,W,Georgia,home,True,España,"2,0","50,0",,"1,0","1,0","0,0","2,0","2,0","9,0","7,0",,"67,0","66,0","5,0","1,0","2,0","0,0",,,,"129,0",,,,,,"0,0",,"1,0",,,,,,,,,,,,"0,0","123,0","5,0"
13233608,home,4-3-3,794939,Marc Cucurella,M. Cucurella,D,"3,0",True,Spain,"8,0","90,0",0,0,0,0,2,"68,0","75,0","90,7","5,0","7,0","3,0",0,0,,,2025-10-11 18:45:00,World Cup Qual. UEFA E,Spain,4698,Georgia,4763,2,0,W,Georgia,home,True,España,"2,0","71,4","3,0","1,0","4,0","75,0","1,0",,,,"1,0","51,0","46,0","6,0","1,0","10,0","0,0",,"1,0",,"94,0",,"1,0",,,,"0,0",,,"1,0","1,0",,,,,,,,,,"0,0","68,0","6,0"
13233608,home,4-3-3,592010,Mikel Merino,M. Merino,M,"23,0",True,Spain,"6,8","90,0",0,0,0,4,1,"39,0","44,0","88,6","4,0","11,0",,0,0,,,2025-10-11 18:45:00,World Cup Qual. UEFA E,Spain,4698,Georgia,4763,2,0,W,Georgia,home,True,España,"7,0","36,4","2,0",,"2,0","100,0","1,0","1,0",,,,"29,0","24,0","7,0","1,0","11,0","5,0","2,0","1,0",,"62,0","4,0","2,0",,,,"0,0",,"5,0","1,0",,,,,,,,,"18,0",,"0,0","39,0","7,0"
13233608,home,4-3-3,966837,Martín Zubimendi,M. Zubimendi,M,"36,0",True,Spain,"7,8","81,0",0,0,0,2,0,"90,0","95,0","94,7","7,0","7,0","3,0",0,0,,,2025-10-11 18:45:00,World Cup Qual. UEFA E,Spain,4698,Georgia,4763,2,0,W,Georgia,home,True,España,,"100,0","2,0",,"2,0","100,0","4,0","2,0","7,0","7,0",,"66,0","62,0","2,0",,"6,0","2,0","1,0",,,"109,0",,,"1,0","1,0",,"0,0",,,,,,,,,,,,"40,5",,"0,0","100,0","2,2"
13233608,home,4-3-3,992587,Pedri,Pedri,M,"8,0",True,Spain,"8,2","75,0",0,0,0,0,5,"77,0","87,0","88,5","4,0","6,0","1,0",0,0,,,2025-10-11 18:45:00,World Cup Qual. UEFA E,Spain,4698,Georgia,4763,2,0,W,Georgia,home,True,España,"2,0","66,7",,,,,"3,0","3,0","4,0","3,0",,"72,0","63,0","5,0","1,0","11,0","0,0",,,,"97,0",,"1,0",,,,"0,0",,"1,0","1,0",,,,,,,,,,,"0,0","92,4","6,0"
13233608,home,4-3-3,855833,Ferran Torres,F. Torres,F,"7,0",True,Spain,"5,9","90,0",0,0,2,2,0,"14,0","16,0","87,5","2,0","6,0",,0,0,,,2025-10-11 18:45:00,World Cup Qual. UEFA E,Spain,4698,Georgia,4763,2,0,W,Georgia,home,True,España,"4,0","33,3","1,0","1,0","2,0","50,0",,,,,"6,0","21,0","14,0",,,"10,0","5,0","3,0",,,"31,0","1,0","1,0","1,0",,,"0,0",,"1,0","1,0",,,,,,,,,"18,0","45,0","0,0","14,0","0,0"
13233608,home,4-3-3,823622,Mikel Oyarzabal,M. Oyarzabal,F,"10,0",True,Spain,"6,6","65,0",1,0,4,1,1,"9,0","11,0","81,8","2,0","4,0",,0,0,,,2025-10-11 18:45:00,World Cup Qual. UEFA E,Spain,4698,Georgia,4763,2,0,W,Georgia,home,True,España,"2,0","50,0",,,,,,,,,,"8,0","7,0",,,"4,0","5,0","3,0",,"1,0","22,0","1,0","1,0","2,0","2,0",,"0,0",,"1,0",,,,,,,,,,"13,0","16,2","1,38","12,5","0,0"
13233608,home,4-3-3,984624,Yéremy Pino,Y. Pino,F,"10,0",True,Spain,"7,7","64,0",1,0,1,0,1,"31,0","36,0","86,1","3,0","7,0",,0,0,,,2025-10-11 18:45:00,World Cup Qual. UEFA E,Spain,4698,Georgia,4763,2,0,W,Georgia,home,True,España,"4,0","42,9",,"2,0","2,0","0,0","3,0","2,0","1,0",,"1,0","31,0","26,0","3,0",,"11,0","1,0",,"1,0",,"47,0","2,0","1,0","1,0",,,"0,0",,,,,,,,,,,,"64,0","64,0","1,41","43,6","4,2"
13233608,home,4-3-3,910031,Alex Baena,A. Baena,M,"10,0",False,Spain,"6,8","26,0",0,0,0,0,0,"25,0","31,0","80,6",,,,0,0,,,2025-10-11 18:45:00,World Cup Qual. UEFA E,Spain,4698,Georgia,4763,2,0,W,Georgia,home,True,España,,,,,,,,,"1,0","1,0","3,0","29,0","20,0","1,0",,"9,0","0,0",,,,"36,0",,,,,,"0,0",,,,"1,0",,,,,,,,,,"0,0","86,5","3,5"
13233608,home,4-3-3,785989,Borja Iglesias,B. Iglesias,F,"7,0",False,Spain,"6,5","25,0",0,0,0,0,0,"4,0","6,0","66,7",,"1,0",,0,0,,,2025-10-11 18:45:00,World Cup Qual. UEFA E,Spain,4698,Georgia,4763,2,0,W,Georgia,home,True,España,"1,0","0,0",,,,,,,,,,"5,0","4,0",,,"3,0","0,0",,,,"8,0",,"1,0",,,,"0,0",,,,,,,,,,,,,,"0,0","14,4","0,0"
13233608,home,4-3-3,353138,Marcos Llorente,M. Llorente,D,"14,0",False,Spain,"6,8","15,0",0,0,0,0,0,"21,0","23,0","91,3","3,0","3,0",,0,0,,,2025-10-11 18:45:00,World Cup Qual. UEFA E,Spain,4698,Georgia,4763,2,0,W,Georgia,home,True,España,,"100,0",,,,,"2,0","1,0","1,0","1,0","1,0","14,0","11,0","1,0",,"3,0","0,0",,,,"30,0",,,"1,0","1,0",,"0,0",,,,,,,,,,,,,,"0,0","126,0","6,0"
13233608,home,4-3-3,1142588,Pablo Barrios,P. Barrios,M,"8,0",False,Spain,"6,9","15,0",0,0,0,0,0,"31,0","32,0","96,9","2,0","5,0",,0,0,,,2025-10-11 18:45:00,World Cup Qual. UEFA E,Spain,4698,Georgia,4763,2,0,W,Georgia,home,True,España,"3,0","40,0",,"1,0","1,0","0,0","2,0","2,0","3,0","2,0",,"21,0","20,0","1,0",,"3,0","1,0",,,,"38,0",,"1,0",,,,"0,0",,"1,0",,,,,,,,,,"15,0",,"0,0","186,0","6,0"
13233608,home,4-3-3,796047,Aleix García,A. García,M,"24,0",False,Spain,"6,8","9,0",0,0,0,0,0,"33,0","33,0","100,0",,"1,0",,0,0,,,2025-10-11 18:45:00,World Cup Qual. UEFA E,Spain,4698,Georgia,4763,2,0,W,Georgia,home,True,España,"1,0","0,0",,,,,,,"4,0","4,0",,"20,0","20,0","1,0",,"1,0","0,0",,,,"35,0",,"1,0",,,,"0,0",,,,,,,,,,,,,,"0,0","330,0","10,0"
13233608,home,4-3-3,581310,David Raya,D. Raya,G,"1,0",False,Spain,,,0,0,0,0,0,,,,,,,0,0,,,2025-10-11 18:45:00,World Cup Qual. UEFA E,Spain,4698,Georgia,4763,2,0,W,Georgia,home,True,España,,,,,,,,,,,,,,,,,"0,0",,,,,,,,,,,,,,,,,,,,,,,,,,
13233608,home,4-3-3,791773,Álex Remiro,Á. Remiro,G,"1,0",False,Spain,,,0,0,0,0,0,,,,,,,0,0,,,2025-10-11 18:45:00,World Cup Qual. UEFA E,Spain,4698,Georgia,4763,2,0,W,Georgia,home,True,España,,,,,,,,,,,,,,,,,"0,0",,,,,,,,,,,,,,,,,,,,,,,,,,
13233608,home,4-3-3,910978,Dani Vivian,D. Vivian,D,"3,0",False,Spain,,,0,0,0,0,0,,,,,,,0,0,,,2025-10-11 18:45:00,World Cup Qual. UEFA E,Spain,4698,Georgia,4763,2,0,W,Georgia,home,True,España,,,,,,,,,,,,,,,,,"0,0",,,,,,,,,,,,,,,,,,,,,,,,,,
13233608,home,4-3-3,1800245,Jesús Rodriguez,J. Rodriguez,M,"17,0",False,Spain,,,0,0,0,0,0,,,,,,,0,0,,,2025-10-11 18:45:00,World Cup Qual. UEFA E,Spain,4698,Georgia,4763,2,0,W,Georgia,home,True,España,,,,,,,,,,,,,,,,,"0,0",,,,,,,,,,,,,,,,,,,,,,,,,,
13233608,home,4-3-3,177177,Alejandro Grimaldo,A. Grimaldo,M,"20,0",False,Spain,,,0,0,0,0,0,,,,,,,0,0,,,2025-10-11 18:45:00,World Cup Qual. UEFA E,Spain,4698,Georgia,4763,2,0,W,Georgia,home,True,España,,,,,,,,,,,,,,,,,"0,0",,,,,,,,,,,,,,,,,,,,,,,,,,
13233608,home,4-3-3,900003,Jorge de Frutos,J. de Frutos,F,"19,0",False,Spain,,,0,0,0,0,0,,,,,,,0,0,,,2025-10-11 18:45:00,World Cup Qual. UEFA E,Spain,4698,Georgia,4763,2,0,W,Georgia,home,True,España,,,,,,,,,,,,,,,,,"0,0",,,,,,,,,,,,,,,,,,,,,,,,,,
13233608,home,4-3-3,1503836,Samu Aghehowa,S. Aghehowa,F,"9,0",False,Spain,,,0,0,0,0,0,,,,,,,0,0,,,2025-10-11 18:45:00,World Cup Qual. UEFA E,Spain,4698,Georgia,4763,2,0,W,Georgia,home,True,España,,,,,,,,,,,,,,,,,"0,0",,,,,,,,,,,,,,,,,,,,,,,,,,
13233482,away,4-3-3,797291,Unai Simón,U. Simón,G,"1,0",True,Spain,"7,4","90,0",0,0,0,0,0,"30,0","34,0","88,2",,,,0,0,,,2025-09-07 18:45:00,World Cup Qual. UEFA E,Türkiye,4700,Spain,4698,0,6,W,Türkiye,away,True,España,,,,,,,,,"8,0","5,0",,"2,0",,"5,0","1,0","4,0","0,0",,,,"40,0",,,,,,"0,0",,,,,"2,0",,,,,,,,,"0,0","30,0","5,0"
13233482,away,4-3-3,913654,Pedro Porro,P. Porro,D,"23,0",True,Spain,"7,1","90,0",0,0,0,0,3,"38,0","47,0","80,9","4,0","9,0",,0,0,,,2025-09-07 18:45:00,World Cup Qual. UEFA E,Türkiye,4700,Spain,4698,0,6,W,Türkiye,away,True,España,"5,0","44,4",,"1,0","1,0","0,0","4,0",,"6,0",,"3,0","29,0","19,0","7,0","4,0","12,0","0,0",,"1,0",,"67,0",,,,,,"0,0",,"1,0",,,,,,,,,,,,"0,0","38,0","7,0"
13233482,away,4-3-3,787751,Robin Le Normand,R. Le Normand,D,"24,0",True,Spain,"7,5","90,0",0,0,1,0,1,"53,0","54,0","98,1","3,0","6,0","1,0",0,0,,,2025-09-07 18:45:00,World Cup Qual. UEFA E,Türkiye,4700,Spain,4698,0,6,W,Türkiye,away,True,España,"3,0","50,0","3,0","2,0","5,0","60,0",,,"2,0","2,0",,"18,0","18,0","2,0","6,0","2,0","1,0",,,,"68,0",,,"1,0",,,"0,0",,"1,0",,,,,,,,,,"90,0","90,0","0,0","53,0","2,0"
13233482,away,4-3-3,1176744,Dean Huijsen,D. Huijsen,D,"24,0",True,Spain,"8,2","90,0",0,0,0,0,0,"65,0","74,0","87,8","3,0","3,0","1,0",0,0,,,2025-09-07 18:45:00,World Cup Qual. UEFA E,Türkiye,4700,Spain,4698,0,6,W,Türkiye,away,True,España,,"100,0","1,0",,"1,0","100,0","2,0","2,0","7,0","3,0",,"34,0","27,0","4,0","9,0","9,0","0,0",,,,"94,0",,,,,,"0,0",,,,,,,,,,,,,,"0,0","65,0","4,0"
13233482,away,4-3-3,794939,Marc Cucurella,M. Cucurella,D,"3,0",True,Spain,"7,6","90,0",0,0,0,0,0,"38,0","42,0","90,5","6,0","9,0","2,0",0,0,,,2025-09-07 18:45:00,World Cup Qual. UEFA E,Türkiye,4700,Spain,4698,0,6,W,Türkiye,away,True,España,"3,0","66,7","1,0",,"1,0","100,0","4,0",,"2,0","1,0","1,0","28,0","25,0","7,0","5,0","7,0","0,0",,,,"73,0","1,0","1,0",,,,"0,0",,"2,0","1,0",,,,,,,,,,,"0,0","38,0","7,0"
13233482,away,4-3-3,592010,Mikel Merino,M. Merino,M,"23,0",True,Spain,"9,7","90,0",3,0,3,1,2,"38,0","44,0","86,4","4,0","7,0","1,0",0,0,,,2025-09-07 18:45:00,World Cup Qual. UEFA E,Türkiye,4700,Spain,4698,0,6,W,Türkiye,away,True,España,"3,0","57,1","1,0",,"1,0","100,0","3,0","1,0","1,0",,,"22,0","19,0","4,0","1,0","7,0","4,0","1,0","1,0",,"58,0",,"1,0",,,,"0,0",,"1,0",,,,,,,,,,"22,5","30,0","3,0","38,0","4,0"
13233482,away,4-3-3,966837,Martín Zubimendi,M. Zubimendi,M,"36,0",True,Spain,"7,1","73,0",0,0,0,0,1,"48,0","51,0","94,1","3,0","4,0",,0,0,,,2025-09-07 18:45:00,World Cup Qual. UEFA E,Türkiye,4700,Spain,4698,0,6,W,Türkiye,away,True,España,"1,0","75,0",,,,,"2,0","2,0","1,0","1,0",,"24,0","22,0","2,0","3,0","3,0","1,0",,,,"59,0",,,,,,"0,0",,,"1,0",,,,,,,,,"73,0",,"0,0","59,2","2,5"
13233482,away,4-3-3,992587,Pedri,Pedri,M,"8,0",True,Spain,"9,4","68,0",2,0,3,0,3,"49,0","54,0","90,7","5,0","7,0",,0,0,,,2025-09-07 18:45:00,World Cup Qual. UEFA E,Türkiye,4700,Spain,4698,0,6,W,Türkiye,away,True,España,"2,0","71,4",,,,,"3,0","1,0","3,0","2,0","1,0","38,0","33,0","5,0",,"9,0","3,0",,"1,0",,"67,0","1,0","1,0","2,0","1,0",,"0,0",,,"1,0",,,,,,,,,"22,7","22,7","2,65","64,9","6,6"
13233482,away,4-3-3,1402912,Lamine Yamal,L. Yamal,M,"10,0",True,Spain,"9,4","73,0",0,2,1,2,4,"22,0","27,0","81,5","13,0","17,0","1,0",0,0,,,2025-09-07 18:45:00,World Cup Qual. UEFA E,Türkiye,4700,Spain,4698,0,6,W,Türkiye,away,True,España,"4,0","76,5",,,,,"4,0",,"1,0","1,0","2,0","22,0","16,0","6,0",,"10,0","6,0","1,0","3,0",,"54,0","1,0",,"10,0","8,0",,"0,0",,,"1,0",,,,,,,,,"12,2","73,0","2,47","27,1","7,4"
13233482,away,4-3-3,823622,Mikel Oyarzabal,M. Oyarzabal,F,"10,0",True,Spain,"8,9","68,0",0,3,0,0,3,"16,0","19,0","84,2","4,0","8,0",,0,0,,,2025-09-07 18:45:00,World Cup Qual. UEFA E,Türkiye,4700,Spain,4698,0,6,W,Türkiye,away,True,España,"4,0","50,0",,"2,0","2,0","0,0","2,0","2,0",,,,"16,0","13,0","3,0","1,0","6,0","0,0",,"3,0",,"31,0","2,0","1,0","2,0","2,0",,"0,0",,"1,0",,,,,,,,,,,,"3,97","21,2","4,0"
13233482,away,4-3-3,1085400,Nico Williams,N. Williams,M,"10,0",True,Spain,"6,1","44,0",0,1,2,1,3,"13,0","15,0","86,7",,"1,0",,0,0,,,2025-09-07 18:45:00,World Cup Qual. UEFA E,Türkiye,4700,Spain,4698,0,6,W,Türkiye,away,True,España,"1,0","0,0",,,,,,,,,,"14,0","12,0","2,0",,"5,0","3,0","3,0",,,"24,0","2,0",,,,,"0,0",,,,,,,,,,,,"14,7","22,0","2,05","26,6","4,1"
13233482,away,4-3-3,855833,Ferran Torres,F. Torres,F,"7,0",False,Spain,"6,9","46,0",1,0,2,0,0,"17,0","19,0","89,5","1,0","7,0",,0,0,,,2025-09-07 18:45:00,World Cup Qual. UEFA E,Türkiye,4700,Spain,4698,0,6,W,Türkiye,away,True,España,"6,0","14,3",,"2,0","2,0","0,0",,,,,,"13,0","11,0","2,0",,"8,0","2,0","1,0",,,"29,0","2,0","3,0",,,,"0,0",,"1,0","1,0","1,0",,,,,,,,"23,0","23,0","1,96","33,3","3,9"
13233482,away,4-3-3,1153270,Fermín López,F. López,M,"16,0",False,Spain,"6,6","22,0",0,0,0,0,0,"12,0","13,0","92,3","1,0","2,0",,0,0,,,2025-09-07 18:45:00,World Cup Qual. UEFA E,Türkiye,4700,Spain,4698,0,6,W,Türkiye,away,True,España,"1,0","50,0",,,,,,,,,,"11,0","10,0",,,"2,0","1,0",,,,"16,0",,,,,,"0,0",,"1,0","1,0",,,,,,,,,"22,0",,"0,0","49,1","0,0"
13233482,away,4-3-3,900003,Jorge de Frutos,J. de Frutos,F,"19,0",False,Spain,"6,7","22,0",0,0,0,0,1,"8,0","8,0","100,0",,,,0,0,,,2025-09-07 18:45:00,World Cup Qual. UEFA E,Türkiye,4700,Spain,4698,0,6,W,Türkiye,away,True,España,,,,,,,,,,,,"7,0","7,0","1,0",,"1,0","0,0",,,,"10,0","1,0",,,,,"0,0",,,,,,,,,,,,,,"0,0","32,7","4,1"
13233482,away,4-3-3,827606,Rodri,Rodri,M,"16,0",False,Spain,"6,8","17,0",0,0,0,0,0,"18,0","20,0","90,0","2,0","3,0","1,0",0,0,,,2025-09-07 18:45:00,World Cup Qual. UEFA E,Türkiye,4700,Spain,4698,0,6,W,Türkiye,away,True,España,"1,0","66,7",,,,,"2,0","1,0","2,0","2,0",,"11,0","9,0",,,"3,0","0,0",,,,"25,0",,"1,0",,,,"0,0",,,,,,,,,,,,,,"0,0","95,3","0,0"
13233482,away,4-3-3,125407,Álvaro Morata,Á. Morata,F,"7,0",False,Spain,"6,4","17,0",0,0,0,0,0,"3,0","4,0","75,0",,"2,0",,0,0,,,2025-09-07 18:45:00,World Cup Qual. UEFA E,Türkiye,4700,Spain,4698,0,6,W,Türkiye,away,True,España,"2,0","0,0",,,,,,,,,,"3,0","3,0","1,0","1,0","2,0","0,0",,,,"6,0",,,"1,0",,,"0,0",,"1,0",,"2,0",,,,,,,,,,"0,0","15,9","5,3"
13233482,away,4-3-3,581310,David Raya,D. Raya,G,"1,0",False,Spain,,,0,0,0,0,0,,,,,,,0,0,,,2025-09-07 18:45:00,World Cup Qual. UEFA E,Türkiye,4700,Spain,4698,0,6,W,Türkiye,away,True,España,,,,,,,,,,,,,,,,,"0,0",,,,,,,,,,,,,,,,,,,,,,,,,,
13233482,away,4-3-3,791773,Álex Remiro,Á. Remiro,G,"1,0",False,Spain,,,0,0,0,0,0,,,,,,,0,0,,,2025-09-07 18:45:00,World Cup Qual. UEFA E,Türkiye,4700,Spain,4698,0,6,W,Türkiye,away,True,España,,,,,,,,,,,,,,,,,"0,0",,,,,,,,,,,,,,,,,,,,,,,,,,
13233482,away,4-3-3,138572,Dani Carvajal,D. Carvajal,D,"2,0",False,Spain,,,0,0,0,0,0,,,,,,,0,0,,,2025-09-07 18:45:00,World Cup Qual. UEFA E,Türkiye,4700,Spain,4698,0,6,W,Türkiye,away,True,España,,,,,,,,,,,,,,,,,"0,0",,,,,,,,,,,,,,,,,,,,,,,,,,
13233482,away,4-3-3,1402913,Pau Cubarsí,P. Cubarsí,D,"5,0",False,Spain,,,0,0,0,0,0,,,,,,,0,0,,,2025-09-07 18:45:00,World Cup Qual. UEFA E,Türkiye,4700,Spain,4698,0,6,W,Türkiye,away,True,España,,,,,,,,,,,,,,,,,"0,0",,,,,,,,,,,,,,,,,,,,,,,,,,
13233482,away,4-3-3,796047,Aleix García,A. García,M,"24,0",False,Spain,,,0,0,0,0,0,,,,,,,0,0,,,2025-09-07 18:45:00,World Cup Qual. UEFA E,Türkiye,4700,Spain,4698,0,6,W,Türkiye,away,True,España,,,,,,,,,,,,,,,,,"0,0",,,,,,,,,,,,,,,,,,,,,,,,,,
13233482,away,4-3-3,789071,Dani Olmo,D. Olmo,M,"20,0",False,Spain,,,0,0,0,0,0,,,,,,,0,0,,,2025-09-07 18:45:00,World Cup Qual. UEFA E,Türkiye,4700,Spain,4698,0,6,W,Türkiye,away,True,España,,,,,,,,,,,,,,,,,"0,0",,,,,,,,,,,,,,,,,,,,,,,,,,
13233482,away,4-3-3,177177,Alejandro Grimaldo,A. Grimaldo,M,"20,0",False,Spain,,,0,0,0,0,0,,,,,,,0,0,,,2025-09-07 18:45:00,World Cup Qual. UEFA E,Türkiye,4700,Spain,4698,0,6,W,Türkiye,away,True,España,,,,,,,,,,,,,,,,,"0,0",,,,,,,,,,,,,,,,,,,,,,,,,,
13233457,away,4-3-3,797291,Unai Simón,U. Simón,G,"1,0",True,Spain,"6,7","90,0",0,0,0,0,0,"12,0","12,0","100,0",,,,0,0,,,2025-09-04 18:45:00,World Cup Qual. UEFA E,Bulgaria,4716,Spain,4698,0,3,W,Bulgaria,away,True,España,,,,,,,,,,,,,,"7,0",,,"0,0",,,,"16,0",,,,,,"0,0",,,,,,,,,,,,,,"0,0","12,0","7,0"
13233457,away,4-3-3,913654,Pedro Porro,P. Porro,D,"23,0",True,Spain,"7,8","62,0",0,0,0,1,1,"46,0","52,0","88,5","1,0","1,0","1,0",0,0,,,2025-09-04 18:45:00,World Cup Qual. UEFA E,Bulgaria,4716,Spain,4698,0,3,W,Bulgaria,away,True,España,,"100,0",,,,,"1,0","1,0","5,0","4,0","2,0","33,0","27,0","3,0","2,0","8,0","1,0",,"1,0",,"68,0",,,,,,"0,0",,,,,,,,,,,,"62,0",,"0,0","66,8","4,4"
13233457,away,4-3-3,787751,Robin Le Normand,R. Le Normand,D,"24,0",True,Spain,"6,7","45,0",0,0,0,0,0,"41,0","41,0","100,0","4,0","11,0",,0,0,,,2025-09-04 18:45:00,World Cup Qual. UEFA E,Bulgaria,4716,Spain,4698,0,3,W,Bulgaria,away,True,España,"7,0","36,4","2,0","4,0","6,0","33,3",,,"1,0","1,0",,"26,0","26,0","3,0","2,0",,"0,0",,,,"50,0",,,,,,"0,0",,"3,0","2,0",,,,,,,,,,,"0,0","82,0","6,0"
13233457,away,4-3-3,1176744,Dean Huijsen,D. Huijsen,D,"24,0",True,Spain,"7,8","90,0",0,0,0,2,1,"97,0","103,0","94,2","4,0","7,0","1,0",0,0,,,2025-09-04 18:45:00,World Cup Qual. UEFA E,Bulgaria,4716,Spain,4698,0,3,W,Bulgaria,away,True,España,"3,0","57,1","2,0","1,0","3,0","66,7","1,0",,"7,0","6,0",,"73,0","69,0","3,0","4,0","8,0","2,0",,,,"116,0","1,0",,"2,0","1,0",,"0,0",,"2,0",,,,,,,,,,"45,0",,"0,0","97,0","3,0"
13233457,away,4-3-3,794939,Marc Cucurella,M. Cucurella,D,"3,0",True,Spain,"8,0","90,0",1,0,1,0,2,"77,0","81,0","95,1","1,0","6,0",,0,0,,,2025-09-04 18:45:00,World Cup Qual. UEFA E,Bulgaria,4716,Spain,4698,0,3,W,Bulgaria,away,True,España,"5,0","16,7",,"1,0","1,0","0,0","1,0","1,0","2,0","2,0",,"63,0","60,0","1,0",,"5,0","2,0",,,,"91,0",,,,,,"0,0",,"2,0",,,,,,,,,,"45,0","90,0","1,0","77,0","1,0"
13233457,away,4-3-3,592010,Mikel Merino,M. Merino,M,"23,0",True,Spain,"8,1","90,0",1,0,4,0,1,"48,0","52,0","92,3","3,0","8,0",,0,0,,,2025-09-04 18:45:00,World Cup Qual. UEFA E,Bulgaria,4716,Spain,4698,0,3,W,Bulgaria,away,True,España,"5,0","37,5","3,0","4,0","7,0","42,9",,,"3,0","2,0",,"41,0","37,0","7,0","1,0","7,0","5,0","1,0",,"1,0","62,0","2,0",,,,,"0,0",,"1,0",,,,,,,,,,"18,0","22,5","1,0","48,0","7,0"
13233457,away,4-3-3,966837,Martín Zubimendi,M. Zubimendi,M,"36,0",True,Spain,"8,0","62,0",0,1,0,0,2,"69,0","78,0","88,5","2,0","3,0",,0,0,,,2025-09-04 18:45:00,World Cup Qual. UEFA E,Bulgaria,4716,Spain,4698,0,3,W,Bulgaria,away,True,España,"1,0","66,7","2,0",,"2,0","100,0",,,"4,0","3,0",,"66,0","59,0","3,0","2,0","9,0","0,0",,"2,0",,"82,0",,,,,,"0,0",,"1,0",,,,,,,,,,,,"1,45","100,2","4,4"
13233457,away,4-3-3,992587,Pedri,Pedri,M,"8,0",True,Spain,"8,0","90,0",0,0,0,1,2,"120,0","130,0","92,3","1,0","2,0",,0,0,,,2025-09-04 18:45:00,World Cup Qual. UEFA E,Bulgaria,4716,Spain,4698,0,3,W,Bulgaria,away,True,España,"1,0","50,0",,,,,,,"10,0","8,0","2,0","112,0","102,0","2,0",,"14,0","2,0",,,,"142,0","2,0",,"1,0",,,"0,0",,,"1,0",,,,,,,,,"45,0",,"0,0","120,0","2,0"
13233457,away,4-3-3,1402912,Lamine Yamal,L. Yamal,M,"10,0",True,Spain,"7,9","79,0",0,1,3,0,2,"39,0","51,0","76,5","8,0","16,0",,0,0,,,2025-09-04 18:45:00,World Cup Qual. UEFA E,Bulgaria,4716,Spain,4698,0,3,W,Bulgaria,away,True,España,"8,0","50,0",,,,,"1,0","1,0","1,0","1,0","7,0","54,0","37,0","5,0",,"27,0","5,0","2,0","1,0",,"85,0","3,0","2,0","12,0","7,0",,"0,0",,"1,0",,"1,0",,,,,,,,"15,8","26,3","1,14","44,4","5,7"
13233457,away,4-3-3,823622,Mikel Oyarzabal,M. Oyarzabal,F,"10,0",True,Spain,"7,6","90,0",1,0,2,0,2,"21,0","24,0","87,5","3,0","6,0",,0,0,,,2025-09-04 18:45:00,World Cup Qual. UEFA E,Bulgaria,4716,Spain,4698,0,3,W,Bulgaria,away,True,España,"3,0","50,0","1,0","1,0","2,0","50,0",,,,,,"20,0","17,0","2,0",,"7,0","3,0","1,0","1,0",,"35,0","2,0","1,0","2,0","1,0",,"0,0",,,"1,0",,,,,,,,,"30,0","45,0","1,0","21,0","2,0"
13233457,away,4-3-3,1085400,Nico Williams,N. Williams,M,"10,0",True,Spain,"7,6","71,0",0,0,1,1,2,"42,0","45,0","93,3","1,0","4,0",,0,0,,,2025-09-04 18:45:00,World Cup Qual. UEFA E,Bulgaria,4716,Spain,4698,0,3,W,Bulgaria,away,True,España,"3,0","25,0",,,,,,,,,"1,0","45,0","41,0","2,0",,"7,0","2,0",,"1,0",,"53,0","2,0","1,0","1,0","1,0",,"0,0",,"2,0",,,,,,,,,,"35,5","71,0","0,0","53,2","2,5"
13233457,away,4-3-3,1402913,Pau Cubarsí,P. Cubarsí,D,"5,0",False,Spain,"6,9","45,0",0,0,0,0,0,"53,0","55,0","96,4","3,0","5,0","1,0",0,0,,,2025-09-04 18:45:00,World Cup Qual. UEFA E,Bulgaria,4716,Spain,4698,0,3,W,Bulgaria,away,True,España,"2,0","60,0","2,0","1,0","3,0","66,7","1,0",,"2,0","1,0",,"34,0","32,0","3,0",,"2,0","0,0",,,,"57,0",,,,,,"0,0",,"1,0",,,,,,,,,,,,"0,0","106,0","6,0"
13233457,away,4-3-3,138572,Dani Carvajal,D. Carvajal,D,"2,0",False,Spain,"6,7","28,0",0,0,0,0,0,"25,0","25,0","100,0","1,0","2,0",,0,0,,,2025-09-04 18:45:00,World Cup Qual. UEFA E,Bulgaria,4716,Spain,4698,0,3,W,Bulgaria,away,True,España,"1,0","50,0",,,,,,,,,"2,0","16,0","14,0","3,0",,"3,0","0,0",,,,"33,0",,,"1,0",,,"0,0",,,"1,0",,,,,,,,,,,"0,0","80,4","9,6"
13233457,away,4-3-3,827606,Rodri,Rodri,M,"16,0",False,Spain,"7,0","28,0",0,0,1,0,0,"44,0","48,0","91,7",,"3,0",,0,0,,,2025-09-04 18:45:00,World Cup Qual. UEFA E,Bulgaria,4716,Spain,4698,0,3,W,Bulgaria,away,True,España,"3,0","0,0",,,,,,,"5,0","4,0",,"34,0","31,0","5,0",,"6,0","1,0",,,,"52,0","1,0","1,0",,,,"0,0",,"2,0",,,,,,,,,,"28,0","28,0","0,0","141,4","16,1"
13233457,away,4-3-3,789071,Dani Olmo,D. Olmo,M,"20,0",False,Spain,"6,2","19,0",0,0,0,0,1,"9,0","10,0","90,0",,"6,0",,0,0,,,2025-09-04 18:45:00,World Cup Qual. UEFA E,Bulgaria,4716,Spain,4698,0,3,W,Bulgaria,away,True,España,"6,0","0,0",,,,,,,,,,"8,0","7,0","1,0",,"7,0","1,0",,,,"17,0","3,0","1,0","2,0",,,"0,0",,"2,0",,,,,,,,,,"19,0",,"0,0","42,6","4,7"
13233457,away,4-3-3,1800245,Jesús Rodriguez,J. Rodriguez,M,"17,0",False,Spain,"6,6","11,0",0,0,0,0,0,"10,0","11,0","90,9",,,,0,0,,,2025-09-04 18:45:00,World Cup Qual. UEFA E,Bulgaria,4716,Spain,4698,0,3,W,Bulgaria,away,True,España,,,,,,,,,,,"1,0","8,0","6,0",,"1,0","3,0","0,0",,,,"16,0",,,,,,"0,0",,,,,,,,,,,,,,"0,0","81,8","0,0"
13233457,away,4-3-3,581310,David Raya,D. Raya,G,"1,0",False,Spain,,,0,0,0,0,0,,,,,,,0,0,,,2025-09-04 18:45:00,World Cup Qual. UEFA E,Bulgaria,4716,Spain,4698,0,3,W,Bulgaria,away,True,España,,,,,,,,,,,,,,,,,"0,0",,,,,,,,,,,,,,,,,,,,,,,,,,
13233457,away,4-3-3,791773,Álex Remiro,Á. Remiro,G,"1,0",False,Spain,,,0,0,0,0,0,,,,,,,0,0,,,2025-09-04 18:45:00,World Cup Qual. UEFA E,Bulgaria,4716,Spain,4698,0,3,W,Bulgaria,away,True,España,,,,,,,,,,,,,,,,,"0,0",,,,,,,,,,,,,,,,,,,,,,,,,,
13233457,away,4-3-3,1153270,Fermín López,F. López,M,"16,0",False,Spain,,,0,0,0,0,0,,,,,,,0,0,,,2025-09-04 18:45:00,World Cup Qual. UEFA E,Bulgaria,4716,Spain,4698,0,3,W,Bulgaria,away,True,España,,,,,,,,,,,,,,,,,"0,0",,,,,,,,,,,,,,,,,,,,,,,,,,
13233457,away,4-3-3,796047,Aleix García,A. García,M,"24,0",False,Spain,,,0,0,0,0,0,,,,,,,0,0,,,2025-09-04 18:45:00,World Cup Qual. UEFA E,Bulgaria,4716,Spain,4698,0,3,W,Bulgaria,away,True,España,,,,,,,,,,,,,,,,,"0,0",,,,,,,,,,,,,,,,,,,,,,,,,,
13233457,away,4-3-3,177177,Alejandro Grimaldo,A. Grimaldo,M,"20,0",False,Spain,,,0,0,0,0,0,,,,,,,0,0,,,2025-09-04 18:45:00,World Cup Qual. UEFA E,Bulgaria,4716,Spain,4698,0,3,W,Bulgaria,away,True,España,,,,,,,,,,,,,,,,,"0,0",,,,,,,,,,,,,,,,,,,,,,,,,,
13233457,away,4-3-3,125407,Álvaro Morata,Á. Morata,F,"7,0",False,Spain,,,0,0,0,0,0,,,,,,,0,0,,,2025-09-04 18:45:00,World Cup Qual. UEFA E,Bulgaria,4716,Spain,4698,0,3,W,Bulgaria,away,True,España,,,,,,,,,,,,,,,,,"0,0",,,,,,,,,,,,,,,,,,,,,,,,,,
13233457,away,4-3-3,855833,Ferran Torres,F. Torres,F,"7,0",False,Spain,,,0,0,0,0,0,,,,,,,0,0,,,2025-09-04 18:45:00,World Cup Qual. UEFA E,Bulgaria,4716,Spain,4698,0,3,W,Bulgaria,away,True,España,,,,,,,,,,,,,,,,,"0,0",,,,,,,,,,,,,,,,,,,,,,,,,,
13157878,home,4-3-3,797291,Unai Simón,U. Simón,G,"1,0",True,Spain,"7,4","90,0",0,0,0,0,0,"26,0","36,0","72,2",,,,0,0,,,2025-06-05 19:00:00,"UEFA Nations League, Finals",Spain,4698,France,4481,5,4,W,France,home,True,España,,,,,,,,,"18,0","8,0",,"7,0","2,0","5,0",,"10,0","0,0",,,,"47,0",,,,,,"0,0",,,,,"6,0",,,,,,,,,"0,0","26,0","5,0"
13157878,home,4-3-3,913654,Pedro Porro,P. Porro,D,"23,0",True,Spain,"6,7","90,0",0,1,0,0,3,"27,0","38,0","71,1","6,0","8,0","1,0",0,0,,,2025-06-05 19:00:00,"UEFA Nations League, Finals",Spain,4698,France,4481,5,4,W,France,home,True,España,"2,0","75,0",,,,,"5,0","4,0","6,0","2,0","2,0","15,0","7,0","4,0","3,0","17,0","0,0",,,,"64,0","1,0",,"1,0",,,"0,0",,"1,0","1,0",,,,,,,,,,,"1,0","27,0","4,0"
13157878,home,4-3-3,787751,Robin Le Normand,R. Le Normand,D,"24,0",True,Spain,"6,5","77,0",0,0,0,0,0,"26,0","30,0","86,7","2,0","3,0",,0,0,,,2025-06-05 19:00:00,"UEFA Nations League, Finals",Spain,4698,France,4481,5,4,W,France,home,True,España,"1,0","66,7",,,,,"2,0","1,0","4,0","1,0",,"6,0","4,0","1,0",,"4,0","0,0",,,,"35,0",,,,,,"0,0",,,,,,,,,,,,,,"0,0","30,4","1,2"
13157878,home,4-3-3,1176744,Dean Huijsen,D. Huijsen,D,"24,0",True,Spain,"6,6","90,0",0,0,0,0,0,"58,0","66,0","87,9","1,0","4,0","3,0",0,0,,,2025-06-05 19:00:00,"UEFA Nations League, Finals",Spain,4698,France,4481,5,4,W,France,home,True,España,"3,0","25,0",,"1,0","1,0","0,0","1,0","1,0","4,0","1,0",,"21,0","15,0","6,0","3,0","8,0","0,0",,,,"77,0",,,,,,"0,0",,"2,0",,,,,,,,,,,,"0,0","58,0","6,0"
13157878,home,4-3-3,794939,Marc Cucurella,M. Cucurella,D,"3,0",True,Spain,"6,3","90,0",0,0,0,0,0,"29,0","39,0","74,4","4,0","9,0",,0,0,,,2025-06-05 19:00:00,"UEFA Nations League, Finals",Spain,4698,France,4481,5,4,W,France,home,True,España,"5,0","44,4",,"2,0","2,0","0,0","3,0","2,0","1,0","1,0",,"17,0","12,0","3,0","2,0","14,0","0,0",,,,"57,0",,"1,0",,,,"0,0",,"1,0","1,0",,,,,,,,,,,"0,0","29,0","3,0"
13157878,home,4-3-3,992587,Pedri,Pedri,M,"8,0",True,Spain,"7,0","64,0",1,0,1,0,1,"23,0","29,0","79,3",,"3,0",,0,0,,,2025-06-05 19:00:00,"UEFA Nations League, Finals",Spain,4698,France,4481,5,4,W,France,home,True,España,"3,0","0,0",,,,,,,"1,0","1,0","3,0","17,0","11,0","2,0",,"9,0","1,0",,,,"39,0",,"1,0",,,,"0,0",,,,,,,,,,,,"64,0","64,0","1,41","32,3","2,8"
13157878,home,4-3-3,966837,Martín Zubimendi,M. Zubimendi,M,"36,0",True,Spain,"6,3","90,0",0,0,0,0,0,"36,0","37,0","97,3","2,0","6,0",,0,0,,,2025-06-05 19:00:00,"UEFA Nations League, Finals",Spain,4698,France,4481,5,4,W,France,home,True,España,"4,0","33,3",,,,,"2,0","1,0","2,0","2,0",,"13,0","13,0","1,0","1,0","3,0","0,0",,,,"44,0",,"1,0",,,,"0,0",,"1,0",,"1,0",,,,,,,,,,"0,0","36,0","1,0"
13157878,home,4-3-3,592010,Mikel Merino,M. Merino,M,"23,0",True,Spain,"7,5","89,0",1,0,1,0,1,"26,0","31,0","83,9","14,0","24,0","1,0",0,0,,,2025-06-05 19:00:00,"UEFA Nations League, Finals",Spain,4698,France,4481,5,4,W,France,home,True,España,"10,0","58,3","3,0","3,0","6,0","50,0","5,0","3,0","1,0","1,0",,"16,0","12,0","4,0","3,0","9,0","3,0",,,,"56,0","1,0","3,0","1,0","1,0",,"0,0",,"3,0","5,0",,,,,,,,,"29,7","89,0","1,01","26,3","4,0"
13157878,home,4-3-3,1402912,Lamine Yamal,L. Yamal,M,"10,0",True,Spain,"9,7","90,0",2,0,2,0,3,"24,0","29,0","82,8","10,0","12,0","1,0",0,0,,,2025-06-05 19:00:00,"UEFA Nations League, Finals",Spain,4698,France,4481,5,4,W,France,home,True,España,"2,0","83,3",,,,,"4,0","2,0","4,0","2,0","1,0","17,0","13,0","10,0",,"8,0","5,0",,"1,0",,"50,0","1,0",,"3,0","2,0",,"0,0",,"1,0","4,0","1,0",,,,,,,,"18,0","45,0","2,0","24,0","10,0"
13157878,home,4-3-3,823622,Mikel Oyarzabal,M. Oyarzabal,F,"10,0",True,Spain,"7,9","77,0",0,2,0,0,4,"11,0","15,0","73,3","1,0","7,0",,0,0,,,2025-06-05 19:00:00,"UEFA Nations League, Finals",Spain,4698,France,4481,5,4,W,France,home,True,España,"6,0","14,3",,"2,0","2,0","0,0","1,0",,,,,"9,0","7,0","2,0",,"5,0","1,0",,"2,0",,"20,0",,,"1,0",,,"0,0",,"2,0",,,,,,,,,,"77,0",,"2,34","12,9","2,3"
13157878,home,4-3-3,1085400,Nico Williams,N. Williams,M,"10,0",True,Spain,"8,4","64,0",1,1,3,0,1,"10,0","13,0","76,9","1,0","4,0",,0,0,,,2025-06-05 19:00:00,"UEFA Nations League, Finals",Spain,4698,France,4481,5,4,W,France,home,True,España,"3,0","25,0",,"1,0","1,0","0,0",,,,,,"7,0","5,0","6,0",,"5,0","5,0",,"1,0",,"23,0","1,0","1,0",,,,"0,0",,"1,0","1,0",,,,,,,,,"12,8","21,3","2,81","14,1","8,4"
13157878,home,4-3-3,784655,Fabián Ruiz,F. Ruiz,M,"8,0",False,Spain,"6,1","26,0",0,0,0,0,0,"15,0","16,0","93,8","2,0","5,0",,0,0,,,2025-06-05 19:00:00,"UEFA Nations League, Finals",Spain,4698,France,4481,5,4,W,France,home,True,España,"3,0","40,0",,,,,"1,0",,"1,0",,,"8,0","7,0","1,0",,"3,0","0,0",,,,"20,0",,"1,0","1,0",,,"0,0",,"1,0","1,0",,,,,,,,,,,"0,0","51,9","3,5"
13157878,home,4-3-3,789071,Dani Olmo,D. Olmo,M,"20,0",False,Spain,"6,1","26,0",0,0,0,0,0,"8,0","9,0","88,9",,"2,0",,0,0,,,2025-06-05 19:00:00,"UEFA Nations League, Finals",Spain,4698,France,4481,5,4,W,France,home,True,España,"2,0","0,0",,,,,,,,,"1,0","7,0","5,0",,,"2,0","0,0",,,,"10,0",,,,,,"0,0",,"1,0",,,,,,,,,,,,"0,0","27,7","0,0"
13157878,home,4-3-3,910978,Dani Vivian,D. Vivian,D,"3,0",False,Spain,"5,4","13,0",0,0,0,0,0,,,,,"1,0",,0,0,,,2025-06-05 19:00:00,"UEFA Nations League, Finals",Spain,4698,France,4481,5,4,W,France,home,True,España,"1,0","0,0",,,,,,,,,,,,,"1,0",,"0,0",,,,"2,0",,,,,,"0,0",,"1,0",,,,,,,,,,,,"0,0","0,0","0,0"
13157878,home,4-3-3,1503836,Samu Aghehowa,S. Aghehowa,F,"9,0",False,Spain,"6,1","13,0",0,0,1,0,0,"4,0","5,0","80,0","1,0","4,0",,0,0,,,2025-06-05 19:00:00,"UEFA Nations League, Finals",Spain,4698,France,4481,5,4,W,France,home,True,España,"3,0","25,0","1,0","1,0","2,0","50,0",,,"1,0","1,0",,"1,0",,,,"2,0","1,0","1,0",,,"7,0","1,0",,,,,"0,0",,"2,0",,,,,,,,,,"13,0","13,0","0,0","27,7","0,0"
13157878,home,4-3-3,1103693,Pablo Gavi,Gavi,M,"6,0",False,Spain,,"1,0",0,0,0,0,0,,,,,,,0,0,,,2025-06-05 19:00:00,"UEFA Nations League, Finals",Spain,4698,France,4481,5,4,W,France,home,True,España,,,,,,,,,,,,,,,,,"0,0",,,,,,,,,,"0,0",,,,,,,,,,,,,,"0,0","0,0","0,0"
13157878,home,4-3-3,581310,David Raya,D. Raya,G,"1,0",False,Spain,,,0,0,0,0,0,,,,,,,0,0,,,2025-06-05 19:00:00,"UEFA Nations League, Finals",Spain,4698,France,4481,5,4,W,France,home,True,España,,,,,,,,,,,,,,,,,"0,0",,,,,,,,,,,,,,,,,,,,,,,,,,
13157878,home,4-3-3,791773,Álex Remiro,Á. Remiro,G,"1,0",False,Spain,,,0,0,0,0,0,,,,,,,0,0,,,2025-06-05 19:00:00,"UEFA Nations League, Finals",Spain,4698,France,4481,5,4,W,France,home,True,España,,,,,,,,,,,,,,,,,"0,0",,,,,,,,,,,,,,,,,,,,,,,,,,
13157878,home,4-3-3,1402913,Pau Cubarsí,P. Cubarsí,D,"5,0",False,Spain,,,0,0,0,0,0,,,,,,,0,0,,,2025-06-05 19:00:00,"UEFA Nations League, Finals",Spain,4698,France,4481,5,4,W,France,home,True,España,,,,,,,,,,,,,,,,,"0,0",,,,,,,,,,,,,,,,,,,,,,,,,,
13157878,home,4-3-3,859773,Óscar Mingueza,Ó. Mingueza,M,"3,0",False,Spain,,,0,0,0,0,0,,,,,,,0,0,,,2025-06-05 19:00:00,"UEFA Nations League, Finals",Spain,4698,France,4481,5,4,W,France,home,True,España,,,,,,,,,,,,,,,,,"0,0",,,,,,,,,,,,,,,,,,,,,,,,,,
13157878,home,4-3-3,910031,Alex Baena,A. Baena,M,"10,0",False,Spain,,,0,0,0,0,0,,,,,,,0,0,,,2025-06-05 19:00:00,"UEFA Nations League, Finals",Spain,4698,France,4481,5,4,W,France,home,True,España,,,,,,,,,,,,,,,,,"0,0",,,,,,,,,,,,,,,,,,,,,,,,,,
13157878,home,4-3-3,177177,Alejandro Grimaldo,A. Grimaldo,M,"20,0",False,Spain,,,0,0,0,0,0,,,,,,,0,0,,,2025-06-05 19:00:00,"UEFA Nations League, Finals",Spain,4698,France,4481,5,4,W,France,home,True,España,,,,,,,,,,,,,,,,,"0,0",,,,,,,,,,,,,,,,,,,,,,,,,,
13157878,home,4-3-3,103417,Isco,Isco,M,"22,0",False,Spain,,,0,0,0,0,0,,,,,,,0,0,,,2025-06-05 19:00:00,"UEFA Nations League, Finals",Spain,4698,France,4481,5,4,W,France,home,True,España,,,,,,,,,,,,,,,,,"0,0",,,,,,,,,,,,,,,,,,,,,,,,,,
13157878,home,4-3-3,1153270,Fermín López,F. López,M,"16,0",False,Spain,,,0,0,0,0,0,,,,,,,0,0,,,2025-06-05 19:00:00,"UEFA Nations League, Finals",Spain,4698,France,4481,5,4,W,France,home,True,España,,,,,,,,,,,,,,,,,"0,0",,,,,,,,,,,,,,,,,,,,,,,,,,
13157878,home,4-3-3,125407,Álvaro Morata,Á. Morata,F,"7,0",False,Spain,,,0,0,0,0,0,,,,,,,0,0,,,2025-06-05 19:00:00,"UEFA Nations League, Finals",Spain,4698,France,4481,5,4,W,France,home,True,España,,,,,,,,,,,,,,,,,"0,0",,,,,,,,,,,,,,,,,,,,,,,,,,
13157878,home,4-3-3,984624,Yéremy Pino,Y. Pino,F,"10,0",False,Spain,,,0,0,0,0,0,,,,,,,0,0,,,2025-06-05 19:00:00,"UEFA Nations League, Finals",Spain,4698,France,4481,5,4,W,France,home,True,España,,,,,,,,,,,,,,,,,"0,0",,,,,,,,,,,,,,,,,,,,,,,,,,
15926539,home,4-1-4-1,990408,Raúl Rangel,R. Rangel,G,"1,0",True,Mexico,"6,5","90,0",0,0,0,0,0,"22,0","26,0","84,6",,,,0,0,,,2026-06-05 02:00:00,Int. Friendly Games,Mexico,4781,Serbia,6355,5,1,W,Serbia,home,True,México,,,,,,,,,"7,0","4,0",,"4,0","1,0","7,0",,"4,0","0,0",,,,"28,0",,,,,"3,0","10,6","0,0",,,,,,,"0,0","-0,01","-0,12",,,,"0,0","22,0","7,0"
15926539,home,4-1-4-1,832868,Jorge Sánchez,J. Sánchez,D,"35,0",True,Mexico,"6,2","90,0",0,0,0,0,0,"46,0","51,0","90,2",,"3,0",,0,0,,,2026-06-05 02:00:00,Int. Friendly Games,Mexico,4781,Serbia,6355,5,1,W,Serbia,home,True,México,"3,0","0,0",,,,,,,"1,0",,"1,0","27,0","23,0","5,0","1,0","8,0","0,0",,,,"63,0","1,0","1,0",,,"7,0","51,9","0,0","1,0",,,,,,"0,04","0,02","-0,23",,,,"0,0","46,0","5,0"
15926539,home,4-1-4-1,818406,César Montes,C. Montes,D,"23,0",True,Mexico,"6,4","59,0",0,0,0,1,0,"49,0","54,0","90,7","3,0","7,0",,0,0,,,2026-06-05 02:00:00,Int. Friendly Games,Mexico,4781,Serbia,6355,5,1,W,Serbia,home,True,México,"4,0","42,9","2,0","2,0","4,0","50,0","1,0","1,0","4,0","3,0",,"11,0","8,0","2,0","2,0","6,0","1,0","1,0",,,"59,0",,"1,0",,,"16,0","108,2","0,0",,,,,,"-0,39","0,04","0,05","-0,19",,"59,0",,"0,0","74,7","3,1"
15926539,home,4-1-4-1,889785,Johan Vásquez,J. Vásquez,D,"22,0",True,Mexico,"7,5","73,0",1,0,1,0,0,"72,0","73,0","98,6","1,0","3,0",,0,0,,,2026-06-05 02:00:00,Int. Friendly Games,Mexico,4781,Serbia,6355,5,1,W,Serbia,home,True,México,"2,0","33,3","1,0","1,0","2,0","50,0",,,"2,0","1,0","1,0","19,0","18,0","4,0","1,0","1,0","1,0",,,,"77,0",,,,,"29,0","254,5","2,0","1,0",,,,,"0,5","0,14","0,1","-0,17",,"73,0","73,0","1,23","88,8","4,9"
15926539,home,4-1-4-1,770253,Jesús Gallardo,J. Gallardo,D,"20,0",True,Mexico,"6,4","72,0",0,0,0,0,0,"43,0","48,0","89,6","1,0","3,0",,0,0,,,2026-06-05 02:00:00,Int. Friendly Games,Mexico,4781,Serbia,6355,5,1,W,Serbia,home,True,México,"2,0","33,3","1,0","1,0","2,0","50,0",,,"2,0","2,0","3,0","24,0","21,0","2,0","2,0","7,0","0,0",,,,"59,0",,,,,"16,0","101,1","0,0","1,0",,,,,,"0,41","0,05","-0,5",,,,"0,0","53,8","2,5"
15926539,home,4-1-4-1,944068,Erik Lira,E. Lira,D,"6,0",True,Mexico,"6,5","45,0",0,0,0,0,0,"31,0","34,0","91,2",,"1,0",,0,0,,,2026-06-05 02:00:00,Int. Friendly Games,Mexico,4781,Serbia,6355,5,1,W,Serbia,home,True,México,"1,0","0,0",,,,,,,"2,0","2,0","1,0","20,0","17,0","2,0",,"4,0","0,0",,,,"35,0",,,,,"14,0","95,7","2,0","1,0",,,,,,"-0,04","0,07","-0,05",,,,"0,0","62,0","4,0"
15926539,home,4-1-4-1,1023088,Brian Gutiérrez,B. Gutiérrez,M,"11,0",True,Mexico,"7,4","58,0",0,1,1,1,3,"35,0","35,0","100,0","4,0","6,0",,0,0,,,2026-06-05 02:00:00,Int. Friendly Games,Mexico,4781,Serbia,6355,5,1,W,Serbia,home,True,México,"2,0","66,7",,,,,"1,0",,,,"5,0","28,0","28,0","4,0",,"7,0","3,0","1,0","1,0",,"51,0","1,0",,"3,0","2,0","5,0","42,6","1,0",,"1,0",,,,"-0,51","0,7","0,36","-0,11",,"19,3","58,0","1,55","54,3","6,2"
15926539,home,4-1-4-1,865500,Roberto Alvarado,R. Alvarado,F,"25,0",True,Mexico,"7,4","73,0",0,0,0,0,4,"44,0","49,0","89,8","3,0","6,0",,0,0,,,2026-06-05 02:00:00,Int. Friendly Games,Mexico,4781,Serbia,6355,5,1,W,Serbia,home,True,México,"3,0","50,0","1,0",,"1,0","100,0","2,0","2,0","1,0","1,0","4,0","41,0","38,0",,,"9,0","0,0",,"1,0",,"60,0",,,"3,0",,"29,0","283,4","6,0",,,,,,,"0,36","0,42","-0,06",,,,"0,0","54,2","0,0"
15926539,home,4-1-4-1,838629,Álvaro Fidalgo,Á. Fidalgo,M,"15,0",True,Mexico,"6,9","59,0",0,0,0,0,1,"51,0","54,0","94,4","1,0","3,0",,0,0,,,2026-06-05 02:00:00,Int. Friendly Games,Mexico,4781,Serbia,6355,5,1,W,Serbia,home,True,México,"2,0","33,3",,,,,,,"7,0","6,0",,"36,0","33,0","1,0",,"3,0","0,0",,,,"56,0",,,"1,0","1,0","19,0","136,9","2,0","2,0",,,,,,"0,29","0,1","-0,06",,,,"0,0","77,8","1,5"
15926539,home,4-1-4-1,843114,Julián Quiñones,J. Quiñones,F,"33,0",True,Mexico,"6,4","58,0",0,0,1,3,1,"33,0","36,0","91,7","2,0","8,0",,0,0,,,2026-06-05 02:00:00,Int. Friendly Games,Mexico,4781,Serbia,6355,5,1,W,Serbia,home,True,México,"6,0","25,0","1,0","1,0","2,0","50,0","1,0","1,0","1,0","1,0","1,0","24,0","22,0","3,0",,"10,0","4,0","1,0",,"1,0","50,0","2,0","2,0","1,0",,"15,0","101,2","3,0","2,0",,,,,"-0,6","0,24","0,33","-0,07",,"14,5","58,0","0,0","51,2","4,7"
15926539,home,4-1-4-1,192442,Raúl Jiménez,R. Jiménez,F,"7,0",True,Mexico,"6,8","59,0",1,0,3,0,1,"10,0","10,0","100,0","5,0","10,0",,0,0,,,2026-06-05 02:00:00,Int. Friendly Games,Mexico,4781,Serbia,6355,5,1,W,Serbia,home,True,México,"5,0","50,0","1,0",,"1,0","100,0","1,0",,"1,0","1,0",,"7,0","7,0",,,"4,0","3,0",,"1,0",,"21,0","1,0","2,0","2,0","2,0","2,0","12,2","0,0","3,0","1,0","1,0",,,"0,29","-0,06","-0,06","-0,08",,"19,7","19,7","1,53","15,3","0,0"
15926539,home,4-1-4-1,847151,Edson Álvarez,E. Álvarez,M,"11,0",False,Mexico,"6,7","45,0",0,0,0,0,0,"19,0","21,0","90,5","2,0","4,0","1,0",0,0,,,2026-06-05 02:00:00,Int. Friendly Games,Mexico,4781,Serbia,6355,5,1,W,Serbia,home,True,México,"2,0","50,0",,,,,"1,0","1,0","2,0","1,0",,"12,0","10,0","1,0",,"4,0","0,0",,,,"27,0","1,0",,"1,0",,"8,0","75,9","0,0","1,0","1,0",,,,,"0,12","0,07","0,0",,,,"0,0","38,0","2,0"
15926539,home,4-1-4-1,815637,Alexis Vega,A. Vega,M,"9,0",False,Mexico,"6,9","32,0",0,0,0,1,2,"13,0","14,0","92,9","1,0","1,0",,0,0,,,2026-06-05 02:00:00,Int. Friendly Games,Mexico,4781,Serbia,6355,5,1,W,Serbia,home,True,México,,"100,0",,,,,,,,,"1,0","11,0","10,0","1,0",,"3,0","1,0",,,"1,0","18,0","1,0",,,,"11,0","103,8","3,0",,"1,0",,,,"-0,17","0,29","0,28","0,0",,"32,0",,"0,0","36,6","2,8"
15926539,home,4-1-4-1,795282,Guillermo Martínez,G. Martínez,F,"9,0",False,Mexico,"6,2","32,0",0,0,0,1,0,"2,0","3,0","66,7",,"2,0",,0,0,,,2026-06-05 02:00:00,Int. Friendly Games,Mexico,4781,Serbia,6355,5,1,W,Serbia,home,True,México,"2,0","0,0",,"1,0","1,0","0,0",,,,,,"2,0","1,0",,,"4,0","2,0",,,,"11,0","2,0","1,0",,,"1,0","3,6","0,0",,,,,,"-0,42","-0,03","-0,12","0,13",,"16,0",,"0,0","5,6","0,0"
15926539,home,4-1-4-1,989236,Israel Reyes,I. Reyes,D,"3,0",False,Mexico,"6,8","31,0",0,0,0,0,0,"8,0","9,0","88,9","2,0","2,0",,0,0,,,2026-06-05 02:00:00,Int. Friendly Games,Mexico,4781,Serbia,6355,5,1,W,Serbia,home,True,México,,"100,0","1,0",,"1,0","100,0","1,0","1,0",,,,"2,0","1,0","1,0",,"1,0","0,0",,,,"11,0",,,,,"3,0","16,9","0,0",,,,,,,"0,02","0,01","0,15",,,,"0,0","23,2","2,9"
15926539,home,4-1-4-1,1914576,Gilberto Mora,G. Mora,M,"19,0",False,Mexico,"6,9","31,0",0,0,0,0,1,"11,0","11,0","100,0","1,0","1,0",,0,0,,,2026-06-05 02:00:00,Int. Friendly Games,Mexico,4781,Serbia,6355,5,1,W,Serbia,home,True,México,,"100,0",,,,,,,,,"1,0","6,0","6,0","1,0",,"1,0","0,0",,,,"14,0","1,0",,,,"6,0","57,8","0,0",,"1,0",,,,,"0,28","0,05","0,13",,,,"0,0","31,9","2,9"
15926539,home,4-1-4-1,757770,Luis Chávez,L. Chávez,M,"24,0",False,Mexico,"7,6","31,0",1,0,1,1,1,"14,0","17,0","82,4",,"1,0",,0,0,,,2026-06-05 02:00:00,Int. Friendly Games,Mexico,4781,Serbia,6355,5,1,W,Serbia,home,True,México,"1,0","0,0",,"1,0","1,0","0,0",,,,,,"13,0","10,0","1,0",,"4,0","2,0",,,,"21,0",,,,,"5,0","33,0","0,0",,,,,,"0,5","0,11","0,0","-0,01",,"15,5","31,0","2,9","40,6","2,9"
15926539,home,4-1-4-1,1172773,Luis Romo,L. Romo,D,"7,0",False,Mexico,"6,6","18,0",0,0,0,0,0,"11,0","11,0","100,0",,"1,0",,0,0,,,2026-06-05 02:00:00,Int. Friendly Games,Mexico,4781,Serbia,6355,5,1,W,Serbia,home,True,México,"1,0","0,0",,,,,,,"1,0","1,0",,"2,0","2,0","2,0","1,0","1,0","0,0",,,,"13,0",,"1,0",,,"4,0","39,5","0,0",,,,,,,"0,02","0,05","0,15",,,,"0,0","55,0","10,0"
15926539,home,4-1-4-1,1638685,Mateo Chávez,M. Chávez,D,"15,0",False,Mexico,"6,9","17,0",0,0,0,0,0,"4,0","6,0","66,7","4,0","4,0","1,0",0,0,,,2026-06-05 02:00:00,Int. Friendly Games,Mexico,4781,Serbia,6355,5,1,W,Serbia,home,True,México,,"100,0",,,,,"2,0","2,0",,,"1,0","3,0","2,0","1,0",,"3,0","0,0",,,,"15,0",,,"2,0","2,0","5,0","31,8","0,0",,,,,,,"-0,04","0,02","0,13",,,,"0,0","21,2","5,3"
15926539,home,4-1-4-1,850404,Orbelín Pineda,O. Pineda,M,"13,0",False,Mexico,"6,6","17,0",0,0,0,0,0,"5,0","5,0","100,0",,,,0,0,,,2026-06-05 02:00:00,Int. Friendly Games,Mexico,4781,Serbia,6355,5,1,W,Serbia,home,True,México,,,,,,,,,,,,"4,0","4,0",,,,"0,0",,,,"5,0",,,,,"2,0","9,4","0,0",,,,,,,"-0,06","0,02","0,13",,,,"0,0","26,5","0,0"
15926539,home,4-1-4-1,15497,Guillermo Ochoa,G. Ochoa,G,"13,0",False,Mexico,,,0,0,0,0,0,,,,,,,0,0,,,2026-06-05 02:00:00,Int. Friendly Games,Mexico,4781,Serbia,6355,5,1,W,Serbia,home,True,México,,,,,,,,,,,,,,,,,"0,0",,,,,,,,,,,,,,,,,,,,,,,,,,
15926539,home,4-1-4-1,840519,Carlos Acevedo,C. Acevedo,G,"1,0",False,Mexico,,,0,0,0,0,0,,,,,,,0,0,,,2026-06-05 02:00:00,Int. Friendly Games,Mexico,4781,Serbia,6355,5,1,W,Serbia,home,True,México,,,,,,,,,,,,,,,,,"0,0",,,,,,,,,,,,,,,,,,,,,,,,,,
15926539,home,4-1-4-1,905257,César Huerta,C. Huerta,M,"21,0",False,Mexico,,,0,0,0,0,0,,,,,,,0,0,,,2026-06-05 02:00:00,Int. Friendly Games,Mexico,4781,Serbia,6355,5,1,W,Serbia,home,True,México,,,,,,,,,,,,,,,,,"0,0",,,,,,,,,,,,,,,,,,,,,,,,,,
15926539,home,4-1-4-1,1119345,Obed Vargas,O. Vargas,M,"21,0",False,Mexico,,,0,0,0,0,0,,,,,,,0,0,,,2026-06-05 02:00:00,Int. Friendly Games,Mexico,4781,Serbia,6355,5,1,W,Serbia,home,True,México,,,,,,,,,,,,,,,,,"0,0",,,,,,,,,,,,,,,,,,,,,,,,,,
15926539,home,4-1-4-1,892141,Santiago Giménez,S. Giménez,F,"7,0",False,Mexico,,,0,0,0,0,0,,,,,,,0,0,,,2026-06-05 02:00:00,Int. Friendly Games,Mexico,4781,Serbia,6355,5,1,W,Serbia,home,True,México,,,,,,,,,,,,,,,,,"0,0",,,,,,,,,,,,,,,,,,,,,,,,,,
15926539,home,4-1-4-1,1595162,Armando González,A. González,F,"34,0",False,Mexico,,,0,0,0,0,0,,,,,,,0,0,,,2026-06-05 02:00:00,Int. Friendly Games,Mexico,4781,Serbia,6355,5,1,W,Serbia,home,True,México,,,,,,,,,,,,,,,,,"0,0",,,,,,,,,,,,,,,,,,,,,,,,,,
15891671,home,4-2-3-1,990408,Raúl Rangel,R. Rangel,G,"1,0",True,Mexico,"6,7","45,0",0,0,0,0,0,"17,0","18,0","94,4",,,,0,0,,,2026-05-31 02:00:00,Int. Friendly Games,Mexico,4781,Australia,4741,1,0,W,Australia,home,True,México,,,,,,,,,"4,0","3,0",,"2,0","1,0","2,0","1,0","1,0","0,0",,,,"21,0",,,,,"1,0","5,3","0,0",,,,,,,"0,01","0,0","0,19",,,,"0,0","34,0","4,0"
15891671,home,4-2-3-1,832868,Jorge Sánchez,J. Sánchez,D,"35,0",True,Mexico,"6,7","45,0",0,0,0,0,0,"45,0","49,0","91,8","1,0","2,0",,0,0,,,2026-05-31 02:00:00,Int. Friendly Games,Mexico,4781,Australia,4741,1,0,W,Australia,home,True,México,"1,0","50,0",,"1,0","1,0","0,0","1,0",,"2,0","1,0","1,0","17,0","13,0","4,0","1,0","5,0","0,0",,,,"61,0",,,,,"7,0","45,3","0,0",,,,,,,"-0,07","-0,07","0,13",,,,"0,0","90,0","8,0"
15891671,home,4-2-3-1,847151,Edson Álvarez,E. Álvarez,M,"11,0",True,Mexico,"7,0","60,0",0,0,0,0,1,"75,0","77,0","97,4","2,0","2,0","1,0",0,0,,,2026-05-31 02:00:00,Int. Friendly Games,Mexico,4781,Australia,4741,1,0,W,Australia,home,True,México,,"100,0","1,0",,"1,0","100,0",,,"4,0","2,0",,"26,0","24,0","1,0","5,0","3,0","0,0",,,,"91,0","1,0",,,,"28,0","279,4","0,0",,"1,0",,,,,"0,11","0,16","0,19",,,,"0,0","112,5","1,5"
15891671,home,4-2-3-1,889785,Johan Vásquez,J. Vásquez,D,"22,0",True,Mexico,"8,0","74,0",1,0,1,0,0,"87,0","92,0","94,6","2,0","5,0",,0,0,,,2026-05-31 02:00:00,Int. Friendly Games,Mexico,4781,Australia,4741,1,0,W,Australia,home,True,México,"3,0","40,0","1,0","1,0","2,0","50,0","1,0","1,0","5,0","1,0",,"17,0","14,0","3,0","2,0","5,0","2,0",,,,"102,0",,,,,"30,0","228,1","1,0","2,0",,,,,"0,5","0,05","0,1","0,23",,"37,0","74,0","1,22","105,8","3,6"
15891671,home,4-2-3-1,1638685,Mateo Chávez,M. Chávez,D,"15,0",True,Mexico,"6,8","60,0",0,0,0,0,0,"33,0","36,0","91,7","5,0","9,0",,0,0,,,2026-05-31 02:00:00,Int. Friendly Games,Mexico,4781,Australia,4741,1,0,W,Australia,home,True,México,"4,0","55,6","1,0","1,0","2,0","50,0","2,0","2,0",,,"4,0","18,0","16,0","3,0","1,0","10,0","0,0",,,,"54,0","1,0","1,0","2,0",,"14,0","102,6","1,0",,"2,0","1,0",,,,"0,09","0,08","-0,1",,,,"0,0","49,5","4,5"
15891671,home,4-2-3-1,1172773,Luis Romo,L. Romo,D,"7,0",True,Mexico,"7,2","74,0",0,0,0,0,1,"50,0","55,0","90,9","1,0","1,0",,0,0,,,2026-05-31 02:00:00,Int. Friendly Games,Mexico,4781,Australia,4741,1,0,W,Australia,home,True,México,,"100,0",,,,,"1,0",,"4,0","3,0",,"23,0","20,0","1,0","1,0","6,0","1,0",,,,"62,0",,,,,"6,0","38,2","0,0",,,,,,"-0,08","0,26","0,01","0,33",,"74,0",,"0,0","60,8","1,2"
15891671,home,4-2-3-1,757770,Luis Chávez,L. Chávez,M,"24,0",True,Mexico,"6,7","60,0",0,0,0,1,1,"41,0","44,0","93,2","1,0","4,0",,0,0,,,2026-05-31 02:00:00,Int. Friendly Games,Mexico,4781,Australia,4741,1,0,W,Australia,home,True,México,"3,0","25,0",,"2,0","2,0","0,0","1,0","1,0","3,0","2,0","5,0","27,0","24,0","2,0","1,0","8,0","3,0",,"1,0",,"58,0","1,0",,"1,0",,"14,0","140,9","2,0",,,,,,"-0,13","0,24","0,07","0,16",,"20,0",,"0,0","61,5","3,0"
15891671,home,4-2-3-1,850404,Orbelín Pineda,O. Pineda,M,"13,0",True,Mexico,"6,4","45,0",0,0,0,0,0,"15,0","17,0","88,2","2,0","6,0",,0,0,,,2026-05-31 02:00:00,Int. Friendly Games,Mexico,4781,Australia,4741,1,0,W,Australia,home,True,México,"4,0","33,3",,"1,0","1,0","0,0","1,0","1,0","1,0","1,0","1,0","8,0","7,0",,,"10,0","0,0",,,,"28,0","4,0",,"2,0",,"8,0","62,2","1,0",,"1,0",,,,,"-0,12","0,03","-0,05",,,,"0,0","30,0","0,0"
15891671,home,4-2-3-1,838629,Álvaro Fidalgo,Á. Fidalgo,M,"15,0",True,Mexico,"6,7","60,0",0,0,1,0,1,"23,0","25,0","92,0","1,0","1,0","1,0",0,0,,,2026-05-31 02:00:00,Int. Friendly Games,Mexico,4781,Australia,4741,1,0,W,Australia,home,True,México,,"100,0",,,,,,,,,,"13,0","12,0",,,"3,0","3,0",,,,"33,0",,,,,"11,0","74,2","0,0",,"1,0",,,,"-0,09","-0,02","0,08","0,13",,"20,0","60,0","0,0","34,5","0,0"
15891671,home,4-2-3-1,815637,Alexis Vega,A. Vega,M,"9,0",True,Mexico,"6,9","60,0",0,1,1,0,3,"35,0","39,0","89,7",,"1,0",,0,0,,,2026-05-31 02:00:00,Int. Friendly Games,Mexico,4781,Australia,4741,1,0,W,Australia,home,True,México,"1,0","0,0",,"1,0","1,0","0,0",,,,,"4,0","29,0","26,0","1,0","2,0","6,0","2,0","1,0",,,"48,0",,,,,"15,0","116,7","2,0",,,,,,"-0,13","0,32","0,07","0,22",,"30,0","60,0","1,5","52,5","1,5"
15891671,home,4-2-3-1,795282,Guillermo Martínez,G. Martínez,F,"9,0",True,Mexico,"6,4","45,0",0,0,0,0,0,"4,0","5,0","80,0","1,0","5,0",,0,0,,,2026-05-31 02:00:00,Int. Friendly Games,Mexico,4781,Australia,4741,1,0,W,Australia,home,True,México,"4,0","20,0","1,0","3,0","4,0","25,0",,,,,,"2,0","1,0","3,0",,"3,0","0,0",,,,"9,0","1,0","1,0",,,"2,0","12,4","0,0",,,"1,0",,,,"0,0","0,05","0,13",,,,"0,0","8,0","6,0"
15891671,home,4-2-3-1,15497,Guillermo Ochoa,G. Ochoa,G,"13,0",False,Mexico,"6,6","45,0",0,0,0,0,0,"10,0","18,0","55,6",,,,0,0,,,2026-05-31 02:00:00,Int. Friendly Games,Mexico,4781,Australia,4741,1,0,W,Australia,home,True,México,,,,,,,,,"9,0","1,0",,"9,0","1,0","2,0","1,0","8,0","0,0",,,,"23,0",,,,,"4,0","20,8","0,0",,,,"1,0","0,3999",,"0,02","0,0","-0,01","0,36",,,"0,0","20,0","4,0"
15891671,home,4-2-3-1,989236,Israel Reyes,I. Reyes,D,"3,0",False,Mexico,"7,5","45,0",0,0,0,0,0,"21,0","22,0","95,5","5,0","6,0","1,0",0,0,,,2026-05-31 02:00:00,Int. Friendly Games,Mexico,4781,Australia,4741,1,0,W,Australia,home,True,México,"1,0","83,3","3,0",,"3,0","100,0","1,0","1,0","2,0","2,0",,"7,0","7,0","3,0","3,0","1,0","0,0",,,,"33,0",,,"1,0","1,0","6,0","57,0","0,0","1,0","1,0",,,,,"0,06","0,1","0,52",,,,"0,0","42,0","6,0"
15891671,home,4-2-3-1,905257,César Huerta,C. Huerta,M,"21,0",False,Mexico,"6,5","45,0",0,0,0,0,0,"6,0","9,0","66,7","2,0","4,0",,0,0,,,2026-05-31 02:00:00,Int. Friendly Games,Mexico,4781,Australia,4741,1,0,W,Australia,home,True,México,"2,0","50,0","1,0",,"1,0","100,0","1,0","1,0",,,,"5,0","2,0","2,0","3,0","8,0","0,0",,,,"20,0","3,0",,"1,0",,"5,0","28,0","0,0","1,0",,"1,0",,,,"-0,04","0,06","0,2",,,,"0,0","12,0","4,0"
15891671,home,4-2-3-1,892141,Santiago Giménez,S. Giménez,F,"7,0",False,Mexico,"6,6","45,0",0,0,0,1,0,"2,0","4,0","50,0","4,0","7,0",,0,0,,,2026-05-31 02:00:00,Int. Friendly Games,Mexico,4781,Australia,4741,1,0,W,Australia,home,True,México,"3,0","57,1","3,0","3,0","6,0","50,0",,,,,,"3,0","2,0","2,0","1,0","5,0","1,0",,,,"12,0","2,0",,,,"2,0","23,0","1,0",,"1,0",,,,"-0,52","-0,03","0,06","0,14",,"45,0",,"0,0","4,0","4,0"
15891671,home,4-2-3-1,944068,Erik Lira,E. Lira,D,"6,0",False,Mexico,"6,9","30,0",0,0,0,0,0,"18,0","20,0","90,0","3,0","3,0","1,0",0,0,,,2026-05-31 02:00:00,Int. Friendly Games,Mexico,4781,Australia,4741,1,0,W,Australia,home,True,México,,"100,0",,,,,"1,0","1,0","1,0",,,"7,0","5,0","4,0",,"2,0","0,0",,,,"25,0",,,,,"5,0","45,1","0,0",,"2,0",,,,,"0,11","-0,01","0,16",,,,"0,0","54,0","12,0"
15891671,home,4-2-3-1,818406,César Montes,C. Montes,D,"23,0",False,Mexico,"6,8","30,0",0,0,0,0,0,"16,0","20,0","80,0","2,0","4,0",,0,0,,,2026-05-31 02:00:00,Int. Friendly Games,Mexico,4781,Australia,4741,1,0,W,Australia,home,True,México,"2,0","50,0","2,0",,"2,0","100,0",,,"2,0","1,0",,"6,0","3,0",,"4,0","5,0","0,0",,,,"25,0",,,,,"6,0","42,4","0,0","2,0",,,,,,"-0,02","0,02","0,2",,,,"0,0","48,0","0,0"
15891671,home,4-2-3-1,770253,Jesús Gallardo,J. Gallardo,D,"20,0",False,Mexico,"6,8","30,0",0,0,0,0,1,"11,0","17,0","64,7",,"2,0",,0,0,,,2026-05-31 02:00:00,Int. Friendly Games,Mexico,4781,Australia,4741,1,0,W,Australia,home,True,México,"2,0","0,0",,"1,0","1,0","0,0",,,,,"1,0","6,0","3,0","2,0","1,0","6,0","0,0",,,,"25,0",,,,,"7,0","40,0","0,0","1,0",,,,,,"0,28","0,07","0,14",,,,"0,0","33,0","6,0"
15891671,home,4-2-3-1,1914576,Gilberto Mora,G. Mora,M,"19,0",False,Mexico,"6,6","30,0",0,0,0,0,0,"10,0","11,0","90,9","2,0","4,0",,0,0,,,2026-05-31 02:00:00,Int. Friendly Games,Mexico,4781,Australia,4741,1,0,W,Australia,home,True,México,"2,0","50,0",,,,,"1,0","1,0","1,0",,,"5,0","4,0","1,0",,"3,0","1,0",,,,"18,0","1,0","1,0",,,"7,0","66,7","0,0",,"1,0","1,0",,,"0,0","-0,02","0,05","-0,04",,"30,0",,"0,0","30,0","3,0"
15891671,home,4-2-3-1,843114,Julián Quiñones,J. Quiñones,F,"33,0",False,Mexico,"6,3","30,0",0,0,0,0,0,"9,0","10,0","90,0","1,0","7,0",,0,0,,,2026-05-31 02:00:00,Int. Friendly Games,Mexico,4781,Australia,4741,1,0,W,Australia,home,True,México,"6,0","14,3",,"1,0","1,0","0,0",,,,,,"5,0","4,0",,,"7,0","0,0",,,,"17,0",,"3,0","3,0","1,0","7,0","79,5","1,0",,,,,,,"-0,03","0,05","-0,01",,,,"0,0","27,0","0,0"
15891671,home,4-2-3-1,972391,Jesús Gómez,J. Gómez,D,"6,0",False,Mexico,"6,6","16,0",0,0,0,0,0,"9,0","10,0","90,0",,,,0,0,,,2026-05-31 02:00:00,Int. Friendly Games,Mexico,4781,Australia,4741,1,0,W,Australia,home,True,México,,,,,,,,,"1,0",,,"1,0","1,0",,,"1,0","0,0",,,,"11,0",,,,,"5,0","36,7","0,0",,,,,,,"0,0","0,0","0,0",,,,"0,0","50,6","0,0"
15891671,home,4-2-3-1,1119345,Obed Vargas,O. Vargas,M,"21,0",False,Mexico,"6,5","16,0",0,0,0,0,0,"4,0","5,0","80,0",,"1,0",,0,0,,,2026-05-31 02:00:00,Int. Friendly Games,Mexico,4781,Australia,4741,1,0,W,Australia,home,True,México,"1,0","0,0",,,,,,,,,,"4,0","3,0","1,0",,"1,0","0,0",,,,"5,0",,,,,"3,0","24,1","0,0",,,,,,,"-0,04","0,1","-0,02",,,,"0,0","22,5","5,6"
15891671,home,4-2-3-1,840519,Carlos Acevedo,C. Acevedo,G,"1,0",False,Mexico,,,0,0,0,0,0,,,,,,,0,0,,,2026-05-31 02:00:00,Int. Friendly Games,Mexico,4781,Australia,4741,1,0,W,Australia,home,True,México,,,,,,,,,,,,,,,,,"0,0",,,,,,,,,,,,,,,,,,,,,,,,,,
15891671,home,4-2-3-1,942708,Kevin Castañeda,K. Castañeda,M,"10,0",False,Mexico,,,0,0,0,0,0,,,,,,,0,0,,,2026-05-31 02:00:00,Int. Friendly Games,Mexico,4781,Australia,4741,1,0,W,Australia,home,True,México,,,,,,,,,,,,,,,,,"0,0",,,,,,,,,,,,,,,,,,,,,,,,,,
15891671,home,4-2-3-1,1023088,Brian Gutiérrez,B. Gutiérrez,M,"11,0",False,Mexico,,,0,0,0,0,0,,,,,,,0,0,,,2026-05-31 02:00:00,Int. Friendly Games,Mexico,4781,Australia,4741,1,0,W,Australia,home,True,México,,,,,,,,,,,,,,,,,"0,0",,,,,,,,,,,,,,,,,,,,,,,,,,
15891671,home,4-2-3-1,1595162,Armando González,A. González,F,"34,0",False,Mexico,,,0,0,0,0,0,,,,,,,0,0,,,2026-05-31 02:00:00,Int. Friendly Games,Mexico,4781,Australia,4741,1,0,W,Australia,home,True,México,,,,,,,,,,,,,,,,,"0,0",,,,,,,,,,,,,,,,,,,,,,,,,,
15891669,home,4-3-3,990408,Raúl Rangel,R. Rangel,G,"1,0",True,Mexico,"6,5","45,0",0,0,0,0,0,"12,0","12,0","100,0",,,,0,0,,,2026-05-23 02:00:00,Int. Friendly Games,Mexico,4781,Ghana,4764,2,0,W,Ghana,home,True,México,,,,,,,,,,,,,,"2,0",,,"0,0",,,,"14,0",,,,,"1,0","5,1","0,0",,,,,,,"0,01","0,0","0,13",,,,"0,0","24,0","4,0"
15891669,home,4-3-3,989236,Israel Reyes,I. Reyes,D,"3,0",True,Mexico,"7,2","45,0",0,0,0,0,2,"36,0","39,0","92,3","2,0","3,0",,0,0,,,2026-05-23 02:00:00,Int. Friendly Games,Mexico,4781,Ghana,4764,2,0,W,Ghana,home,True,México,"1,0","66,7",,,,,"2,0","2,0","5,0","3,0","1,0","24,0","21,0","3,0","1,0","4,0","0,0",,,,"48,0",,,,,"13,0","79,4","0,0","1,0",,,,,,"0,25","0,04","0,17",,,,"0,0","72,0","6,0"
15891669,home,4-3-3,1172773,Luis Romo,L. Romo,D,"7,0",True,Mexico,"7,2","62,0",0,1,0,0,1,"47,0","50,0","94,0","2,0","3,0","2,0",0,0,,,2026-05-23 02:00:00,Int. Friendly Games,Mexico,4781,Ghana,4764,2,0,W,Ghana,home,True,México,"1,0","66,7",,,,,"2,0","1,0","1,0","1,0",,"17,0","15,0","1,0","2,0","3,0","0,0",,,,"57,0",,,,,"16,0","136,4","1,0",,,,,,,"0,34","0,09","0,0",,,,"1,45","68,2","1,5"
15891669,home,4-3-3,972391,Jesús Gómez,J. Gómez,D,"6,0",True,Mexico,"7,2","62,0",0,0,0,0,0,"48,0","50,0","96,0","1,0","3,0","1,0",0,0,,,2026-05-23 02:00:00,Int. Friendly Games,Mexico,4781,Ghana,4764,2,0,W,Ghana,home,True,México,"2,0","33,3",,,,,"1,0","1,0","4,0","4,0",,"25,0","25,0","2,0",,"3,0","0,0",,,,"53,0","1,0",,,,"22,0","156,4","1,0","2,0",,,,,,"0,27","0,14","0,0",,,,"0,0","69,7","2,9"
15891669,home,4-3-3,770253,Jesús Gallardo,J. Gallardo,D,"20,0",True,Mexico,"6,7","45,0",0,0,0,1,0,"21,0","27,0","77,8",,"1,0",,0,0,,,2026-05-23 02:00:00,Int. Friendly Games,Mexico,4781,Ghana,4764,2,0,W,Ghana,home,True,México,"1,0","0,0",,,,,,,"2,0","1,0","1,0","22,0","16,0","1,0",,"9,0","1,0",,,,"34,0",,,"1,0",,"9,0","82,7","1,0",,,,,,"-0,19","-0,01","0,25","-0,01",,"45,0",,"0,0","42,0","2,0"
15891669,home,4-3-3,1023088,Brian Gutiérrez,B. Gutiérrez,M,"11,0",True,Mexico,"7,9","71,0",1,0,2,0,3,"32,0","33,0","97,0","1,0","3,0",,0,0,,,2026-05-23 02:00:00,Int. Friendly Games,Mexico,4781,Ghana,4764,2,0,W,Ghana,home,True,México,"2,0","33,3",,,,,,,"1,0","1,0","2,0","19,0","18,0","2,0",,"4,0","2,0",,,,"39,0","1,0",,"1,0","1,0","14,0","114,8","2,0","2,0",,,,,"0,51","0,04","0,2","0,13",,"35,5","35,5","1,27","40,6","2,5"
15891669,home,4-3-3,944068,Erik Lira,E. Lira,D,"6,0",True,Mexico,"7,0","71,0",0,0,0,0,0,"54,0","59,0","91,5","3,0","6,0",,0,0,,,2026-05-23 02:00:00,Int. Friendly Games,Mexico,4781,Ghana,4764,2,0,W,Ghana,home,True,México,"3,0","50,0",,,,,"3,0","3,0","4,0","2,0",,"29,0","25,0","4,0",,"5,0","0,0",,,,"65,0",,,,,"17,0","87,9","0,0","3,0",,,,,,"0,18","0,11","0,17",,,,"0,0","68,5","5,1"
15891669,home,4-3-3,1914576,Gilberto Mora,G. Mora,M,"19,0",True,Mexico,"7,1","45,0",0,0,1,2,0,"20,0","20,0","100,0","6,0","9,0","2,0",0,0,,,2026-05-23 02:00:00,Int. Friendly Games,Mexico,4781,Ghana,4764,2,0,W,Ghana,home,True,México,"3,0","66,7",,,,,,,"1,0","1,0","1,0","9,0","9,0","6,0",,"4,0","3,0",,,"1,0","38,0","2,0",,"3,0","2,0","14,0","144,8","5,0","1,0","4,0",,,,"-0,38","-0,07","0,4","-0,04",,"15,0","45,0","0,0","40,0","12,0"
15891669,home,4-3-3,865500,Roberto Alvarado,R. Alvarado,F,"25,0",True,Mexico,"7,3","62,0",0,0,3,0,1,"35,0","39,0","89,7","5,0","9,0","1,0",0,0,,,2026-05-23 02:00:00,Int. Friendly Games,Mexico,4781,Ghana,4764,2,0,W,Ghana,home,True,México,"4,0","55,6",,,,,"4,0","3,0","3,0","2,0","2,0","27,0","24,0","3,0",,"8,0","3,0",,,,"55,0","1,0",,"2,0",,"23,0","226,5","6,0","1,0","1,0",,,,"-0,43","0,21","0,42","-0,01",,"20,7","20,7","0,0","50,8","4,4"
15891669,home,4-3-3,1595162,Armando González,A. González,F,"34,0",True,Mexico,"6,4","45,0",0,0,1,0,0,"3,0","4,0","75,0",,"1,0",,0,0,,,2026-05-23 02:00:00,Int. Friendly Games,Mexico,4781,Ghana,4764,2,0,W,Ghana,home,True,México,"1,0","0,0",,"1,0","1,0","0,0",,,,,,"2,0","1,0",,,"2,0","1,0","1,0",,,"6,0","1,0",,,,,"0,0",,,,,,,"0,05","-0,04",,"0,0",,"45,0","45,0","0,0","6,0","0,0"
15891669,home,4-3-3,815637,Alexis Vega,A. Vega,M,"9,0",True,Mexico,"6,7","62,0",0,0,0,0,3,"25,0","27,0","92,6","1,0","4,0",,0,0,,,2026-05-23 02:00:00,Int. Friendly Games,Mexico,4781,Ghana,4764,2,0,W,Ghana,home,True,México,"3,0","25,0",,,,,,,"2,0","2,0","4,0","21,0","20,0","2,0",,"7,0","2,0",,,,"37,0","2,0",,,,"12,0","83,9","0,0","3,0","1,0","1,0",,,"-0,2","0,09","0,28","0,0",,"31,0",,"0,0","36,3","2,9"
15891669,home,4-3-3,840519,Carlos Acevedo,C. Acevedo,G,"1,0",False,Mexico,"7,5","45,0",0,0,0,0,0,"9,0","11,0","81,8",,,,0,0,,,2026-05-23 02:00:00,Int. Friendly Games,Mexico,4781,Ghana,4764,2,0,W,Ghana,home,True,México,,,,,,,,,"4,0","2,0",,"1,0","1,0","4,0",,"2,0","0,0",,,,"15,0",,,,,"2,0","8,1","0,0",,,,"3,0","0,1269",,"0,02","0,0","0,16","0,15",,,"0,0","18,0","8,0"
15891669,home,4-3-3,832868,Jorge Sánchez,J. Sánchez,D,"35,0",False,Mexico,"7,3","45,0",0,0,0,0,1,"29,0","32,0","90,6","3,0","4,0",,0,0,,,2026-05-23 02:00:00,Int. Friendly Games,Mexico,4781,Ghana,4764,2,0,W,Ghana,home,True,México,"1,0","75,0",,,,,"2,0","2,0","4,0","3,0",,"16,0","15,0","3,0","1,0","5,0","0,0",,,,"39,0","1,0",,,,"17,0","131,5","1,0",,"1,0",,,,,"0,14","0,11","0,14",,,,"0,0","58,0","6,0"
15891669,home,4-3-3,1638685,Mateo Chávez,M. Chávez,D,"15,0",False,Mexico,"6,5","45,0",0,0,0,0,0,"12,0","13,0","92,3","1,0","4,0","1,0",0,0,,,2026-05-23 02:00:00,Int. Friendly Games,Mexico,4781,Ghana,4764,2,0,W,Ghana,home,True,México,"3,0","25,0",,"1,0","1,0","0,0","1,0",,,,"2,0","6,0","5,0","3,0","1,0","6,0","0,0",,,,"25,0","3,0",,,,"9,0","72,4","0,0","2,0",,"1,0",,,,"0,06","-0,1","0,14",,,,"0,0","24,0","6,0"
15891669,home,4-3-3,847151,Edson Álvarez,E. Álvarez,M,"11,0",False,Mexico,"6,8","45,0",0,0,0,0,0,"30,0","30,0","100,0",,"2,0",,0,0,,,2026-05-23 02:00:00,Int. Friendly Games,Mexico,4781,Ghana,4764,2,0,W,Ghana,home,True,México,"2,0","0,0",,"2,0","2,0","0,0",,,"1,0","1,0",,"3,0","3,0","1,0","1,0","1,0","0,0",,,,"34,0","1,0",,,,"14,0","100,0","0,0",,,,,,,"0,12","0,06","0,24",,,,"0,0","60,0","2,0"
15891669,home,4-3-3,795282,Guillermo Martínez,G. Martínez,F,"9,0",False,Mexico,"7,6","45,0",1,0,1,1,1,"6,0","7,0","85,7","1,0","3,0",,0,0,,,2026-05-23 02:00:00,Int. Friendly Games,Mexico,4781,Ghana,4764,2,0,W,Ghana,home,True,México,"2,0","33,3","1,0","1,0","2,0","50,0",,,"1,0","1,0",,"4,0","3,0",,,"2,0","2,0",,,,"10,0",,"1,0",,,"5,0","28,1","0,0",,,,,,"0,44","-0,12","0,3","0,0",,"22,5","45,0","2,0","12,0","0,0"
15891669,home,4-3-3,1392153,Eduardo Águila,E. Águila,D,"31,0",False,Mexico,"6,9","28,0",0,0,0,0,0,"20,0","20,0","100,0","1,0","1,0",,0,0,,,2026-05-23 02:00:00,Int. Friendly Games,Mexico,4781,Ghana,4764,2,0,W,Ghana,home,True,México,,"100,0",,,,,,,,,,"2,0","2,0","1,0","2,0",,"0,0",,,,"24,0",,,,,"5,0","42,7","0,0",,"1,0",,,,,"0,05","0,03","0,17",,,,"0,0","64,3","3,2"
15891669,home,4-3-3,1085410,Isaías Violante,I. Violante,M,"12,0",False,Mexico,"6,6","28,0",0,0,0,0,0,"12,0","15,0","80,0","2,0","5,0",,0,0,,,2026-05-23 02:00:00,Int. Friendly Games,Mexico,4781,Ghana,4764,2,0,W,Ghana,home,True,México,"3,0","40,0",,,,,,,,,"3,0","7,0","4,0","1,0",,"7,0","0,0",,,,"23,0",,"1,0","3,0","2,0","10,0","122,3","4,0",,,,,,,"-0,04","0,27","-0,04",,,,"0,0","38,6","3,2"
15891669,home,4-3-3,757770,Luis Chávez,L. Chávez,M,"24,0",False,Mexico,"7,1","28,0",0,0,0,1,1,"20,0","23,0","87,0","3,0","4,0",,0,0,,,2026-05-23 02:00:00,Int. Friendly Games,Mexico,4781,Ghana,4764,2,0,W,Ghana,home,True,México,"1,0","75,0","1,0",,"1,0","100,0","1,0","1,0","2,0","2,0","1,0","8,0","6,0","2,0","2,0","4,0","1,0",,,,"31,0",,,,,"15,0","112,4","1,0",,"1,0",,,,"-0,22","0,44","0,16","-0,04",,"28,0",,"0,0","64,3","6,4"
15891669,home,4-3-3,942708,Kevin Castañeda,K. Castañeda,M,"10,0",False,Mexico,"6,4","28,0",0,0,0,1,1,"15,0","16,0","93,8",,"3,0","1,0",0,0,,,2026-05-23 02:00:00,Int. Friendly Games,Mexico,4781,Ghana,4764,2,0,W,Ghana,home,True,México,"3,0","0,0",,,,,,,"2,0","1,0","2,0","5,0","4,0","1,0",,"4,0","1,0",,,,"23,0",,"2,0",,,"9,0","54,0","1,0","1,0",,,,,"-0,54","0,11","0,05","-0,01",,"28,0",,"0,0","48,2","3,2"
15891669,home,4-3-3,1523678,Iker Fimbres,I. Fimbres,M,"35,0",False,Mexico,"6,6","19,0",0,0,0,0,0,"11,0","11,0","100,0",,"1,0",,0,0,,,2026-05-23 02:00:00,Int. Friendly Games,Mexico,4781,Ghana,4764,2,0,W,Ghana,home,True,México,"1,0","0,0",,,,,,,,,,"4,0","4,0","1,0",,"2,0","0,0",,,,"13,0","1,0","1,0",,,"8,0","46,1","0,0",,,,,,,"-0,04","0,05","0,0",,,,"0,0","52,1","4,7"
15891669,home,4-3-3,1097368,Luis Gabriel Rey,L. G. Rey,M,"3,0",False,Mexico,"6,5","19,0",0,0,0,0,0,"14,0","15,0","93,3",,"2,0",,0,0,,,2026-05-23 02:00:00,Int. Friendly Games,Mexico,4781,Ghana,4764,2,0,W,Ghana,home,True,México,"2,0","0,0",,,,,,,"1,0","1,0",,"3,0","3,0","1,0",,"1,0","0,0",,,,"15,0",,,,,"2,0","10,8","0,0","2,0",,,,,,"0,02","0,01","-0,06",,,,"0,0","66,3","4,7"
15891669,home,4-3-3,1183649,Oscar García,O. García,G,"23,0",False,Mexico,,,0,0,0,0,0,,,,,,,0,0,,,2026-05-23 02:00:00,Int. Friendly Games,Mexico,4781,Ghana,4764,2,0,W,Ghana,home,True,México,,,,,,,,,,,,,,,,,"0,0",,,,,,,,,,,,,,,,,,,,,,,,,,
15891669,home,4-3-3,15497,Guillermo Ochoa,G. Ochoa,G,"13,0",False,Mexico,,,0,0,0,0,0,,,,,,,0,0,,,2026-05-23 02:00:00,Int. Friendly Games,Mexico,4781,Ghana,4764,2,0,W,Ghana,home,True,México,,,,,,,,,,,,,,,,,"0,0",,,,,,,,,,,,,,,,,,,,,,,,,,
15891669,home,4-3-3,818406,César Montes,C. Montes,D,"23,0",False,Mexico,,,0,0,0,0,0,,,,,,,0,0,,,2026-05-23 02:00:00,Int. Friendly Games,Mexico,4781,Ghana,4764,2,0,W,Ghana,home,True,México,,,,,,,,,,,,,,,,,"0,0",,,,,,,,,,,,,,,,,,,,,,,,,,
15891669,home,4-3-3,850404,Orbelín Pineda,O. Pineda,M,"13,0",False,Mexico,,,0,0,0,0,0,,,,,,,0,0,,,2026-05-23 02:00:00,Int. Friendly Games,Mexico,4781,Ghana,4764,2,0,W,Ghana,home,True,México,,,,,,,,,,,,,,,,,"0,0",,,,,,,,,,,,,,,,,,,,,,,,,,
15372905,home,4-1-4-1,990408,Raúl Rangel,R. Rangel,G,"1,0",True,Mexico,"6,4","90,0",0,0,0,0,0,"17,0","28,0","60,7",,,,0,0,,,2026-04-01 01:00:00,Int. Friendly Games,Mexico,4781,Belgium,4717,1,1,D,Belgium,home,True,México,,,,,,,,,"16,0","6,0",,"8,0","1,0","7,0","1,0","12,0","0,0",,,,"34,0",,,,,"5,0","24,3","0,0",,,,"1,0","0,0023",,"0,02","0,0","-0,07","0,0",,,"0,0","17,0","7,0"
15372905,home,4-1-4-1,832868,Jorge Sánchez,J. Sánchez,D,"35,0",True,Mexico,"7,4","69,0",1,0,1,0,0,"32,0","36,0","88,9","4,0","7,0","1,0",0,0,,,2026-04-01 01:00:00,Int. Friendly Games,Mexico,4781,Belgium,4717,1,1,D,Belgium,home,True,México,"3,0","57,1",,"1,0","1,0","0,0","4,0","4,0","1,0",,"1,0","14,0","11,0","5,0",,"5,0","1,0",,,,"46,0",,,,,"8,0","61,4","0,0","2,0",,,,,"0,45","0,15","0,04","-0,14",,"69,0","69,0","1,3","41,7","6,5"
15372905,home,4-1-4-1,818406,César Montes,C. Montes,D,"23,0",True,Mexico,"6,5","90,0",0,0,0,0,0,"60,0","67,0","89,6","1,0","2,0",,0,0,,,2026-04-01 01:00:00,Int. Friendly Games,Mexico,4781,Belgium,4717,1,1,D,Belgium,home,True,México,"1,0","50,0","1,0",,"1,0","100,0",,,"5,0","2,0",,"20,0","14,0","2,0","1,0","8,0","0,0",,,,"69,0","1,0",,,,"18,0","111,4","0,0","1,0",,,,,,"0,23","0,06","-0,12",,,,"0,0","60,0","2,0"
15372905,home,4-1-4-1,889785,Johan Vásquez,J. Vásquez,D,"22,0",True,Mexico,"7,0","90,0",0,0,0,0,0,"62,0","70,0","88,6","8,0","10,0","5,0",0,0,,,2026-04-01 01:00:00,Int. Friendly Games,Mexico,4781,Belgium,4717,1,1,D,Belgium,home,True,México,"2,0","80,0","2,0","1,0","3,0","66,7","2,0","1,0","6,0","1,0",,"29,0","22,0","5,0","2,0","8,0","0,0",,,,"84,0",,,,,"31,0","256,9","1,0","1,0","4,0",,,,,"0,15","0,12","-0,15",,,,"0,0","62,0","5,0"
15372905,home,4-1-4-1,770253,Jesús Gallardo,J. Gallardo,D,"20,0",True,Mexico,"6,8","90,0",0,0,0,1,0,"42,0","48,0","87,5","8,0","13,0","1,0",0,0,,,2026-04-01 01:00:00,Int. Friendly Games,Mexico,4781,Belgium,4717,1,1,D,Belgium,home,True,México,"5,0","61,5","4,0","1,0","5,0","80,0","4,0","3,0","4,0","2,0","1,0","21,0","16,0","4,0","2,0","11,0","1,0",,,,"70,0","1,0","1,0","1,0",,"12,0","144,3","1,0","2,0","1,0",,,,"-0,05","0,02","0,08","-0,11",,"90,0",,"0,0","42,0","4,0"
15372905,home,4-1-4-1,944068,Erik Lira,E. Lira,D,"6,0",True,Mexico,"6,5","90,0",0,0,0,0,0,"38,0","45,0","84,4","3,0","9,0","2,0",0,0,,,2026-04-01 01:00:00,Int. Friendly Games,Mexico,4781,Belgium,4717,1,1,D,Belgium,home,True,México,"6,0","33,3",,"1,0","1,0","0,0","1,0",,"5,0","3,0",,"22,0","18,0","6,0",,"10,0","0,0",,,,"55,0","2,0","1,0",,,"10,0","113,1","1,0","3,0","2,0",,,,,"0,09","0,07","-0,11",,,,"0,0","38,0","6,0"
15372905,home,4-1-4-1,850404,Orbelín Pineda,O. Pineda,M,"13,0",True,Mexico,"7,1","69,0",0,0,0,0,2,"22,0","25,0","88,0","6,0","11,0","1,0",0,0,,,2026-04-01 01:00:00,Int. Friendly Games,Mexico,4781,Belgium,4717,1,1,D,Belgium,home,True,México,"5,0","54,5",,"1,0","1,0","0,0","2,0","1,0","2,0","2,0","1,0","16,0","13,0","6,0",,"8,0","0,0",,,,"39,0","2,0","1,0","1,0",,"13,0","99,7","1,0","1,0","4,0",,,,,"0,35","0,21","-0,1",,,,"0,0","28,7","7,8"
15372905,home,4-1-4-1,1023088,Brian Gutiérrez,B. Gutiérrez,M,"11,0",True,Mexico,"7,1","84,0",0,0,0,0,3,"21,0","26,0","80,8","3,0","5,0",,0,0,,,2026-04-01 01:00:00,Int. Friendly Games,Mexico,4781,Belgium,4717,1,1,D,Belgium,home,True,México,"2,0","60,0",,,,,"1,0","1,0",,,"4,0","18,0","14,0","1,0",,"11,0","3,0",,,,"39,0","1,0","1,0","1,0","1,0","10,0","99,2","4,0","1,0","1,0",,,,"-0,38","0,44","0,38","-0,07",,"28,0",,"0,0","22,5","1,1"
15372905,home,4-1-4-1,838629,Álvaro Fidalgo,Á. Fidalgo,M,"15,0",True,Mexico,"6,5","69,0",0,0,0,0,0,"41,0","48,0","85,4","2,0","4,0",,0,0,,,2026-04-01 01:00:00,Int. Friendly Games,Mexico,4781,Belgium,4717,1,1,D,Belgium,home,True,México,"2,0","50,0",,,,,,,"3,0","1,0",,"27,0","20,0","3,0",,"8,0","0,0",,,,"54,0","1,0",,"1,0","1,0","19,0","143,5","1,0","1,0","1,0",,,,,"0,1","0,03","-0,11",,,,"0,0","53,5","3,9"
15372905,home,4-1-4-1,843114,Julián Quiñones,J. Quiñones,F,"33,0",True,Mexico,"6,7","69,0",0,0,2,2,1,"35,0","37,0","94,6","5,0","8,0",,0,0,,,2026-04-01 01:00:00,Int. Friendly Games,Mexico,4781,Belgium,4717,1,1,D,Belgium,home,True,México,"3,0","62,5","1,0","1,0","2,0","50,0","1,0",,"1,0","1,0",,"26,0","25,0","7,0",,"6,0","5,0",,,,"53,0","2,0","1,0","1,0","1,0","13,0","106,4","1,0","1,0","2,0",,,,"-0,54","0,32","0,01","-0,05",,"13,8","34,5","0,0","45,7","9,1"
15372905,home,4-1-4-1,192442,Raúl Jiménez,R. Jiménez,F,"7,0",True,Mexico,"6,9","68,0",0,0,0,0,1,"18,0","24,0","75,0","4,0","7,0","1,0",0,0,,,2026-04-01 01:00:00,Int. Friendly Games,Mexico,4781,Belgium,4717,1,1,D,Belgium,home,True,México,"3,0","57,1","2,0","2,0","4,0","50,0",,,,,,"15,0","10,0","4,0","1,0","9,0","0,0",,,,"34,0","2,0","1,0",,,"7,0","70,0","3,0",,"2,0","2,0",,,,"-0,1","0,32","0,18",,,,"0,0","23,8","5,3"
15372905,home,4-1-4-1,1595162,Armando González,A. González,F,"34,0",False,Mexico,"6,4","22,0",0,0,0,0,0,"2,0","2,0","100,0",,"1,0",,0,0,,,2026-04-01 01:00:00,Int. Friendly Games,Mexico,4781,Belgium,4717,1,1,D,Belgium,home,True,México,"1,0","0,0",,,,,,,,,,"2,0","2,0","1,0",,"2,0","0,0",,,,"6,0","1,0",,"1,0",,,"0,0",,"1,0",,"1,0",,,,"0,0","-0,15","0,0",,,,"0,0","8,2","4,1"
15372905,home,4-1-4-1,989236,Israel Reyes,I. Reyes,D,"3,0",False,Mexico,"7,0","21,0",0,0,0,0,0,"10,0","13,0","76,9",,"1,0","1,0",0,0,,,2026-04-01 01:00:00,Int. Friendly Games,Mexico,4781,Belgium,4717,1,1,D,Belgium,home,True,México,"1,0","0,0",,"1,0","1,0","0,0",,,"1,0",,,"5,0","4,0","2,0","1,0","3,0","0,0",,,,"18,0",,,,,"2,0","8,2","0,0",,,,,,,"0,04","0,04","0,53",,,,"0,0","42,9","8,6"
15372905,home,4-1-4-1,815637,Alexis Vega,A. Vega,M,"9,0",False,Mexico,"6,4","21,0",0,0,0,0,0,"6,0","6,0","100,0",,"3,0",,0,0,,,2026-04-01 01:00:00,Int. Friendly Games,Mexico,4781,Belgium,4717,1,1,D,Belgium,home,True,México,"3,0","0,0",,"1,0","1,0","0,0",,,,,"2,0","3,0","3,0","2,0",,"5,0","0,0",,,,"13,0","1,0","1,0","1,0",,"2,0","16,5","1,0",,,,,,,"0,02","0,06","0,0",,,,"0,0","25,7","8,6"
15372905,home,4-1-4-1,1119345,Obed Vargas,O. Vargas,M,"21,0",False,Mexico,"6,6","21,0",0,0,0,0,0,"9,0","14,0","64,3",,,,0,0,,,2026-04-01 01:00:00,Int. Friendly Games,Mexico,4781,Belgium,4717,1,1,D,Belgium,home,True,México,,,,,,,,,"1,0","1,0",,"7,0","3,0","1,0","1,0","5,0","0,0",,,,"16,0",,,,,"2,0","20,5","0,0",,,,,,,"-0,04","0,02","0,13",,,,"0,0","38,6","4,3"
15372905,home,4-1-4-1,865500,Roberto Alvarado,R. Alvarado,F,"25,0",False,Mexico,"6,7","21,0",0,0,0,0,0,"6,0","10,0","60,0","4,0","7,0",,0,0,,,2026-04-01 01:00:00,Int. Friendly Games,Mexico,4781,Belgium,4717,1,1,D,Belgium,home,True,México,"3,0","57,1",,,,,"4,0","2,0","3,0",,,"4,0","3,0","1,0",,"6,0","0,0",,,,"17,0","1,0","1,0",,,"1,0","7,2","0,0",,,,,,,"-0,05","0,0","0,14",,,,"0,0","25,7","4,3"
15372905,home,4-1-4-1,845322,Erick Sánchez,E. Sánchez,M,"28,0",False,Mexico,"6,6","11,0",0,0,0,0,0,"3,0","4,0","75,0","1,0","2,0",,0,0,,,2026-04-01 01:00:00,Int. Friendly Games,Mexico,4781,Belgium,4717,1,1,D,Belgium,home,True,México,"1,0","50,0",,,,,"1,0",,,,,"3,0","2,0","2,0","1,0","1,0","0,0",,,,"6,0",,,,,"1,0","3,8","0,0",,,,,,,"0,0","-0,09","-0,01",,,,"0,0","24,5","16,4"
15372905,home,4-1-4-1,15497,Guillermo Ochoa,G. Ochoa,G,"13,0",False,Mexico,,,0,0,0,0,0,,,,,,,0,0,,,2026-04-01 01:00:00,Int. Friendly Games,Mexico,4781,Belgium,4717,1,1,D,Belgium,home,True,México,,,,,,,,,,,,,,,,,"0,0",,,,,,,,,,,,,,,,,,,,,,,,,,
15372905,home,4-1-4-1,840519,Carlos Acevedo,C. Acevedo,G,"1,0",False,Mexico,,,0,0,0,0,0,,,,,,,0,0,,,2026-04-01 01:00:00,Int. Friendly Games,Mexico,4781,Belgium,4717,1,1,D,Belgium,home,True,México,,,,,,,,,,,,,,,,,"0,0",,,,,,,,,,,,,,,,,,,,,,,,,,
15372905,home,4-1-4-1,869277,Jesús Angulo,J. Angulo,D,"27,0",False,Mexico,,,0,0,0,0,0,,,,,,,0,0,,,2026-04-01 01:00:00,Int. Friendly Games,Mexico,4781,Belgium,4717,1,1,D,Belgium,home,True,México,,,,,,,,,,,,,,,,,"0,0",,,,,,,,,,,,,,,,,,,,,,,,,,
15372905,home,4-1-4-1,1199256,Everardo López,E. López,D,"25,0",False,Mexico,,,0,0,0,0,0,,,,,,,0,0,,,2026-04-01 01:00:00,Int. Friendly Games,Mexico,4781,Belgium,4717,1,1,D,Belgium,home,True,México,,,,,,,,,,,,,,,,,"0,0",,,,,,,,,,,,,,,,,,,,,,,,,,
15372905,home,4-1-4-1,1192342,Denzell Garcia,D. Garcia,M,"5,0",False,Mexico,,,0,0,0,0,0,,,,,,,0,0,,,2026-04-01 01:00:00,Int. Friendly Games,Mexico,4781,Belgium,4717,1,1,D,Belgium,home,True,México,,,,,,,,,,,,,,,,,"0,0",,,,,,,,,,,,,,,,,,,,,,,,,,
15372905,home,4-1-4-1,845849,Carlos Rodríguez,C. Rodríguez,M,"19,0",False,Mexico,,,0,0,0,0,0,,,,,,,0,0,,,2026-04-01 01:00:00,Int. Friendly Games,Mexico,4781,Belgium,4717,1,1,D,Belgium,home,True,México,,,,,,,,,,,,,,,,,"0,0",,,,,,,,,,,,,,,,,,,,,,,,,,
15372905,home,4-1-4-1,985176,Richard Ledezma,R. Ledezma,M,"37,0",False,Mexico,,,0,0,0,0,0,,,,,,,0,0,,,2026-04-01 01:00:00,Int. Friendly Games,Mexico,4781,Belgium,4717,1,1,D,Belgium,home,True,México,,,,,,,,,,,,,,,,,"0,0",,,,,,,,,,,,,,,,,,,,,,,,,,
15372905,home,4-1-4-1,822606,Germán Berterame,G. Berterame,F,"19,0",False,Mexico,,,0,0,0,0,0,,,,,,,0,0,,,2026-04-01 01:00:00,Int. Friendly Games,Mexico,4781,Belgium,4717,1,1,D,Belgium,home,True,México,,,,,,,,,,,,,,,,,"0,0",,,,,,,,,,,,,,,,,,,,,,,,,,
15372905,home,4-1-4-1,795282,Guillermo Martínez,G. Martínez,F,"9,0",False,Mexico,,,0,0,0,0,0,,,,,,,0,0,,,2026-04-01 01:00:00,Int. Friendly Games,Mexico,4781,Belgium,4717,1,1,D,Belgium,home,True,México,,,,,,,,,,,,,,,,,"0,0",,,,,,,,,,,,,,,,,,,,,,,,,,
15437863,home,4-1-4-1,990408,Raúl Rangel,R. Rangel,G,"1,0",True,Mexico,"7,4","90,0",0,0,0,0,0,"25,0","34,0","73,5",,,,0,0,,,2026-03-29 01:00:00,Int. Friendly Games,Mexico,4781,Portugal,4704,0,0,D,Portugal,home,True,México,,,,,,,,,"15,0","8,0",,"12,0","5,0","3,0","2,0","9,0","0,0",,,,"39,0",,,,,"4,0","20,0","0,0",,,,"2,0","0,2798",,"0,03","0,0","0,18","0,29",,,"0,0","25,0","3,0"
15437863,home,4-1-4-1,989236,Israel Reyes,I. Reyes,D,"3,0",True,Mexico,"7,4","90,0",0,0,1,0,1,"28,0","35,0","80,0","5,0","6,0","2,0",0,0,,,2026-03-29 01:00:00,Int. Friendly Games,Mexico,4781,Portugal,4704,0,0,D,Portugal,home,True,México,"1,0","83,3","2,0",,"2,0","100,0","3,0","1,0","4,0","2,0",,"16,0","11,0","3,0","2,0","8,0","1,0",,,,"57,0",,,,,"8,0","59,2","1,0","1,0",,,,,"-0,11","0,15","0,08","0,27",,"90,0","90,0","0,0","28,0","3,0"
15437863,home,4-1-4-1,818406,César Montes,C. Montes,D,"23,0",True,Mexico,"6,7","90,0",0,0,0,0,0,"19,0","23,0","82,6",,"2,0","2,0",0,0,,,2026-03-29 01:00:00,Int. Friendly Games,Mexico,4781,Portugal,4704,0,0,D,Portugal,home,True,México,"2,0","0,0",,"1,0","1,0","0,0",,,"4,0","1,0",,"9,0","5,0","3,0","4,0","4,0","0,0",,,,"29,0",,,,,"5,0","37,6","0,0",,,,,,,"0,09","0,02","0,23",,,,"0,0","19,0","3,0"
15437863,home,4-1-4-1,889785,Johan Vásquez,J. Vásquez,D,"22,0",True,Mexico,"7,0","90,0",0,0,0,0,0,"27,0","34,0","79,4","3,0","4,0","1,0",0,0,,,2026-03-29 01:00:00,Int. Friendly Games,Mexico,4781,Portugal,4704,0,0,D,Portugal,home,True,México,"1,0","75,0",,,,,"2,0","1,0","8,0","4,0",,"11,0","8,0","1,0",,"7,0","0,0",,,,"39,0",,,,,"12,0","91,3","0,0","2,0","1,0",,,,,"0,08","0,0","0,13",,,,"0,0","27,0","1,0"
15437863,home,4-1-4-1,770253,Jesús Gallardo,J. Gallardo,D,"20,0",True,Mexico,"6,9","78,0",0,0,0,0,0,"21,0","27,0","77,8","4,0","7,0",,0,0,,,2026-03-29 01:00:00,Int. Friendly Games,Mexico,4781,Portugal,4704,0,0,D,Portugal,home,True,México,"3,0","57,1","2,0",,"2,0","100,0","1,0",,"2,0","1,0","2,0","11,0","9,0",,"1,0","12,0","0,0",,,,"47,0","1,0","1,0","1,0","1,0","7,0","48,4","0,0","2,0",,"1,0",,,,"0,05","-0,06","0,19",,,,"0,0","24,2","0,0"
15437863,home,4-1-4-1,944068,Erik Lira,E. Lira,D,"6,0",True,Mexico,"6,5","78,0",0,0,0,0,0,"18,0","22,0","81,8","1,0","5,0",,0,0,,,2026-03-29 01:00:00,Int. Friendly Games,Mexico,4781,Portugal,4704,0,0,D,Portugal,home,True,México,"4,0","20,0",,"1,0","1,0","0,0","1,0","1,0","3,0","1,0",,"11,0","7,0","3,0","1,0","4,0","0,0",,,,"26,0",,,,,"7,0","53,9","1,0","3,0",,,,,,"0,07","0,04","0,16",,,,"0,0","20,8","3,5"
15437863,home,4-1-4-1,865500,Roberto Alvarado,R. Alvarado,F,"25,0",True,Mexico,"6,7","60,0",0,0,0,1,1,"8,0","14,0","57,1","4,0","7,0",,0,0,,,2026-03-29 01:00:00,Int. Friendly Games,Mexico,4781,Portugal,4704,0,0,D,Portugal,home,True,México,"3,0","57,1",,,,,"4,0","2,0",,,"1,0","14,0","8,0","3,0",,"9,0","1,0",,,,"22,0",,"1,0","1,0",,"9,0","89,4","3,0","1,0",,,,,"-0,1","-0,09","0,24","0,15",,"60,0",,"0,0","12,0","4,5"
15437863,home,4-1-4-1,838629,Álvaro Fidalgo,Á. Fidalgo,M,"15,0",True,Mexico,"6,8","60,0",0,0,0,0,1,"27,0","28,0","96,4","1,0","3,0",,0,0,,,2026-03-29 01:00:00,Int. Friendly Games,Mexico,4781,Portugal,4704,0,0,D,Portugal,home,True,México,"2,0","33,3",,,,,,,"4,0","4,0","1,0","19,0","19,0",,,"3,0","0,0",,,,"34,0",,"2,0",,,"8,0","53,5","0,0",,"1,0","1,0",,,,"0,08","0,0","0,0",,,,"0,0","40,5","0,0"
15437863,home,4-1-4-1,1119345,Obed Vargas,O. Vargas,M,"21,0",True,Mexico,"6,9","45,0",0,0,0,1,0,"13,0","15,0","86,7","2,0","3,0",,0,0,,,2026-03-29 01:00:00,Int. Friendly Games,Mexico,4781,Portugal,4704,0,0,D,Portugal,home,True,México,"1,0","66,7",,,,,"2,0","1,0","3,0","3,0",,"6,0","5,0",,"1,0","4,0","1,0",,,,"22,0",,"1,0",,,"6,0","40,3","0,0",,,,,,"-0,12","0,04","-0,04","0,17",,"45,0",,"0,0","26,0","0,0"
15437863,home,4-1-4-1,1023088,Brian Gutiérrez,B. Gutiérrez,M,"11,0",True,Mexico,"7,0","45,0",0,0,0,1,1,"13,0","16,0","81,2","3,0","3,0",,0,0,,,2026-03-29 01:00:00,Int. Friendly Games,Mexico,4781,Portugal,4704,0,0,D,Portugal,home,True,México,,"100,0","1,0",,"1,0","100,0","1,0","1,0","1,0","1,0",,"13,0","11,0","1,0",,"6,0","2,0",,,,"26,0","1,0",,"1,0","1,0","5,0","22,1","0,0",,,,,,"-0,17","0,19","0,06","0,14",,"22,5",,"0,0","26,0","2,0"
15437863,home,4-1-4-1,192442,Raúl Jiménez,R. Jiménez,F,"7,0",True,Mexico,"6,7","60,0",0,0,0,0,1,"11,0","18,0","61,1","4,0","8,0","1,0",0,0,,,2026-03-29 01:00:00,Int. Friendly Games,Mexico,4781,Portugal,4704,0,0,D,Portugal,home,True,México,"4,0","50,0",,"3,0","3,0","0,0",,,"5,0","3,0",,"17,0","10,0","2,0",,"10,0","0,0",,,,"26,0","2,0","1,0",,,"6,0","47,8","1,0",,"4,0","1,0",,,,"-0,04","0,07","0,13",,,,"0,0","16,5","3,0"
15437863,home,4-1-4-1,845849,Carlos Rodríguez,C. Rodríguez,M,"19,0",False,Mexico,"6,7","45,0",0,0,0,0,0,"14,0","16,0","87,5","2,0","4,0",,0,0,,,2026-03-29 01:00:00,Int. Friendly Games,Mexico,4781,Portugal,4704,0,0,D,Portugal,home,True,México,"2,0","50,0","1,0",,"1,0","100,0","1,0","1,0","2,0","1,0",,"5,0","4,0","3,0","1,0","3,0","0,0",,,,"20,0",,"1,0",,,"1,0","3,7","0,0","1,0",,,,,,"-0,06","0,0","0,18",,,,"0,0","28,0","6,0"
15437863,home,4-1-4-1,843114,Julián Quiñones,J. Quiñones,F,"33,0",False,Mexico,"7,7","45,0",0,0,0,0,1,"8,0","9,0","88,9","7,0","11,0",,0,0,,,2026-03-29 01:00:00,Int. Friendly Games,Mexico,4781,Portugal,4704,0,0,D,Portugal,home,True,México,"4,0","63,6",,,,,"2,0","2,0","2,0","2,0","1,0","6,0","5,0","2,0","1,0","6,0","1,0",,"1,0",,"24,0","1,0","2,0","3,0","2,0","8,0","62,8","2,0","1,0","3,0",,,,"-0,07","0,54","0,18","-0,01",,"45,0",,"0,0","16,0","4,0"
15437863,home,4-1-4-1,985176,Richard Ledezma,R. Ledezma,M,"37,0",False,Mexico,"6,6","30,0",0,0,0,0,0,"1,0","5,0","20,0","2,0","3,0",,0,0,,,2026-03-29 01:00:00,Int. Friendly Games,Mexico,4781,Portugal,4704,0,0,D,Portugal,home,True,México,"1,0","66,7","1,0","1,0","2,0","50,0","1,0",,,,,"5,0","1,0","1,0","1,0","4,0","0,0",,,,"8,0",,,,,"1,0","3,3","0,0",,,,,,,"-0,06","-0,06","0,0",,,,"0,0","3,0","3,0"
15437863,home,4-1-4-1,845322,Erick Sánchez,E. Sánchez,M,"28,0",False,Mexico,"6,8","30,0",0,0,0,0,0,"7,0","8,0","87,5","2,0","4,0",,0,0,,,2026-03-29 01:00:00,Int. Friendly Games,Mexico,4781,Portugal,4704,0,0,D,Portugal,home,True,México,"2,0","50,0",,,,,"1,0","1,0","1,0",,,"4,0","3,0","3,0","1,0","1,0","0,0",,,,"11,0",,,"1,0","1,0","6,0","40,8","0,0","1,0",,,,,,"-0,02","0,04","0,24",,,,"0,0","21,0","9,0"
15437863,home,4-1-4-1,822606,Germán Berterame,G. Berterame,F,"19,0",False,Mexico,"6,4","30,0",0,0,0,0,0,"3,0","6,0","50,0","2,0","6,0",,0,0,,,2026-03-29 01:00:00,Int. Friendly Games,Mexico,4781,Portugal,4704,0,0,D,Portugal,home,True,México,"4,0","33,3","2,0","4,0","6,0","33,3",,,,,,"5,0","3,0","1,0",,"3,0","0,0",,,,"11,0",,,,,"4,0","33,0","0,0",,,,,,,"-0,01","0,0","-0,01",,,,"0,0","9,0","3,0"
15437863,home,4-1-4-1,1199256,Everardo López,E. López,D,"25,0",False,Mexico,"6,4","12,0",0,0,0,0,0,,,,,"2,0",,0,0,,,2026-03-29 01:00:00,Int. Friendly Games,Mexico,4781,Portugal,4704,0,0,D,Portugal,home,True,México,"2,0","0,0",,"1,0","1,0","0,0",,,,,,,,,,,"0,0",,,,"1,0",,,,,,"0,0",,,,,,,,,,,,,,"0,0","0,0","0,0"
15437863,home,4-1-4-1,1595162,Armando González,A. González,F,"34,0",False,Mexico,"6,3","12,0",0,0,0,1,0,,,,,"1,0",,0,0,,,2026-03-29 01:00:00,Int. Friendly Games,Mexico,4781,Portugal,4704,0,0,D,Portugal,home,True,México,"1,0","0,0",,,,,,,,,,,,,,,"1,0","1,0",,,"2,0",,,,,,"0,0",,,,,,,"-0,55",,,"-0,04",,"12,0",,"0,0","0,0","0,0"
15437863,home,4-1-4-1,15497,Guillermo Ochoa,G. Ochoa,G,"13,0",False,Mexico,,,0,0,0,0,0,,,,,,,0,0,,,2026-03-29 01:00:00,Int. Friendly Games,Mexico,4781,Portugal,4704,0,0,D,Portugal,home,True,México,,,,,,,,,,,,,,,,,"0,0",,,,,,,,,,,,,,,,,,,,,,,,,,
15437863,home,4-1-4-1,840519,Carlos Acevedo,C. Acevedo,G,"1,0",False,Mexico,,,0,0,0,0,0,,,,,,,0,0,,,2026-03-29 01:00:00,Int. Friendly Games,Mexico,4781,Portugal,4704,0,0,D,Portugal,home,True,México,,,,,,,,,,,,,,,,,"0,0",,,,,,,,,,,,,,,,,,,,,,,,,,
15437863,home,4-1-4-1,832868,Jorge Sánchez,J. Sánchez,D,"35,0",False,Mexico,,,0,0,0,0,0,,,,,,,0,0,,,2026-03-29 01:00:00,Int. Friendly Games,Mexico,4781,Portugal,4704,0,0,D,Portugal,home,True,México,,,,,,,,,,,,,,,,,"0,0",,,,,,,,,,,,,,,,,,,,,,,,,,
15437863,home,4-1-4-1,869277,Jesús Angulo,J. Angulo,D,"27,0",False,Mexico,,,0,0,0,0,0,,,,,,,0,0,,,2026-03-29 01:00:00,Int. Friendly Games,Mexico,4781,Portugal,4704,0,0,D,Portugal,home,True,México,,,,,,,,,,,,,,,,,"0,0",,,,,,,,,,,,,,,,,,,,,,,,,,
15437863,home,4-1-4-1,850404,Orbelín Pineda,O. Pineda,M,"13,0",False,Mexico,,,0,0,0,0,0,,,,,,,0,0,,,2026-03-29 01:00:00,Int. Friendly Games,Mexico,4781,Portugal,4704,0,0,D,Portugal,home,True,México,,,,,,,,,,,,,,,,,"0,0",,,,,,,,,,,,,,,,,,,,,,,,,,
15437863,home,4-1-4-1,1192342,Denzell Garcia,D. Garcia,M,"5,0",False,Mexico,,,0,0,0,0,0,,,,,,,0,0,,,2026-03-29 01:00:00,Int. Friendly Games,Mexico,4781,Portugal,4704,0,0,D,Portugal,home,True,México,,,,,,,,,,,,,,,,,"0,0",,,,,,,,,,,,,,,,,,,,,,,,,,
15437863,home,4-1-4-1,815637,Alexis Vega,A. Vega,M,"9,0",False,Mexico,,,0,0,0,0,0,,,,,,,0,0,,,2026-03-29 01:00:00,Int. Friendly Games,Mexico,4781,Portugal,4704,0,0,D,Portugal,home,True,México,,,,,,,,,,,,,,,,,"0,0",,,,,,,,,,,,,,,,,,,,,,,,,,
15437863,home,4-1-4-1,795282,Guillermo Martínez,G. Martínez,F,"9,0",False,Mexico,,,0,0,0,0,0,,,,,,,0,0,,,2026-03-29 01:00:00,Int. Friendly Games,Mexico,4781,Portugal,4704,0,0,D,Portugal,home,True,México,,,,,,,,,,,,,,,,,"0,0",,,,,,,,,,,,,,,,,,,,,,,,,,
15362811,home,4-1-4-1,990408,Raúl Rangel,R. Rangel,G,"1,0",True,Mexico,"7,3","90,0",0,0,0,0,0,"28,0","36,0","77,8",,,,0,0,,,2026-02-26 02:00:00,Int. Friendly Games,Mexico,4781,Iceland,4708,4,0,W,Iceland,home,True,México,,,,,,,,,"14,0","6,0",,"7,0","1,0","8,0","2,0","9,0","0,0",,,,"44,0",,,,,"10,0","60,5","0,0",,,,"2,0",,,,,,,,,"0,0","28,0","8,0"
15362811,home,4-1-4-1,985176,Richard Ledezma,R. Ledezma,M,"37,0",True,Mexico,"7,7","66,0",1,0,1,0,1,"31,0","34,0","91,2","2,0","3,0",,0,0,,,2026-02-26 02:00:00,Int. Friendly Games,Mexico,4781,Iceland,4708,4,0,W,Iceland,home,True,México,"1,0","66,7","2,0",,"2,0","100,0",,,"1,0",,"3,0","24,0","22,0","2,0",,"5,0","2,0",,"1,0",,"47,0",,,,,"8,0","64,7","1,0","1,0",,,,,,,,,,"33,0","66,0","1,36","42,3","2,7"
15362811,home,4-1-4-1,989236,Israel Reyes,I. Reyes,D,"3,0",True,Mexico,"7,6","90,0",0,0,0,0,1,"75,0","85,0","88,2","6,0","7,0","2,0",0,0,,,2026-02-26 02:00:00,Int. Friendly Games,Mexico,4781,Iceland,4708,4,0,W,Iceland,home,True,México,"1,0","85,7","4,0","1,0","5,0","80,0","1,0","1,0","13,0","6,0",,"45,0","36,0","1,0","2,0","10,0","0,0",,,,"94,0",,,,,"34,0","214,5","1,0",,"1,0",,,,,,,,,,,"0,0","75,0","1,0"
15362811,home,4-1-4-1,1199256,Everardo López,E. López,D,"25,0",True,Mexico,"6,7","90,0",0,0,0,0,0,"71,0","80,0","88,8","3,0","6,0","2,0",0,0,,,2026-02-26 02:00:00,Int. Friendly Games,Mexico,4781,Iceland,4708,4,0,W,Iceland,home,True,México,"3,0","50,0","3,0","1,0","4,0","75,0",,,"7,0","2,0",,"31,0","24,0","1,0","2,0","10,0","0,0",,,,"87,0","1,0",,,,"34,0","213,9","0,0","1,0",,,,,,,,,,,,"0,0","71,0","1,0"
15362811,home,4-1-4-1,770253,Jesús Gallardo,J. Gallardo,D,"20,0",True,Mexico,"8,9","90,0",1,0,1,0,5,"52,0","63,0","82,5","3,0","10,0","3,0",0,0,,,2026-02-26 02:00:00,Int. Friendly Games,Mexico,4781,Iceland,4708,4,0,W,Iceland,home,True,México,"7,0","30,0","2,0","3,0","5,0","40,0","1,0","1,0","7,0","2,0","5,0","41,0","35,0","5,0","2,0","15,0","1,0",,"1,0",,"90,0","1,0",,,,"10,0","65,7","0,0","3,0",,"1,0",,,,,,,,"90,0","90,0","1,0","52,0","5,0"
15362811,home,4-1-4-1,944068,Erik Lira,E. Lira,D,"6,0",True,Mexico,"7,2","66,0",0,0,1,1,0,"48,0","52,0","92,3","2,0","4,0","1,0",0,0,,,2026-02-26 02:00:00,Int. Friendly Games,Mexico,4781,Iceland,4708,4,0,W,Iceland,home,True,México,"2,0","50,0",,"1,0","1,0","0,0","1,0","1,0","7,0","6,0",,"26,0","23,0","9,0",,"6,0","2,0","1,0",,,"60,0","2,0",,"1,0","1,0","12,0","80,4","0,0","1,0",,,,,,,,,,"33,0","66,0","0,0","65,5","12,3"
15362811,home,4-1-4-1,865500,Roberto Alvarado,R. Alvarado,F,"25,0",True,Mexico,"7,2","57,0",0,0,1,1,2,"20,0","24,0","83,3","2,0","3,0",,0,0,,,2026-02-26 02:00:00,Int. Friendly Games,Mexico,4781,Iceland,4708,4,0,W,Iceland,home,True,México,"1,0","66,7",,,,,,,,,"1,0","17,0","14,0",,,"6,0","3,0",,,,"33,0",,"1,0",,,"10,0","63,6","0,0",,"2,0",,,,,,,,,"19,0","57,0","0,0","31,6","0,0"
15362811,home,4-1-4-1,942167,Marcel Ruíz,M. Ruíz,M,"14,0",True,Mexico,"6,6","58,0",0,0,0,2,0,"22,0","26,0","84,6","2,0","3,0","1,0",0,0,,,2026-02-26 02:00:00,Int. Friendly Games,Mexico,4781,Iceland,4708,4,0,W,Iceland,home,True,México,"1,0","66,7",,,,,,,,,,"20,0","16,0","2,0",,"5,0","3,0","1,0",,,"35,0","1,0",,,,"10,0","54,2","0,0","1,0","2,0",,,,,,,,,"19,3",,"0,0","34,1","3,1"
15362811,home,4-1-4-1,1023088,Brian Gutiérrez,B. Gutiérrez,M,"11,0",True,Mexico,"8,1","90,0",1,0,3,1,5,"32,0","35,0","91,4","5,0","8,0",,0,0,,,2026-02-26 02:00:00,Int. Friendly Games,Mexico,4781,Iceland,4708,4,0,W,Iceland,home,True,México,"3,0","62,5","1,0",,"1,0","100,0","2,0","2,0",,,"6,0","30,0","27,0","3,0",,"10,0","7,0","3,0","1,0",,"62,0",,"2,0","3,0","2,0","17,0","176,1","6,0",,,"1,0",,,,,,,,"12,9","30,0","1,0","32,0","3,0"
15362811,home,4-1-4-1,931736,Efrain Alvarez,E. Alvarez,F,"10,0",True,Mexico,"6,8","57,0",0,0,0,0,1,"28,0","32,0","87,5","2,0","2,0",,0,0,,,2026-02-26 02:00:00,Int. Friendly Games,Mexico,4781,Iceland,4708,4,0,W,Iceland,home,True,México,,"100,0",,,,,"1,0",,"3,0","1,0","2,0","26,0","23,0",,"1,0","7,0","0,0",,,,"40,0","1,0",,"1,0","1,0","8,0","33,1","0,0",,,,,,,,,,,,,"0,0","44,2","0,0"
15362811,home,4-1-4-1,1595162,Armando González,A. González,F,"34,0",True,Mexico,"8,2","66,0",1,1,3,1,1,"6,0","7,0","85,7","3,0","8,0",,0,0,,,2026-02-26 02:00:00,Int. Friendly Games,Mexico,4781,Iceland,4708,4,0,W,Iceland,home,True,México,"5,0","37,5",,"5,0","5,0","0,0",,,,,,"4,0","4,0","1,0",,"4,0","4,0","1,0","1,0",,"17,0","3,0",,"1,0","1,0","5,0","26,1","0,0",,"2,0","3,0",,,,,,,,"16,5","22,0","2,73","8,2","1,4"
15362811,home,4-1-4-1,905247,Alexis Gutiérrez,A. Gutiérrez,M,"20,0",False,Mexico,"7,0","33,0",0,1,0,0,1,"14,0","16,0","87,5",,,,0,0,,,2026-02-26 02:00:00,Int. Friendly Games,Mexico,4781,Iceland,4708,4,0,W,Iceland,home,True,México,,,,,,,,,"1,0","1,0","1,0","14,0","12,0",,,"2,0","0,0",,,,"19,0",,,,,"8,0","65,4","1,0",,,,,,,,,,,,,"2,73","38,2","0,0"
15362811,home,4-1-4-1,845849,Carlos Rodríguez,C. Rodríguez,M,"19,0",False,Mexico,"6,9","33,0",0,0,0,1,0,"23,0","25,0","92,0","3,0","4,0",,0,0,,,2026-02-26 02:00:00,Int. Friendly Games,Mexico,4781,Iceland,4708,4,0,W,Iceland,home,True,México,"1,0","75,0","1,0",,"1,0","100,0","2,0","2,0",,,,"15,0","13,0","3,0",,"3,0","1,0",,,,"29,0",,,,,"9,0","59,3","1,0",,,,,,,,,,,"33,0",,"0,0","62,7","8,2"
15362811,home,4-1-4-1,845322,Erick Sánchez,E. Sánchez,M,"28,0",False,Mexico,"6,8","32,0",0,0,0,0,0,"7,0","9,0","77,8","3,0","5,0",,0,0,,,2026-02-26 02:00:00,Int. Friendly Games,Mexico,4781,Iceland,4708,4,0,W,Iceland,home,True,México,"2,0","60,0",,"1,0","1,0","0,0",,,,,,"7,0","5,0","2,0",,"2,0","0,0",,,,"12,0",,,"1,0","1,0","3,0","17,6","0,0",,"2,0",,,,,,,,,,,"0,0","19,7","5,6"
15362811,home,4-1-4-1,991427,Jesus Garza,J. Garza,D,"14,0",False,Mexico,"6,8","24,0",0,0,0,0,0,"10,0","12,0","83,3","2,0","2,0",,0,0,,,2026-02-26 02:00:00,Int. Friendly Games,Mexico,4781,Iceland,4708,4,0,W,Iceland,home,True,México,,"100,0",,,,,"2,0","1,0","2,0","1,0","1,0","8,0","7,0","1,0",,"3,0","0,0",,,,"17,0","1,0",,,,"3,0","20,1","0,0",,,,,,,,,,,,,"0,0","37,5","3,8"
15362811,home,4-1-4-1,990399,Diego Campillo,D. Campillo,D,"19,0",False,Mexico,"6,6","24,0",0,0,0,0,0,"20,0","20,0","100,0",,,,0,0,,,2026-02-26 02:00:00,Int. Friendly Games,Mexico,4781,Iceland,4708,4,0,W,Iceland,home,True,México,,,,,,,,,,,,"11,0","11,0","1,0",,"1,0","0,0",,,,"21,0",,,,,"7,0","29,9","0,0",,,,,,,,,,,,,"0,0","75,0","3,8"
15362811,home,4-1-4-1,795282,Guillermo Martínez,G. Martínez,F,"9,0",False,Mexico,"6,3","24,0",0,0,1,0,0,"3,0","6,0","50,0","1,0","2,0",,0,0,,,2026-02-26 02:00:00,Int. Friendly Games,Mexico,4781,Iceland,4708,4,0,W,Iceland,home,True,México,"1,0","50,0","1,0","1,0","2,0","50,0",,,"2,0",,"1,0","4,0","2,0",,,"4,0","1,0","1,0",,,"8,0",,,,,"2,0","12,6","1,0",,,,,,,,,,,"24,0","24,0","0,0","11,2","0,0"
15362811,home,4-1-4-1,830240,Luis Malagón,L. Malagón,G,"1,0",False,Mexico,,,0,0,0,0,0,,,,,,,0,0,,,2026-02-26 02:00:00,Int. Friendly Games,Mexico,4781,Iceland,4708,4,0,W,Iceland,home,True,México,,,,,,,,,,,,,,,,,"0,0",,,,,,,,,,,,,,,,,,,,,,,,,,
15362811,home,4-1-4-1,840519,Carlos Acevedo,C. Acevedo,G,"1,0",False,Mexico,,,0,0,0,0,0,,,,,,,0,0,,,2026-02-26 02:00:00,Int. Friendly Games,Mexico,4781,Iceland,4708,4,0,W,Iceland,home,True,México,,,,,,,,,,,,,,,,,"0,0",,,,,,,,,,,,,,,,,,,,,,,,,,
15362811,home,4-1-4-1,1002375,Victor Guzmán,V. Guzmán,D,"4,0",False,Mexico,,,0,0,0,0,0,,,,,,,0,0,,,2026-02-26 02:00:00,Int. Friendly Games,Mexico,4781,Iceland,4708,4,0,W,Iceland,home,True,México,,,,,,,,,,,,,,,,,"0,0",,,,,,,,,,,,,,,,,,,,,,,,,,
15362811,home,4-1-4-1,1192342,Denzell Garcia,D. Garcia,M,"5,0",False,Mexico,,,0,0,0,0,0,,,,,,,0,0,,,2026-02-26 02:00:00,Int. Friendly Games,Mexico,4781,Iceland,4708,4,0,W,Iceland,home,True,México,,,,,,,,,,,,,,,,,"0,0",,,,,,,,,,,,,,,,,,,,,,,,,,
15362810,away,4-3-3,990408,Raúl Rangel,R. Rangel,G,"1,0",True,Mexico,"7,6","90,0",0,0,0,0,0,"29,0","34,0","85,3",,,,0,0,,,2026-01-25 19:30:00,Int. Friendly Games,Bolivia,4746,Mexico,4781,0,1,W,Bolivia,away,True,México,,,,,,,,,"11,0","6,0",,"7,0","3,0","11,0",,"5,0","0,0",,,,"44,0",,,,,"7,0","47,6","0,0",,,,"4,0",,,,,,,,,"0,0","29,0","11,0"
15362810,away,4-3-3,832868,Jorge Sánchez,J. Sánchez,D,"35,0",True,Mexico,"7,7","58,0",0,0,0,0,0,"20,0","24,0","83,3","8,0","9,0",,0,0,,,2026-01-25 19:30:00,Int. Friendly Games,Bolivia,4746,Mexico,4781,0,1,W,Bolivia,away,True,México,"1,0","88,9",,,,,"8,0","7,0","5,0","3,0","2,0","8,0","7,0","2,0","1,0","5,0","0,0",,,,"44,0",,,,,"6,0","23,1","0,0","1,0",,,,,,,,,,,,"0,0","31,0","3,1"
15362810,away,4-3-3,989236,Israel Reyes,I. Reyes,D,"3,0",True,Mexico,"6,8","33,0",0,0,0,0,0,"31,0","33,0","93,9","1,0","1,0",,0,0,,,2026-01-25 19:30:00,Int. Friendly Games,Bolivia,4746,Mexico,4781,0,1,W,Bolivia,away,True,México,,"100,0",,,,,"1,0","1,0","2,0","2,0",,"7,0","7,0","2,0",,"2,0","0,0",,,,"34,0",,,,,"7,0","66,0","1,0",,,,,,,,,,,,,"0,0","84,5","5,5"
15362810,away,4-3-3,1199256,Everardo López,E. López,D,"25,0",True,Mexico,"7,9","90,0",0,1,0,0,1,"53,0","55,0","96,4","3,0","3,0",,0,0,,,2026-01-25 19:30:00,Int. Friendly Games,Bolivia,4746,Mexico,4781,0,1,W,Bolivia,away,True,México,,"100,0","1,0",,"1,0","100,0","2,0","2,0","7,0","7,0",,"14,0","13,0","1,0","3,0","3,0","0,0",,"1,0",,"63,0",,,,,"16,0","121,4","0,0",,,,,,,,,,,,,"1,0","53,0","1,0"
15362810,away,4-3-3,770253,Jesús Gallardo,J. Gallardo,D,"20,0",True,Mexico,"6,8","90,0",0,0,0,0,0,"32,0","41,0","78,0","2,0","8,0","2,0",0,0,,,2026-01-25 19:30:00,Int. Friendly Games,Bolivia,4746,Mexico,4781,0,1,W,Bolivia,away,True,México,"6,0","25,0",,"1,0","1,0","0,0","1,0","1,0","4,0","2,0","1,0","14,0","10,0","1,0","1,0","17,0","0,0",,,,"61,0","2,0","3,0",,,"15,0","119,1","0,0","1,0","1,0",,,,,,,,,,,"0,0","32,0","1,0"
15362810,away,4-3-3,845849,Carlos Rodríguez,C. Rodríguez,M,"19,0",True,Mexico,"6,4","90,0",0,0,1,1,0,"25,0","30,0","83,3",,"1,0",,0,0,,,2026-01-25 19:30:00,Int. Friendly Games,Bolivia,4746,Mexico,4781,0,1,W,Bolivia,away,True,México,"1,0","0,0",,,,,,,"3,0","2,0","1,0","15,0","12,0","1,0",,"7,0","2,0","1,0",,,"34,0",,"1,0",,,"3,0","17,7","0,0",,,,,,,,,,,"45,0","90,0","0,0","25,0","1,0"
15362810,away,4-3-3,944068,Erik Lira,E. Lira,D,"6,0",True,Mexico,"6,9","90,0",0,0,0,0,0,"43,0","52,0","82,7","5,0","11,0","1,0",0,0,,,2026-01-25 19:30:00,Int. Friendly Games,Bolivia,4746,Mexico,4781,0,1,W,Bolivia,away,True,México,"6,0","45,5","3,0",,"3,0","100,0","2,0","2,0","4,0","2,0",,"18,0","11,0","6,0","2,0","11,0","0,0",,,,"65,0","1,0","1,0",,,"15,0","97,5","1,0","3,0",,,,,,,,,,,,"0,0","43,0","6,0"
15362810,away,4-3-3,942167,Marcel Ruíz,M. Ruíz,M,"14,0",True,Mexico,"7,0","74,0",0,0,0,0,0,"17,0","17,0","100,0","7,0","9,0",,0,0,,,2026-01-25 19:30:00,Int. Friendly Games,Bolivia,4746,Mexico,4781,0,1,W,Bolivia,away,True,México,"2,0","77,8","1,0",,"1,0","100,0","1,0","1,0","3,0","3,0",,"7,0","7,0","3,0","1,0","2,0","0,0",,,,"27,0","1,0","1,0",,,"8,0","52,5","0,0","1,0","5,0",,,,,,,,,,,"0,0","20,7","3,6"
15362810,away,4-3-3,874535,Diego Lainez,D. Lainez,M,"16,0",True,Mexico,"6,3","57,0",0,0,0,0,0,"8,0","13,0","61,5","3,0","10,0",,0,0,,,2026-01-25 19:30:00,Int. Friendly Games,Bolivia,4746,Mexico,4781,0,1,W,Bolivia,away,True,México,"7,0","30,0",,,,,"1,0",,,,,"9,0","5,0","1,0",,"12,0","0,0",,,,"25,0","3,0","4,0",,,"8,0","51,0","0,0","2,0","2,0",,,,,,,,,,,"0,0","12,6","1,6"
15362810,away,4-3-3,1595162,Armando González,A. González,F,"34,0",True,Mexico,"6,7","57,0",0,0,0,0,1,"7,0","13,0","53,8","3,0","5,0",,0,0,,,2026-01-25 19:30:00,Int. Friendly Games,Bolivia,4746,Mexico,4781,0,1,W,Bolivia,away,True,México,"2,0","60,0","3,0",,"3,0","100,0",,,,,"2,0","9,0","3,0",,,"11,0","0,0",,"1,0",,"19,0","2,0","2,0",,,"4,0","18,8","0,0",,,,,,,,,,,,,"0,0","11,1","0,0"
15362810,away,4-3-3,942708,Kevin Castañeda,K. Castañeda,M,"10,0",True,Mexico,"6,5","74,0",0,0,0,0,0,"6,0","10,0","60,0","2,0","4,0",,0,0,,,2026-01-25 19:30:00,Int. Friendly Games,Bolivia,4746,Mexico,4781,0,1,W,Bolivia,away,True,México,"2,0","50,0","1,0",,"1,0","100,0",,,,,"5,0","8,0","4,0","1,0",,"8,0","0,0",,,,"17,0",,"1,0",,,"6,0","36,2","0,0",,"1,0",,,,,,,,,,,"0,0","7,3","1,2"
15362810,away,4-3-3,993076,Ramón Juárez,R. Juárez,D,"29,0",False,Mexico,"6,7","57,0",0,0,0,0,0,"20,0","22,0","90,9","1,0","4,0","1,0",0,0,,,2026-01-25 19:30:00,Int. Friendly Games,Bolivia,4746,Mexico,4781,0,1,W,Bolivia,away,True,México,"3,0","25,0",,"1,0","1,0","0,0","1,0","1,0","3,0","2,0",,"4,0","2,0",,"1,0","2,0","0,0",,,,"26,0",,,,,"7,0","85,3","1,0","1,0",,,,,,,,,,,,"0,0","31,6","0,0"
15362810,away,4-3-3,905247,Alexis Gutiérrez,A. Gutiérrez,M,"20,0",False,Mexico,"6,6","33,0",0,0,0,0,0,"6,0","8,0","75,0","2,0","2,0","1,0",0,0,,,2026-01-25 19:30:00,Int. Friendly Games,Bolivia,4746,Mexico,4781,0,1,W,Bolivia,away,True,México,,"100,0","1,0",,"1,0","100,0",,,"1,0","1,0","1,0","3,0","3,0",,,"4,0","0,0",,,,"12,0","1,0",,,,"6,0","54,0","0,0",,"1,0",,,,,,,,,,,"0,0","16,4","0,0"
15362810,away,4-3-3,822606,Germán Berterame,G. Berterame,F,"19,0",False,Mexico,"7,1","33,0",1,0,1,0,0,"2,0","4,0","50,0","2,0","4,0",,0,0,,,2026-01-25 19:30:00,Int. Friendly Games,Bolivia,4746,Mexico,4781,0,1,W,Bolivia,away,True,México,"2,0","50,0","1,0",,"1,0","100,0",,,,,,"1,0","1,0","1,0",,"4,0","1,0",,,,"8,0","1,0","1,0",,,"2,0","11,5","0,0","1,0","1,0","2,0",,,,,,,,"33,0","33,0","2,73","5,5","2,7"
15362810,away,4-3-3,1192342,Denzell Garcia,D. Garcia,M,"5,0",False,Mexico,"6,5","32,0",0,0,0,0,0,"10,0","10,0","100,0",,,,0,0,,,2026-01-25 19:30:00,Int. Friendly Games,Bolivia,4746,Mexico,4781,0,1,W,Bolivia,away,True,México,,,,,,,,,,,"1,0","1,0","1,0",,,"1,0","0,0",,,,"14,0",,,,,"3,0","34,2","1,0",,,,,,,,,,,,,"0,0","28,1","0,0"
15362810,away,4-3-3,1172773,Luis Romo,L. Romo,D,"7,0",False,Mexico,"6,5","16,0",0,0,0,0,0,"13,0","14,0","92,9",,"1,0",,0,0,,,2026-01-25 19:30:00,Int. Friendly Games,Bolivia,4746,Mexico,4781,0,1,W,Bolivia,away,True,México,"1,0","0,0",,,,,,,,,,"1,0","1,0",,"1,0","1,0","0,0",,,,"16,0",,,,,"3,0","20,0","0,0","1,0",,,,,,,,,,,,"0,0","73,1","0,0"
15362810,away,4-3-3,1023088,Brian Gutiérrez,B. Gutiérrez,M,"11,0",False,Mexico,"6,8","16,0",0,0,0,0,0,"5,0","7,0","71,4","4,0","6,0",,0,0,,,2026-01-25 19:30:00,Int. Friendly Games,Bolivia,4746,Mexico,4781,0,1,W,Bolivia,away,True,México,"2,0","66,7","1,0",,"1,0","100,0","2,0","2,0",,,,"4,0","3,0","1,0",,"3,0","0,0",,,,"11,0",,"1,0","1,0","1,0","2,0","19,5","0,0","1,0",,,,,,,,,,,,"0,0","28,1","5,6"
15362810,away,4-3-3,830240,Luis Malagón,L. Malagón,G,"1,0",False,Mexico,,,0,0,0,0,0,,,,,,,0,0,,,2026-01-25 19:30:00,Int. Friendly Games,Bolivia,4746,Mexico,4781,0,1,W,Bolivia,away,True,México,,,,,,,,,,,,,,,,,"0,0",,,,,,,,,,,,,,,,,,,,,,,,,,
15362810,away,4-3-3,840519,Carlos Acevedo,C. Acevedo,G,"1,0",False,Mexico,,,0,0,0,0,0,,,,,,,0,0,,,2026-01-25 19:30:00,Int. Friendly Games,Bolivia,4746,Mexico,4781,0,1,W,Bolivia,away,True,México,,,,,,,,,,,,,,,,,"0,0",,,,,,,,,,,,,,,,,,,,,,,,,,
15362810,away,4-3-3,1392153,Eduardo Águila,E. Águila,D,"31,0",False,Mexico,,,0,0,0,0,0,,,,,,,0,0,,,2026-01-25 19:30:00,Int. Friendly Games,Bolivia,4746,Mexico,4781,0,1,W,Bolivia,away,True,México,,,,,,,,,,,,,,,,,"0,0",,,,,,,,,,,,,,,,,,,,,,,,,,
15362810,away,4-3-3,1002384,Bryan González,B. González,D,"5,0",False,Mexico,,,0,0,0,0,0,,,,,,,0,0,,,2026-01-25 19:30:00,Int. Friendly Games,Bolivia,4746,Mexico,4781,0,1,W,Bolivia,away,True,México,,,,,,,,,,,,,,,,,"0,0",,,,,,,,,,,,,,,,,,,,,,,,,,
15362810,away,4-3-3,1002375,Victor Guzmán,V. Guzmán,D,"4,0",False,Mexico,,,0,0,0,0,0,,,,,,,0,0,,,2026-01-25 19:30:00,Int. Friendly Games,Bolivia,4746,Mexico,4781,0,1,W,Bolivia,away,True,México,,,,,,,,,,,,,,,,,"0,0",,,,,,,,,,,,,,,,,,,,,,,,,,
15362810,away,4-3-3,985176,Richard Ledezma,R. Ledezma,M,"37,0",False,Mexico,,,0,0,0,0,0,,,,,,,0,0,,,2026-01-25 19:30:00,Int. Friendly Games,Bolivia,4746,Mexico,4781,0,1,W,Bolivia,away,True,México,,,,,,,,,,,,,,,,,"0,0",,,,,,,,,,,,,,,,,,,,,,,,,,
15362810,away,4-3-3,1523678,Iker Fimbres,I. Fimbres,M,"35,0",False,Mexico,,,0,0,0,0,0,,,,,,,0,0,,,2026-01-25 19:30:00,Int. Friendly Games,Bolivia,4746,Mexico,4781,0,1,W,Bolivia,away,True,México,,,,,,,,,,,,,,,,,"0,0",,,,,,,,,,,,,,,,,,,,,,,,,,
15362810,away,4-3-3,1119345,Obed Vargas,O. Vargas,M,"21,0",False,Mexico,,,0,0,0,0,0,,,,,,,0,0,,,2026-01-25 19:30:00,Int. Friendly Games,Bolivia,4746,Mexico,4781,0,1,W,Bolivia,away,True,México,,,,,,,,,,,,,,,,,"0,0",,,,,,,,,,,,,,,,,,,,,,,,,,
15362810,away,4-3-3,865500,Roberto Alvarado,R. Alvarado,F,"25,0",False,Mexico,,,0,0,0,0,0,,,,,,,0,0,,,2026-01-25 19:30:00,Int. Friendly Games,Bolivia,4746,Mexico,4781,0,1,W,Bolivia,away,True,México,,,,,,,,,,,,,,,,,"0,0",,,,,,,,,,,,,,,,,,,,,,,,,,
15362810,away,4-3-3,134449,Ángel Sepúlveda,Á. Sepúlveda,F,"20,0",False,Mexico,,,0,0,0,0,0,,,,,,,0,0,,,2026-01-25 19:30:00,Int. Friendly Games,Bolivia,4746,Mexico,4781,0,1,W,Bolivia,away,True,México,,,,,,,,,,,,,,,,,"0,0",,,,,,,,,,,,,,,,,,,,,,,,,,
15362809,away,4-3-3,990408,Raúl Rangel,R. Rangel,G,"1,0",True,Mexico,"7,0","90,0",0,0,0,0,0,"32,0","34,0","94,1","1,0","1,0",,0,0,,,2026-01-23 01:00:00,Int. Friendly Games,Panama,5164,Mexico,4781,0,1,W,Panama,away,True,México,,"100,0",,,,,,,"3,0","1,0",,"3,0","1,0","11,0","2,0","2,0","0,0",,,,"38,0",,,,,"6,0","27,2","0,0",,"1,0",,"1,0",,,,,,,,,"0,0","32,0","11,0"
15362809,away,4-3-3,985176,Richard Ledezma,R. Ledezma,M,"37,0",True,Mexico,"7,4","90,0",0,0,0,0,1,"52,0","58,0","89,7","3,0","7,0",,0,0,,,2026-01-23 01:00:00,Int. Friendly Games,Panama,5164,Mexico,4781,0,1,W,Panama,away,True,México,"4,0","42,9",,"1,0","1,0","0,0","1,0","1,0","2,0",,"5,0","43,0","37,0","3,0",,"12,0","0,0",,"1,0",,"76,0",,"2,0","1,0",,"11,0","68,2","0,0","1,0","2,0",,,,,,,,,,,"0,0","52,0","3,0"
15362809,away,4-3-3,1002375,Victor Guzmán,V. Guzmán,D,"4,0",True,Mexico,"7,6","90,0",0,0,0,1,0,"81,0","86,0","94,2","6,0","6,0","1,0",0,0,,,2026-01-23 01:00:00,Int. Friendly Games,Panama,5164,Mexico,4781,0,1,W,Panama,away,True,México,,"100,0","3,0",,"3,0","100,0","2,0","2,0","6,0","4,0",,"46,0","41,0","3,0",,"6,0","1,0",,,,"95,0","1,0",,"1,0","1,0","29,0","282,1","3,0",,,,,,,,,,,"90,0",,"0,0","81,0","3,0"
15362809,away,4-3-3,1392153,Eduardo Águila,E. Águila,D,"31,0",True,Mexico,"7,3","90,0",0,0,0,0,0,"86,0","94,0","91,5","5,0","8,0","1,0",0,0,,,2026-01-23 01:00:00,Int. Friendly Games,Panama,5164,Mexico,4781,0,1,W,Panama,away,True,México,"3,0","62,5","2,0","1,0","3,0","66,7","2,0","2,0","5,0","1,0",,"53,0","46,0","2,0","2,0","8,0","0,0",,,,"101,0",,,"1,0","1,0","30,0","261,0","1,0","2,0",,,,,,,,,,,,"0,0","86,0","2,0"
15362809,away,4-3-3,1002384,Bryan González,B. González,D,"5,0",True,Mexico,"7,5","85,0",0,0,0,0,1,"41,0","46,0","89,1","7,0","11,0","1,0",0,0,,,2026-01-23 01:00:00,Int. Friendly Games,Panama,5164,Mexico,4781,0,1,W,Panama,away,True,México,"4,0","63,6","3,0","1,0","4,0","75,0","2,0","2,0",,,"6,0","35,0","31,0","2,0","1,0","15,0","0,0",,"1,0",,"71,0","5,0",,,,"9,0","79,8","0,0","1,0","2,0","1,0",,,,,,,,,,"0,0","43,4","2,1"
15362809,away,4-3-3,1119345,Obed Vargas,O. Vargas,M,"21,0",True,Mexico,"7,0","57,0",0,0,0,0,0,"16,0","20,0","80,0","4,0","4,0",,0,0,,,2026-01-23 01:00:00,Int. Friendly Games,Panama,5164,Mexico,4781,0,1,W,Panama,away,True,México,,"100,0",,,,,"1,0","1,0","2,0","1,0",,"12,0","8,0","2,0",,"4,0","0,0",,,,"25,0",,,,,"6,0","46,5","0,0",,"3,0",,,,,,,,,,,"0,0","25,3","3,2"
15362809,away,4-3-3,1172773,Luis Romo,L. Romo,D,"7,0",True,Mexico,"7,2","90,0",0,0,0,0,0,"95,0","102,0","93,1","6,0","10,0",,0,0,,,2026-01-23 01:00:00,Int. Friendly Games,Panama,5164,Mexico,4781,0,1,W,Panama,away,True,México,"4,0","60,0","2,0","2,0","4,0","50,0","3,0","2,0","10,0","6,0",,"59,0","52,0","3,0","3,0","9,0","0,0",,,,"114,0","1,0",,"2,0","1,0","29,0","312,0","1,0","1,0",,,,,,,,,,,,"0,0","95,0","3,0"
15362809,away,4-3-3,942167,Marcel Ruíz,M. Ruíz,M,"14,0",True,Mexico,"7,0","67,0",0,0,0,0,1,"35,0","40,0","87,5","5,0","12,0",,0,0,,,2026-01-23 01:00:00,Int. Friendly Games,Panama,5164,Mexico,4781,0,1,W,Panama,away,True,México,"7,0","41,7","1,0","2,0","3,0","33,3","3,0","3,0","2,0","1,0","1,0","30,0","25,0","3,0","2,0","8,0","0,0",,,,"51,0","1,0","1,0",,,"5,0","34,8","0,0","4,0","1,0","1,0",,,,,,,,,,"0,0","47,0","4,0"
15362809,away,4-3-3,865500,Roberto Alvarado,R. Alvarado,F,"25,0",True,Mexico,"7,0","57,0",0,0,0,0,1,"28,0","32,0","87,5","1,0","1,0",,0,0,,,2026-01-23 01:00:00,Int. Friendly Games,Panama,5164,Mexico,4781,0,1,W,Panama,away,True,México,,"100,0",,,,,"1,0",,"1,0","1,0","4,0","25,0","21,0","4,0",,"9,0","0,0",,,,"41,0","1,0",,,,"10,0","99,9","2,0",,,,,,,,,,,,,"0,0","44,2","6,3"
15362809,away,4-3-3,822606,Germán Berterame,G. Berterame,F,"19,0",True,Mexico,"6,7","67,0",0,0,1,2,0,"8,0","9,0","88,9","3,0","3,0",,0,0,,,2026-01-23 01:00:00,Int. Friendly Games,Panama,5164,Mexico,4781,0,1,W,Panama,away,True,México,,"100,0","1,0",,"1,0","100,0","1,0",,,,,"9,0","8,0","2,0",,"5,0","4,0","1,0",,,"20,0","4,0",,,,"4,0","31,6","0,0",,"1,0","1,0",,,,,,,,"16,8","67,0","0,0","10,7","2,7"
15362809,away,4-3-3,1023088,Brian Gutiérrez,B. Gutiérrez,M,"11,0",True,Mexico,"6,8","57,0",0,0,0,1,0,"19,0","24,0","79,2","1,0","3,0",,0,0,,,2026-01-23 01:00:00,Int. Friendly Games,Panama,5164,Mexico,4781,0,1,W,Panama,away,True,México,"2,0","33,3","1,0",,"1,0","100,0",,,"3,0","1,0","5,0","14,0","10,0","2,0","1,0","11,0","1,0",,,,"34,0",,,,,"2,0","9,3","0,0","2,0",,,,,,,,,,"57,0",,"0,0","30,0","3,2"
15362809,away,4-3-3,845849,Carlos Rodríguez,C. Rodríguez,M,"19,0",False,Mexico,"6,5","33,0",0,0,0,0,1,"40,0","44,0","90,9",,"3,0",,0,0,,,2026-01-23 01:00:00,Int. Friendly Games,Panama,5164,Mexico,4781,0,1,W,Panama,away,True,México,"3,0","0,0",,,,,,,"4,0","2,0",,"36,0","33,0",,,"8,0","0,0",,,,"50,0",,"2,0","1,0",,"22,0","143,0","0,0",,,,,,,,,,,,,"0,0","109,1","0,0"
15362809,away,4-3-3,905247,Alexis Gutiérrez,A. Gutiérrez,M,"20,0",False,Mexico,"6,7","33,0",0,0,0,0,1,"23,0","24,0","95,8",,"1,0",,0,0,,,2026-01-23 01:00:00,Int. Friendly Games,Panama,5164,Mexico,4781,0,1,W,Panama,away,True,México,"1,0","0,0",,,,,,,,,"2,0","23,0","22,0","2,0",,"3,0","0,0",,,,"29,0",,"1,0",,,"3,0","11,8","0,0",,,,,,,,,,,,,"0,0","62,7","5,5"
15362809,away,4-3-3,942708,Kevin Castañeda,K. Castañeda,M,"10,0",False,Mexico,"6,7","33,0",0,0,1,1,1,"19,0","21,0","90,5",,"1,0",,0,0,,,2026-01-23 01:00:00,Int. Friendly Games,Panama,5164,Mexico,4781,0,1,W,Panama,away,True,México,"1,0","0,0",,,,,,,"3,0","3,0","4,0","16,0","14,0",,"1,0","3,0","2,0","1,0",,,"30,0",,,,,"3,0","12,5","0,0","1,0",,,,,,,,,,"16,5","33,0","0,0","51,8","0,0"
15362809,away,4-3-3,944068,Erik Lira,E. Lira,D,"6,0",False,Mexico,"6,5","23,0",0,0,0,0,0,"10,0","11,0","90,9","1,0","3,0",,0,0,,,2026-01-23 01:00:00,Int. Friendly Games,Panama,5164,Mexico,4781,0,1,W,Panama,away,True,México,"2,0","33,3",,,,,"1,0",,"1,0","1,0",,"5,0","4,0","2,0","1,0","2,0","0,0",,,,"14,0","1,0",,,,"4,0","44,3","0,0","1,0",,,,,,,,,,,,"0,0","39,1","7,8"
15362809,away,4-3-3,1595162,Armando González,A. González,F,"34,0",False,Mexico,"6,8","23,0",0,0,1,0,0,"4,0","4,0","100,0","1,0","1,0",,0,0,,,2026-01-23 01:00:00,Int. Friendly Games,Panama,5164,Mexico,4781,0,1,W,Panama,away,True,México,,"100,0",,,,,"1,0","1,0",,,,"2,0","2,0","2,0",,"1,0","1,0",,,,"7,0","1,0",,,,"2,0","21,8","0,0",,,,,,,,,,,"23,0","23,0","0,0","15,7","7,8"
15362809,away,4-3-3,770253,Jesús Gallardo,J. Gallardo,D,"20,0",False,Mexico,"6,6","10,0",0,0,0,0,0,"7,0","9,0","77,8",,"2,0",,0,0,,,2026-01-23 01:00:00,Int. Friendly Games,Panama,5164,Mexico,4781,0,1,W,Panama,away,True,México,"2,0","0,0",,"2,0","2,0","0,0",,,,,,"9,0","7,0",,"1,0","2,0","0,0",,,,"10,0",,,,,"1,0","23,3","0,0",,,"1,0",,,,,,,,,,"0,0","63,0","0,0"
15362809,away,4-3-3,840519,Carlos Acevedo,C. Acevedo,G,"1,0",False,Mexico,,,0,0,0,0,0,,,,,,,0,0,,,2026-01-23 01:00:00,Int. Friendly Games,Panama,5164,Mexico,4781,0,1,W,Panama,away,True,México,,,,,,,,,,,,,,,,,"0,0",,,,,,,,,,,,,,,,,,,,,,,,,,
15362809,away,4-3-3,830240,Luis Malagón,L. Malagón,G,"1,0",False,Mexico,,,0,0,0,0,0,,,,,,,0,0,,,2026-01-23 01:00:00,Int. Friendly Games,Panama,5164,Mexico,4781,0,1,W,Panama,away,True,México,,,,,,,,,,,,,,,,,"0,0",,,,,,,,,,,,,,,,,,,,,,,,,,
15362809,away,4-3-3,1199256,Everardo López,E. López,D,"25,0",False,Mexico,,,0,0,0,0,0,,,,,,,0,0,,,2026-01-23 01:00:00,Int. Friendly Games,Panama,5164,Mexico,4781,0,1,W,Panama,away,True,México,,,,,,,,,,,,,,,,,"0,0",,,,,,,,,,,,,,,,,,,,,,,,,,
15362809,away,4-3-3,989236,Israel Reyes,I. Reyes,D,"3,0",False,Mexico,,,0,0,0,0,0,,,,,,,0,0,,,2026-01-23 01:00:00,Int. Friendly Games,Panama,5164,Mexico,4781,0,1,W,Panama,away,True,México,,,,,,,,,,,,,,,,,"0,0",,,,,,,,,,,,,,,,,,,,,,,,,,
15362809,away,4-3-3,993076,Ramón Juárez,R. Juárez,D,"29,0",False,Mexico,,,0,0,0,0,0,,,,,,,0,0,,,2026-01-23 01:00:00,Int. Friendly Games,Panama,5164,Mexico,4781,0,1,W,Panama,away,True,México,,,,,,,,,,,,,,,,,"0,0",,,,,,,,,,,,,,,,,,,,,,,,,,
15362809,away,4-3-3,832868,Jorge Sánchez,J. Sánchez,D,"35,0",False,Mexico,,,0,0,0,0,0,,,,,,,0,0,,,2026-01-23 01:00:00,Int. Friendly Games,Panama,5164,Mexico,4781,0,1,W,Panama,away,True,México,,,,,,,,,,,,,,,,,"0,0",,,,,,,,,,,,,,,,,,,,,,,,,,
15362809,away,4-3-3,1523678,Iker Fimbres,I. Fimbres,M,"35,0",False,Mexico,,,0,0,0,0,0,,,,,,,0,0,,,2026-01-23 01:00:00,Int. Friendly Games,Panama,5164,Mexico,4781,0,1,W,Panama,away,True,México,,,,,,,,,,,,,,,,,"0,0",,,,,,,,,,,,,,,,,,,,,,,,,,
15362809,away,4-3-3,874535,Diego Lainez,D. Lainez,M,"16,0",False,Mexico,,,0,0,0,0,0,,,,,,,0,0,,,2026-01-23 01:00:00,Int. Friendly Games,Panama,5164,Mexico,4781,0,1,W,Panama,away,True,México,,,,,,,,,,,,,,,,,"0,0",,,,,,,,,,,,,,,,,,,,,,,,,,
15362809,away,4-3-3,1192342,Denzell Garcia,D. Garcia,M,"5,0",False,Mexico,,,0,0,0,0,0,,,,,,,0,0,,,2026-01-23 01:00:00,Int. Friendly Games,Panama,5164,Mexico,4781,0,1,W,Panama,away,True,México,,,,,,,,,,,,,,,,,"0,0",,,,,,,,,,,,,,,,,,,,,,,,,,
15362809,away,4-3-3,134449,Ángel Sepúlveda,Á. Sepúlveda,F,"20,0",False,Mexico,,,0,0,0,0,0,,,,,,,0,0,,,2026-01-23 01:00:00,Int. Friendly Games,Panama,5164,Mexico,4781,0,1,W,Panama,away,True,México,,,,,,,,,,,,,,,,,"0,0",,,,,,,,,,,,,,,,,,,,,,,,,,
14994224,home,4-3-3,830240,Luis Malagón,L. Malagón,G,"1,0",True,Mexico,"7,5","90,0",0,0,0,0,0,"32,0","35,0","91,4","1,0","1,0",,0,0,,,2025-11-19 01:30:00,Int. Friendly Games,Mexico,4781,Paraguay,4789,1,2,L,Paraguay,home,True,México,,"100,0","1,0",,"1,0","100,0",,,"7,0","4,0",,"5,0","2,0","12,0","3,0","3,0","0,0",,,,"47,0",,,,,,"0,0",,,,,"5,0",,,,,,,,,"0,0","32,0","12,0"
14994224,home,4-3-3,989236,Israel Reyes,I. Reyes,D,"3,0",True,Mexico,"6,5","67,0",0,0,0,0,0,"27,0","32,0","84,4","1,0","7,0",,0,0,,,2025-11-19 01:30:00,Int. Friendly Games,Mexico,4781,Paraguay,4789,1,2,L,Paraguay,home,True,México,"6,0","14,3",,"3,0","3,0","0,0",,,"6,0","4,0",,"12,0","9,0",,"5,0","8,0","0,0",,,,"49,0","1,0","1,0","1,0","1,0",,"0,0",,"2,0",,,,,,,,,,,,"0,0","36,3","0,0"
14994224,home,4-3-3,847151,Edson Álvarez,E. Álvarez,M,"11,0",True,Mexico,"6,6","90,0",0,0,0,1,0,"86,0","93,0","92,5","4,0","4,0",,0,0,,,2025-11-19 01:30:00,Int. Friendly Games,Mexico,4781,Paraguay,4789,1,2,L,Paraguay,home,True,México,,"100,0",,,,,,,"9,0","2,0","1,0","36,0","30,0","7,0",,"8,0","1,0","1,0",,"1,0","100,0","1,0",,"1,0","1,0",,"0,0",,,"3,0",,,,,,,,,"90,0",,"0,0","86,0","7,0"
14994224,home,4-3-3,1088274,Jesús Orozco,J. Orozco,D,"5,0",True,Mexico,"6,6","60,0",0,0,1,0,0,"43,0","49,0","87,8","4,0","6,0",,0,0,,,2025-11-19 01:30:00,Int. Friendly Games,Mexico,4781,Paraguay,4789,1,2,L,Paraguay,home,True,México,"2,0","66,7","2,0","1,0","3,0","66,7",,,"3,0",,,"12,0","8,0",,"3,0","6,0","1,0",,,,"55,0",,,,,,"0,0",,"1,0","2,0",,,,,,,,,"60,0","60,0","0,0","64,5","0,0"
14994224,home,4-3-3,1638685,Mateo Chávez,M. Chávez,D,"15,0",True,Mexico,"6,2","60,0",0,0,0,0,0,"16,0","20,0","80,0","4,0","8,0",,0,0,,,2025-11-19 01:30:00,Int. Friendly Games,Mexico,4781,Paraguay,4789,1,2,L,Paraguay,home,True,México,"4,0","50,0",,"1,0","1,0","0,0","2,0","2,0","1,0",,"1,0","11,0","7,0",,"2,0","9,0","0,0",,,,"37,0","1,0","1,0","2,0",,,"0,0",,,"2,0",,,,,,,,,,,"0,0","24,0","0,0"
14994224,home,4-3-3,1914576,Gilberto Mora,G. Mora,M,"19,0",True,Mexico,"7,0","67,0",0,0,1,0,1,"22,0","24,0","91,7","3,0","8,0",,0,0,,,2025-11-19 01:30:00,Int. Friendly Games,Mexico,4781,Paraguay,4789,1,2,L,Paraguay,home,True,México,"5,0","37,5",,"2,0","2,0","0,0","1,0","1,0","1,0","1,0","2,0","15,0","13,0","2,0",,"6,0","1,0",,"1,0",,"34,0","1,0",,"2,0",,,"0,0",,"1,0","2,0",,,,,,,,,"67,0","67,0","0,0","29,6","2,7"
14994224,home,4-3-3,944068,Erik Lira,E. Lira,D,"6,0",True,Mexico,"6,5","90,0",0,0,0,0,0,"57,0","66,0","86,4","1,0","4,0",,0,0,,,2025-11-19 01:30:00,Int. Friendly Games,Mexico,4781,Paraguay,4789,1,2,L,Paraguay,home,True,México,"3,0","25,0","1,0","1,0","2,0","50,0",,,"10,0","6,0","1,0","35,0","28,0","5,0","2,0","13,0","0,0",,,,"76,0","2,0","1,0",,,,"0,0",,"1,0",,,,,,,,,,,,"0,0","57,0","5,0"
14994224,home,4-3-3,942167,Marcel Ruíz,M. Ruíz,M,"14,0",True,Mexico,"6,5","73,0",0,0,0,0,0,"24,0","30,0","80,0","4,0","10,0","1,0",0,0,,,2025-11-19 01:30:00,Int. Friendly Games,Mexico,4781,Paraguay,4789,1,2,L,Paraguay,home,True,México,"6,0","40,0",,"2,0","2,0","0,0","1,0","1,0","1,0",,,"13,0","9,0","2,0",,"7,0","0,0",,,,"39,0",,"1,0",,,,"0,0",,"3,0","3,0",,,,,,,,,,,"0,0","29,6","2,5"
14994224,home,4-3-3,1153541,Jorge Ruvalcaba,J. Ruvalcaba,M,"11,0",True,Mexico,"6,3","60,0",0,0,0,0,0,"4,0","6,0","66,7",,"4,0","1,0",0,0,,,2025-11-19 01:30:00,Int. Friendly Games,Mexico,4781,Paraguay,4789,1,2,L,Paraguay,home,True,México,"4,0","0,0",,,,,,,"1,0",,,"3,0","2,0",,"1,0","5,0","0,0",,,,"12,0","1,0","2,0",,,,"0,0",,"2,0",,,,,,,,,,,,"0,0","6,0","0,0"
14994224,home,4-3-3,192442,Raúl Jiménez,R. Jiménez,F,"7,0",True,Mexico,"6,8","90,0",1,0,2,1,0,"19,0","24,0","79,2","3,0","10,0","1,0",0,0,,,2025-11-19 01:30:00,Int. Friendly Games,Mexico,4781,Paraguay,4789,1,2,L,Paraguay,home,True,México,"7,0","30,0",,"2,0","2,0","0,0","1,0","1,0","2,0","1,0",,"16,0","11,0","3,0","1,0","13,0","3,0","1,0",,,"40,0","4,0","4,0",,,,"0,0",,"1,0","2,0",,,,,,,,,"30,0","45,0","1,0","19,0","3,0"
14994224,home,4-3-3,850404,Orbelín Pineda,O. Pineda,M,"13,0",True,Mexico,"7,9","90,0",0,0,0,0,2,"26,0","30,0","86,7","9,0","14,0","1,0",0,0,,,2025-11-19 01:30:00,Int. Friendly Games,Mexico,4781,Paraguay,4789,1,2,L,Paraguay,home,True,México,"5,0","64,3","1,0","2,0","3,0","33,3","4,0","4,0","7,0","7,0","1,0","20,0","17,0","3,0",,"9,0","1,0",,,,"45,0","3,0",,"1,0",,,"0,0",,"2,0","4,0",,,,,,,,,"90,0",,"0,0","26,0","3,0"
14994224,home,4-3-3,889785,Johan Vásquez,J. Vásquez,D,"22,0",False,Mexico,"6,9","30,0",0,0,0,0,0,"35,0","37,0","94,6","4,0","6,0","2,0",0,0,,,2025-11-19 01:30:00,Int. Friendly Games,Mexico,4781,Paraguay,4789,1,2,L,Paraguay,home,True,México,"2,0","66,7","3,0","1,0","4,0","75,0",,,"1,0",,,"17,0","15,0","3,0","3,0","2,0","0,0",,,,"44,0",,,,,,"0,0",,,"1,0",,,,,,,,,,,"0,0","105,0","9,0"
14994224,home,4-3-3,770253,Jesús Gallardo,J. Gallardo,D,"20,0",False,Mexico,"6,6","30,0",0,0,0,1,1,"16,0","19,0","84,2",,"3,0",,0,0,,,2025-11-19 01:30:00,Int. Friendly Games,Mexico,4781,Paraguay,4789,1,2,L,Paraguay,home,True,México,"3,0","0,0",,,,,,,"1,0","1,0",,"8,0","7,0","2,0",,"7,0","1,0",,,,"29,0","1,0","1,0",,,,"0,0",,"1,0",,,,,,,,,,"30,0",,"0,0","48,0","6,0"
14994224,home,4-3-3,865500,Roberto Alvarado,R. Alvarado,F,"25,0",False,Mexico,"6,9","30,0",0,0,0,0,2,"17,0","20,0","85,0",,"3,0",,0,0,,,2025-11-19 01:30:00,Int. Friendly Games,Mexico,4781,Paraguay,4789,1,2,L,Paraguay,home,True,México,"3,0","0,0",,"1,0","1,0","0,0",,,"2,0","1,0","5,0","13,0","10,0","2,0","2,0","10,0","0,0",,"1,0",,"32,0","1,0","2,0",,,,"0,0",,,,,,,,,,,,,,"0,0","51,0","6,0"
14994224,home,4-3-3,929848,Kevin Álvarez,K. Álvarez,D,"5,0",False,Mexico,"6,6","23,0",0,0,0,0,0,"14,0","15,0","93,3","1,0","2,0",,0,0,,,2025-11-19 01:30:00,Int. Friendly Games,Mexico,4781,Paraguay,4789,1,2,L,Paraguay,home,True,México,"1,0","50,0","1,0",,"1,0","100,0",,,,,"4,0","10,0","10,0",,,"4,0","0,0",,,,"20,0",,,,,,"0,0",,,,,,,,,,,,,,"0,0","54,8","0,0"
14994224,home,4-3-3,1595162,Armando González,A. González,F,"34,0",False,Mexico,"6,5","23,0",0,0,0,0,0,"2,0","3,0","66,7",,,,0,0,,,2025-11-19 01:30:00,Int. Friendly Games,Mexico,4781,Paraguay,4789,1,2,L,Paraguay,home,True,México,,,,,,,,,"1,0","1,0",,"3,0","2,0","1,0",,"4,0","0,0",,,,"6,0","3,0",,,,,"0,0",,,,,,,,,,,,,,"0,0","7,8","3,9"
14994224,home,4-3-3,845322,Erick Sánchez,E. Sánchez,M,"28,0",False,Mexico,"6,4","17,0",0,0,0,0,0,"8,0","9,0","88,9",,"1,0",,0,0,,,2025-11-19 01:30:00,Int. Friendly Games,Mexico,4781,Paraguay,4789,1,2,L,Paraguay,home,True,México,"1,0","0,0",,,,,,,,,,"4,0","3,0","1,0","1,0","4,0","1,0",,,,"15,0","2,0","1,0",,,,"0,0",,,,,,,,,,,,"17,0",,"0,0","42,4","5,3"
14994224,home,4-3-3,840519,Carlos Acevedo,C. Acevedo,G,"1,0",False,Mexico,,,0,0,0,0,0,,,,,,,0,0,,,2025-11-19 01:30:00,Int. Friendly Games,Mexico,4781,Paraguay,4789,1,2,L,Paraguay,home,True,México,,,,,,,,,,,,,,,,,"0,0",,,,,,,,,,,,,,,,,,,,,,,,,,
14994224,home,4-3-3,990408,Raúl Rangel,R. Rangel,G,"1,0",False,Mexico,,,0,0,0,0,0,,,,,,,0,0,,,2025-11-19 01:30:00,Int. Friendly Games,Mexico,4781,Paraguay,4789,1,2,L,Paraguay,home,True,México,,,,,,,,,,,,,,,,,"0,0",,,,,,,,,,,,,,,,,,,,,,,,,,
14994224,home,4-3-3,818406,César Montes,C. Montes,D,"23,0",False,Mexico,,,0,0,0,0,0,,,,,,,0,0,,,2025-11-19 01:30:00,Int. Friendly Games,Mexico,4781,Paraguay,4789,1,2,L,Paraguay,home,True,México,,,,,,,,,,,,,,,,,"0,0",,,,,,,,,,,,,,,,,,,,,,,,,,
14994224,home,4-3-3,874535,Diego Lainez,D. Lainez,M,"16,0",False,Mexico,,,0,0,0,0,0,,,,,,,0,0,,,2025-11-19 01:30:00,Int. Friendly Games,Mexico,4781,Paraguay,4789,1,2,L,Paraguay,home,True,México,,,,,,,,,,,,,,,,,"0,0",,,,,,,,,,,,,,,,,,,,,,,,,,
14994224,home,4-3-3,1119345,Obed Vargas,O. Vargas,M,"21,0",False,Mexico,,,0,0,0,0,0,,,,,,,0,0,,,2025-11-19 01:30:00,Int. Friendly Games,Mexico,4781,Paraguay,4789,1,2,L,Paraguay,home,True,México,,,,,,,,,,,,,,,,,"0,0",,,,,,,,,,,,,,,,,,,,,,,,,,
14994224,home,4-3-3,905247,Alexis Gutiérrez,A. Gutiérrez,M,"20,0",False,Mexico,,,0,0,0,0,0,,,,,,,0,0,,,2025-11-19 01:30:00,Int. Friendly Games,Mexico,4781,Paraguay,4789,1,2,L,Paraguay,home,True,México,,,,,,,,,,,,,,,,,"0,0",,,,,,,,,,,,,,,,,,,,,,,,,,
14994224,home,4-3-3,1005192,Fidel Ambríz,F. Ambríz,M,"5,0",False,Mexico,,,0,0,0,0,0,,,,,,,0,0,,,2025-11-19 01:30:00,Int. Friendly Games,Mexico,4781,Paraguay,4789,1,2,L,Paraguay,home,True,México,,,,,,,,,,,,,,,,,"0,0",,,,,,,,,,,,,,,,,,,,,,,,,,
14994224,home,4-3-3,822606,Germán Berterame,G. Berterame,F,"19,0",False,Mexico,,,0,0,0,0,0,,,,,,,0,0,,,2025-11-19 01:30:00,Int. Friendly Games,Mexico,4781,Paraguay,4789,1,2,L,Paraguay,home,True,México,,,,,,,,,,,,,,,,,"0,0",,,,,,,,,,,,,,,,,,,,,,,,,,
14994228,home,4-3-3,990408,Raúl Rangel,R. Rangel,G,"1,0",True,Mexico,"7,3","90,0",0,0,0,0,0,"28,0","33,0","84,8","1,0","1,0",,0,0,,,2025-11-16 01:00:00,Int. Friendly Games,Mexico,4781,Uruguay,4725,0,0,D,Uruguay,home,True,México,,"100,0",,,,,,,"10,0","5,0",,"7,0","3,0","6,0",,"6,0","0,0",,,,"39,0",,,,,,"0,0",,,"1,0",,"2,0",,,,,,,,,"0,0","28,0","6,0"
14994228,home,4-3-3,989236,Israel Reyes,I. Reyes,D,"3,0",True,Mexico,"7,1","90,0",0,0,0,1,1,"29,0","33,0","87,9","3,0","4,0","1,0",0,0,,,2025-11-16 01:00:00,Int. Friendly Games,Mexico,4781,Uruguay,4725,0,0,D,Uruguay,home,True,México,"1,0","75,0","1,0","1,0","2,0","50,0","2,0","1,0","4,0","2,0","1,0","11,0","9,0","6,0",,"5,0","1,0",,,,"49,0",,,,,,"0,0",,,,,,,,,,,,"90,0",,"0,0","29,0","6,0"
14994228,home,4-3-3,818406,César Montes,C. Montes,D,"23,0",True,Mexico,"7,2","90,0",0,0,0,0,0,"43,0","51,0","84,3","5,0","5,0","1,0",0,0,,,2025-11-16 01:00:00,Int. Friendly Games,Mexico,4781,Uruguay,4725,0,0,D,Uruguay,home,True,México,,"100,0","2,0",,"2,0","100,0","3,0","2,0","7,0","2,0",,"11,0","6,0","1,0","5,0","8,0","0,0",,,,"63,0",,,,,,"0,0",,,,,,,,,,,,,,"0,0","43,0","1,0"
14994228,home,4-3-3,889785,Johan Vásquez,J. Vásquez,D,"22,0",True,Mexico,"7,4","90,0",0,0,1,0,0,"60,0","65,0","92,3","7,0","11,0",,0,0,,,2025-11-16 01:00:00,Int. Friendly Games,Mexico,4781,Uruguay,4725,0,0,D,Uruguay,home,True,México,"4,0","63,6","3,0",,"3,0","100,0","3,0","3,0","8,0","6,0",,"15,0","12,0","3,0","2,0","7,0","1,0",,,,"74,0",,"2,0",,,,"0,0",,"1,0","1,0",,,,,,,,,"90,0","90,0","0,0","60,0","3,0"
14994228,home,4-3-3,770253,Jesús Gallardo,J. Gallardo,D,"20,0",True,Mexico,"7,2","90,0",0,0,0,0,1,"29,0","38,0","76,3","8,0","10,0",,0,0,,,2025-11-16 01:00:00,Int. Friendly Games,Mexico,4781,Uruguay,4725,0,0,D,Uruguay,home,True,México,"2,0","80,0","2,0",,"2,0","100,0","6,0","2,0","4,0","2,0","4,0","17,0","11,0","4,0","1,0","13,0","0,0",,,,"61,0","1,0",,,,,"0,0",,"1,0",,,,,,,,,,,,"0,0","29,0","4,0"
14994228,home,4-3-3,845322,Erick Sánchez,E. Sánchez,M,"28,0",True,Mexico,"6,4","65,0",0,0,0,0,0,"14,0","17,0","82,4","2,0","7,0",,0,0,,,2025-11-16 01:00:00,Int. Friendly Games,Mexico,4781,Uruguay,4725,0,0,D,Uruguay,home,True,México,"5,0","28,6",,,,,"1,0","1,0",,,,"9,0","8,0","4,0","1,0","6,0","0,0",,,,"23,0","1,0","1,0","1,0",,,"0,0",,"3,0","1,0",,,,,,,,,,,"0,0","19,4","5,5"
14994228,home,4-3-3,847151,Edson Álvarez,E. Álvarez,M,"11,0",True,Mexico,"6,8","66,0",0,0,0,0,0,"31,0","32,0","96,9","3,0","6,0","1,0",0,0,,,2025-11-16 01:00:00,Int. Friendly Games,Mexico,4781,Uruguay,4725,0,0,D,Uruguay,home,True,México,"3,0","50,0",,,,,"3,0","3,0","1,0","1,0",,"7,0","6,0","5,0","1,0","1,0","0,0",,,,"38,0",,,,,,"0,0",,"3,0",,,,,,,,,,,,"0,0","42,3","6,8"
14994228,home,4-3-3,942167,Marcel Ruíz,M. Ruíz,M,"14,0",True,Mexico,"7,1","65,0",0,0,0,1,1,"32,0","35,0","91,4","9,0","14,0",,0,0,,,2025-11-16 01:00:00,Int. Friendly Games,Mexico,4781,Uruguay,4725,0,0,D,Uruguay,home,True,México,"5,0","64,3",,"2,0","2,0","0,0","3,0",,"2,0","1,0",,"16,0","13,0","2,0",,"6,0","1,0",,,,"49,0","1,0","2,0",,,,"0,0",,"1,0","6,0",,,,,,,,,"65,0",,"0,0","44,3","2,8"
14994228,home,4-3-3,865500,Roberto Alvarado,R. Alvarado,F,"25,0",True,Mexico,"6,7","79,0",0,0,1,0,1,"20,0","26,0","76,9",,"3,0",,0,0,,,2025-11-16 01:00:00,Int. Friendly Games,Mexico,4781,Uruguay,4725,0,0,D,Uruguay,home,True,México,"3,0","0,0",,,,,,,,,"4,0","14,0","11,0","1,0",,"15,0","1,0",,,,"41,0","4,0","2,0",,,,"0,0",,"1,0",,,,,,,,,,"79,0","79,0","0,0","22,8","1,1"
14994228,home,4-3-3,192442,Raúl Jiménez,R. Jiménez,F,"7,0",True,Mexico,"6,5","79,0",0,0,1,1,1,"10,0","16,0","62,5","2,0","11,0",,0,0,,,2025-11-16 01:00:00,Int. Friendly Games,Mexico,4781,Uruguay,4725,0,0,D,Uruguay,home,True,México,"9,0","18,2","1,0","2,0","3,0","33,3",,,"1,0",,,"12,0","6,0","2,0",,"12,0","3,0",,,,"28,0","2,0",,"4,0",,,"0,0",,"3,0","1,0","1,0",,,,,,,,"26,3","79,0","0,0","11,4","2,3"
14994228,home,4-3-3,385320,Hirving Lozano,H. Lozano,F,"11,0",True,Mexico,"6,8","44,0",0,0,0,1,0,"9,0","10,0","90,0","3,0","8,0",,0,0,,,2025-11-16 01:00:00,Int. Friendly Games,Mexico,4781,Uruguay,4725,0,0,D,Uruguay,home,True,México,"5,0","37,5",,,,,,,"1,0","1,0","2,0","6,0","5,0","5,0",,"6,0","1,0",,,,"22,0","3,0",,,,,"0,0",,"3,0","3,0",,,,,,,,,"44,0",,"0,0","18,4","10,2"
14994228,home,4-3-3,1914576,Gilberto Mora,G. Mora,M,"19,0",False,Mexico,"6,7","46,0",0,0,0,1,2,"21,0","22,0","95,5","3,0","4,0",,0,0,,,2025-11-16 01:00:00,Int. Friendly Games,Mexico,4781,Uruguay,4725,0,0,D,Uruguay,home,True,México,"1,0","75,0",,,,,,,,,"1,0","12,0","11,0","1,0",,"3,0","2,0","1,0",,,"31,0",,,"2,0","1,0",,"0,0",,,"2,0",,,,,,,,,"23,0",,"0,0","41,1","2,0"
14994228,home,4-3-3,850404,Orbelín Pineda,O. Pineda,M,"13,0",False,Mexico,"6,6","25,0",0,0,0,0,0,"9,0","11,0","81,8","3,0","4,0",,0,0,,,2025-11-16 01:00:00,Int. Friendly Games,Mexico,4781,Uruguay,4725,0,0,D,Uruguay,home,True,México,"1,0","75,0",,,,,"1,0",,,,,"8,0","6,0","1,0",,"5,0","0,0",,,,"20,0","3,0",,,,,"0,0",,,"2,0",,,,,,,,,,,"0,0","32,4","3,6"
14994228,home,4-3-3,1119345,Obed Vargas,O. Vargas,M,"21,0",False,Mexico,"6,6","25,0",0,0,0,0,0,"7,0","8,0","87,5","2,0","2,0",,0,0,,,2025-11-16 01:00:00,Int. Friendly Games,Mexico,4781,Uruguay,4725,0,0,D,Uruguay,home,True,México,,"100,0",,,,,,,,,,"3,0","2,0","1,0",,"1,0","0,0",,,,"11,0",,,,,,"0,0",,,"2,0",,,,,,,,,,,"0,0","25,2","3,6"
14994228,home,4-3-3,944068,Erik Lira,E. Lira,D,"6,0",False,Mexico,"6,5","24,0",0,0,0,0,0,"15,0","16,0","93,8","1,0","3,0",,0,0,,,2025-11-16 01:00:00,Int. Friendly Games,Mexico,4781,Uruguay,4725,0,0,D,Uruguay,home,True,México,"2,0","33,3",,,,,"1,0",,,,,"6,0","5,0","2,0","1,0","2,0","0,0",,,,"20,0",,"1,0",,,,"0,0",,"1,0",,,,,,,,,,,,"0,0","56,2","7,5"
14994228,home,4-3-3,874535,Diego Lainez,D. Lainez,M,"16,0",False,Mexico,"6,5","11,0",0,0,0,0,0,"3,0","4,0","75,0",,"1,0",,0,0,,,2025-11-16 01:00:00,Int. Friendly Games,Mexico,4781,Uruguay,4725,0,0,D,Uruguay,home,True,México,"1,0","0,0",,,,,,,"1,0","1,0",,"3,0","2,0",,,"2,0","0,0",,,,"5,0",,,,,,"0,0",,"1,0",,,,,,,,,,,,"0,0","24,5","0,0"
14994228,home,4-3-3,822606,Germán Berterame,G. Berterame,F,"19,0",False,Mexico,"6,6","11,0",0,0,0,0,1,"3,0","3,0","100,0",,"1,0",,0,0,,,2025-11-16 01:00:00,Int. Friendly Games,Mexico,4781,Uruguay,4725,0,0,D,Uruguay,home,True,México,"1,0","0,0",,,,,,,,,"1,0","2,0","2,0",,,"3,0","0,0",,,,"7,0","2,0",,,,,"0,0",,"1,0",,"1,0",,,,,,,,,,"0,0","24,5","0,0"
14994228,home,4-3-3,830240,Luis Malagón,L. Malagón,G,"1,0",False,Mexico,,,0,0,0,0,0,,,,,,,0,0,,,2025-11-16 01:00:00,Int. Friendly Games,Mexico,4781,Uruguay,4725,0,0,D,Uruguay,home,True,México,,,,,,,,,,,,,,,,,"0,0",,,,,,,,,,,,,,,,,,,,,,,,,,
14994228,home,4-3-3,840519,Carlos Acevedo,C. Acevedo,G,"1,0",False,Mexico,,,0,0,0,0,0,,,,,,,0,0,,,2025-11-16 01:00:00,Int. Friendly Games,Mexico,4781,Uruguay,4725,0,0,D,Uruguay,home,True,México,,,,,,,,,,,,,,,,,"0,0",,,,,,,,,,,,,,,,,,,,,,,,,,
14994228,home,4-3-3,1088274,Jesús Orozco,J. Orozco,D,"5,0",False,Mexico,,,0,0,0,0,0,,,,,,,0,0,,,2025-11-16 01:00:00,Int. Friendly Games,Mexico,4781,Uruguay,4725,0,0,D,Uruguay,home,True,México,,,,,,,,,,,,,,,,,"0,0",,,,,,,,,,,,,,,,,,,,,,,,,,
14994228,home,4-3-3,1638685,Mateo Chávez,M. Chávez,D,"15,0",False,Mexico,,,0,0,0,0,0,,,,,,,0,0,,,2025-11-16 01:00:00,Int. Friendly Games,Mexico,4781,Uruguay,4725,0,0,D,Uruguay,home,True,México,,,,,,,,,,,,,,,,,"0,0",,,,,,,,,,,,,,,,,,,,,,,,,,
14994228,home,4-3-3,929848,Kevin Álvarez,K. Álvarez,D,"5,0",False,Mexico,,,0,0,0,0,0,,,,,,,0,0,,,2025-11-16 01:00:00,Int. Friendly Games,Mexico,4781,Uruguay,4725,0,0,D,Uruguay,home,True,México,,,,,,,,,,,,,,,,,"0,0",,,,,,,,,,,,,,,,,,,,,,,,,,
14994228,home,4-3-3,1005192,Fidel Ambríz,F. Ambríz,M,"5,0",False,Mexico,,,0,0,0,0,0,,,,,,,0,0,,,2025-11-16 01:00:00,Int. Friendly Games,Mexico,4781,Uruguay,4725,0,0,D,Uruguay,home,True,México,,,,,,,,,,,,,,,,,"0,0",,,,,,,,,,,,,,,,,,,,,,,,,,
14994228,home,4-3-3,1153541,Jorge Ruvalcaba,J. Ruvalcaba,M,"11,0",False,Mexico,,,0,0,0,0,0,,,,,,,0,0,,,2025-11-16 01:00:00,Int. Friendly Games,Mexico,4781,Uruguay,4725,0,0,D,Uruguay,home,True,México,,,,,,,,,,,,,,,,,"0,0",,,,,,,,,,,,,,,,,,,,,,,,,,
14994228,home,4-3-3,905247,Alexis Gutiérrez,A. Gutiérrez,M,"20,0",False,Mexico,,,0,0,0,0,0,,,,,,,0,0,,,2025-11-16 01:00:00,Int. Friendly Games,Mexico,4781,Uruguay,4725,0,0,D,Uruguay,home,True,México,,,,,,,,,,,,,,,,,"0,0",,,,,,,,,,,,,,,,,,,,,,,,,,
14994228,home,4-3-3,1595162,Armando González,A. González,F,"34,0",False,Mexico,,,0,0,0,0,0,,,,,,,0,0,,,2025-11-16 01:00:00,Int. Friendly Games,Mexico,4781,Uruguay,4725,0,0,D,Uruguay,home,True,México,,,,,,,,,,,,,,,,,"0,0",,,,,,,,,,,,,,,,,,,,,,,,,,
